ISO-10303-21;
HEADER;
FILE_DESCRIPTION(('ViewDefinition[DesignTransferView]'),'2;1');
FILE_NAME('s03-activity.ifc','2026-10-02T23:43:12+08:00',(''),(''),'IfcOpenShell 0.8.5-post1','Bonsai 0.8.5-post1','Nobody');
FILE_SCHEMA(('IFC4'));
ENDSEC;
DATA;
#1=IFCPROJECT('0VUIaU7GPByx5QNLT1F_xv',$,'My Project',$,$,$,$,(#10,#22),#5);
#2=IFCSIUNIT(*,.LENGTHUNIT.,$,.METRE.);
#3=IFCSIUNIT(*,.AREAUNIT.,$,.SQUARE_METRE.);
#4=IFCSIUNIT(*,.VOLUMEUNIT.,$,.CUBIC_METRE.);
#5=IFCUNITASSIGNMENT((#3,#4,#2));
#6=IFCCARTESIANPOINT((0.,0.,0.));
#7=IFCDIRECTION((0.,0.,1.));
#8=IFCDIRECTION((1.,0.,0.));
#9=IFCAXIS2PLACEMENT3D(#6,#7,#8);
#10=IFCGEOMETRICREPRESENTATIONCONTEXT($,'Model',3,1.0000000000000001E-05,#9,$);
#11=IFCGEOMETRICREPRESENTATIONSUBCONTEXT('Body','Model',*,*,*,*,#10,$,.MODEL_VIEW.,$);
#12=IFCGEOMETRICREPRESENTATIONSUBCONTEXT('Axis','Model',*,*,*,*,#10,$,.GRAPH_VIEW.,$);
#13=IFCGEOMETRICREPRESENTATIONSUBCONTEXT('Box','Model',*,*,*,*,#10,$,.MODEL_VIEW.,$);
#14=IFCGEOMETRICREPRESENTATIONSUBCONTEXT('Annotation','Model',*,*,*,*,#10,$,.SECTION_VIEW.,$);
#15=IFCGEOMETRICREPRESENTATIONSUBCONTEXT('Annotation','Model',*,*,*,*,#10,$,.ELEVATION_VIEW.,$);
#16=IFCGEOMETRICREPRESENTATIONSUBCONTEXT('Annotation','Model',*,*,*,*,#10,$,.MODEL_VIEW.,$);
#17=IFCGEOMETRICREPRESENTATIONSUBCONTEXT('Annotation','Model',*,*,*,*,#10,$,.PLAN_VIEW.,$);
#18=IFCGEOMETRICREPRESENTATIONSUBCONTEXT('Profile','Model',*,*,*,*,#10,$,.ELEVATION_VIEW.,$);
#19=IFCCARTESIANPOINT((0.,0.));
#20=IFCDIRECTION((1.,0.));
#21=IFCAXIS2PLACEMENT2D(#19,#20);
#22=IFCGEOMETRICREPRESENTATIONCONTEXT($,'Plan',2,1.0000000000000001E-05,#21,$);
#23=IFCGEOMETRICREPRESENTATIONSUBCONTEXT('Axis','Plan',*,*,*,*,#22,$,.GRAPH_VIEW.,$);
#24=IFCGEOMETRICREPRESENTATIONSUBCONTEXT('Body','Plan',*,*,*,*,#22,$,.PLAN_VIEW.,$);
#25=IFCGEOMETRICREPRESENTATIONSUBCONTEXT('Annotation','Plan',*,*,*,*,#22,$,.PLAN_VIEW.,$);
#26=IFCGEOMETRICREPRESENTATIONSUBCONTEXT('Annotation','Plan',*,*,*,*,#22,$,.REFLECTED_PLAN_VIEW.,$);
#27=IFCSITE('02evL5Y_53Mx_QfpiGql7P',$,'My Site',$,$,#50,$,$,$,$,$,$,$,$);
#33=IFCBUILDING('1ukvSGPhn7qOs8kClG_zyB',$,'My Building',$,$,#56,$,$,$,$,$,$);
#39=IFCBUILDINGSTOREY('2A4upabTH2juSnQOEBWRjx',$,'2F',$,$,#7905,$,$,$,$);
#45=IFCRELAGGREGATES('0sunBrdkL9ygSx3RikmL0w',$,$,$,#1,(#27));
#46=IFCCARTESIANPOINT((0.,0.,0.));
#47=IFCDIRECTION((0.,0.,1.));
#48=IFCDIRECTION((1.,0.,0.));
#49=IFCAXIS2PLACEMENT3D(#46,#47,#48);
#50=IFCLOCALPLACEMENT($,#49);
#51=IFCRELAGGREGATES('2ThtJdKQj4gh70HCykMq0S',$,$,$,#27,(#33));
#52=IFCCARTESIANPOINT((0.,0.,0.));
#53=IFCDIRECTION((0.,0.,1.));
#54=IFCDIRECTION((1.,0.,0.));
#55=IFCAXIS2PLACEMENT3D(#52,#53,#54);
#56=IFCLOCALPLACEMENT(#50,#55);
#57=IFCRELAGGREGATES('3MEESTW_1FaQSMH_xkZQjl',$,$,$,#33,(#63,#17530,#39));
#63=IFCBUILDINGSTOREY('21GeWZgsP6KO7D$ZZMc3vI',$,'GF',$,$,#79,$,$,$,$);
#75=IFCCARTESIANPOINT((0.,0.,0.));
#76=IFCDIRECTION((0.,0.,1.));
#77=IFCDIRECTION((1.,0.,0.));
#78=IFCAXIS2PLACEMENT3D(#75,#76,#77);
#79=IFCLOCALPLACEMENT(#56,#78);
#80=IFCWALLTYPE('20xpDS0Y9BIQRUSUjijY32',$,'WALL-GF',$,$,(#85),$,$,$,.SOLIDWALL.);
#81=IFCMATERIAL('Unknown',$,$);
#82=IFCMATERIALLAYERSET((#84),$,$);
#83=IFCRELASSOCIATESMATERIAL('2nGvNlQnT7o9l080gX4p$k',$,$,$,(#80),#82);
#84=IFCMATERIALLAYER(#81,0.10000000000000001,$,$,$,$,$);
#85=IFCPROPERTYSET('3B8WahO6zFcuK6f7jh4VJk',$,'EPset_Parametric',$,(#86));
#86=IFCPROPERTYSINGLEVALUE('LayerSetDirection',$,IFCLABEL('AXIS2'),$);
#1883=IFCWALL('1KCIGHdqv08Qpzn86_I0Sf',$,'Wall',$,$,#2608,#1891,$,$);
#1884=IFCRELCONTAINEDINSPATIALSTRUCTURE('1$HtsW0Y1A0gkIfyndJc21',$,$,$,(#4668,#2113,#1961,#7726,#2075,#1923,#1999,#2822,#6577,#2189,#2649,#6197,#5068,#5483,#5849,#3436,#2396,#2847,#1883,#2421,#2037,#7470),#63);
#1885=IFCRELDEFINESBYTYPE('1K9Iya8LL299TR0soGXTGi',$,$,$,(#2189,#2649,#2075,#2396,#1999,#1961,#1923,#1883,#2037,#2113,#2822,#2847,#2421),#80);
#1886=IFCMATERIALLAYERSETUSAGE(#82,.AXIS2.,.POSITIVE.,0.,$);
#1887=IFCRELASSOCIATESMATERIAL('1JTjyGAvn0pBUDiz$AGWgK',$,$,$,(#1883),#1886);
#1891=IFCPRODUCTDEFINITIONSHAPE($,$,(#9868,#9865));
#1907=IFCPROPERTYSET('0HxO7BfZzCshCNM9WNW1Ro',$,'EPset_Parametric',$,(#1909));
#1908=IFCRELDEFINESBYPROPERTIES('1nBkH4r3zBOe6ABitUhtb5',$,$,$,(#1883),#1907);
#1909=IFCPROPERTYSINGLEVALUE('Engine',$,IFCLABEL('Bonsai.DumbLayer2'),$);
#1923=IFCWALL('0HduRmalT218FYcmxVFtNr',$,'Wall',$,$,#3352,#1929,$,$);
#1924=IFCMATERIALLAYERSETUSAGE(#82,.AXIS2.,.POSITIVE.,0.,$);
#1925=IFCRELASSOCIATESMATERIAL('3QuVAEWcj0YAEGgZ8wu6a1',$,$,$,(#1923),#1924);
#1929=IFCPRODUCTDEFINITIONSHAPE($,$,(#9582,#9579));
#1945=IFCPROPERTYSET('037nRcThPA6P9rT_n6jvE6',$,'EPset_Parametric',$,(#1947));
#1946=IFCRELDEFINESBYPROPERTIES('0THOAunpzF79HHbt$IMuf8',$,$,$,(#1923),#1945);
#1947=IFCPROPERTYSINGLEVALUE('Engine',$,IFCLABEL('Bonsai.DumbLayer2'),$);
#1961=IFCWALL('0K7ZBC3L907wWgcq0VLolH',$,'Wall',$,$,#3384,#1967,$,$);
#1962=IFCMATERIALLAYERSETUSAGE(#82,.AXIS2.,.POSITIVE.,0.,$);
#1963=IFCRELASSOCIATESMATERIAL('1xJubW9wz269bHmsTMeluA',$,$,$,(#1961),#1962);
#1967=IFCPRODUCTDEFINITIONSHAPE($,$,(#9855,#9852));
#1983=IFCPROPERTYSET('39b32_vl58eBJBM$lvpjj9',$,'EPset_Parametric',$,(#1985));
#1984=IFCRELDEFINESBYPROPERTIES('0A0jEQszP2mO1Huwb1iiG7',$,$,$,(#1961),#1983);
#1985=IFCPROPERTYSINGLEVALUE('Engine',$,IFCLABEL('Bonsai.DumbLayer2'),$);
#1999=IFCWALL('0y8MaoGwbA$g$dF1gxMa6t',$,'Wall',$,$,#3416,#2005,$,$);
#2000=IFCMATERIALLAYERSETUSAGE(#82,.AXIS2.,.POSITIVE.,0.,$);
#2001=IFCRELASSOCIATESMATERIAL('2eatvESEXFJwFNodoYbDQe',$,$,$,(#1999),#2000);
#2005=IFCPRODUCTDEFINITIONSHAPE($,$,(#9595,#9592));
#2021=IFCPROPERTYSET('0B_7W7tfHE8RNSsUhJs7bl',$,'EPset_Parametric',$,(#2023));
#2022=IFCRELDEFINESBYPROPERTIES('1hdMtEh3LATgZ2aP1UXhDP',$,$,$,(#1999),#2021);
#2023=IFCPROPERTYSINGLEVALUE('Engine',$,IFCLABEL('Bonsai.DumbLayer2'),$);
#2037=IFCWALL('041blTuN53HQGdEIvcnw_V',$,'Wall',$,$,#3197,#2043,$,$);
#2038=IFCMATERIALLAYERSETUSAGE(#82,.AXIS2.,.POSITIVE.,0.,$);
#2039=IFCRELASSOCIATESMATERIAL('0VNBAcUbD2gfTpd37yJrFg',$,$,$,(#2037),#2038);
#2043=IFCPRODUCTDEFINITIONSHAPE($,$,(#9738,#9735));
#2059=IFCPROPERTYSET('1oQ3hRfeH9ehfxNZKzsQDw',$,'EPset_Parametric',$,(#2061));
#2060=IFCRELDEFINESBYPROPERTIES('0J12u3ndnDrgdGiFzsJmFQ',$,$,$,(#2037),#2059);
#2061=IFCPROPERTYSINGLEVALUE('Engine',$,IFCLABEL('Bonsai.DumbLayer2'),$);
#2075=IFCWALL('1tWJHWMkv0DuRi_BLCXrhn',$,'Wall',$,$,#3242,#2081,$,$);
#2076=IFCMATERIALLAYERSETUSAGE(#82,.AXIS2.,.POSITIVE.,0.,$);
#2077=IFCRELASSOCIATESMATERIAL('1tzpD0l7T7rfgsSlzG3zK$',$,$,$,(#2075),#2076);
#2081=IFCPRODUCTDEFINITIONSHAPE($,$,(#9777,#9774));
#2097=IFCPROPERTYSET('3d0oRHzFHAbghEU2mprYPI',$,'EPset_Parametric',$,(#2099));
#2098=IFCRELDEFINESBYPROPERTIES('1iThZSupT4yxRJ$o4Qcj_Y',$,$,$,(#2075),#2097);
#2099=IFCPROPERTYSINGLEVALUE('Engine',$,IFCLABEL('Bonsai.DumbLayer2'),$);
#2113=IFCWALL('2qJxYBa8z3WgI9eatullXU',$,'Wall',$,$,#3293,#2119,$,$);
#2114=IFCMATERIALLAYERSETUSAGE(#82,.AXIS2.,.POSITIVE.,0.,$);
#2115=IFCRELASSOCIATESMATERIAL('30Xwc5huz6sRT7tKXIdffN',$,$,$,(#2113),#2114);
#2119=IFCPRODUCTDEFINITIONSHAPE($,$,(#9634,#9631));
#2135=IFCPROPERTYSET('13JrlWqCr5kRyXLkEIgYlW',$,'EPset_Parametric',$,(#2137));
#2136=IFCRELDEFINESBYPROPERTIES('3CeCnPKiH4cf1yn3pzHeio',$,$,$,(#2113),#2135);
#2137=IFCPROPERTYSINGLEVALUE('Engine',$,IFCLABEL('Bonsai.DumbLayer2'),$);
#2189=IFCWALL('0tIw0t8r984xcEekFPZM2z',$,'Wall',$,$,#2200,#2195,$,$);
#2190=IFCMATERIALLAYERSETUSAGE(#82,.AXIS2.,.POSITIVE.,0.,$);
#2191=IFCRELASSOCIATESMATERIAL('0KM5wY2erCix1ghnYMLjEv',$,$,$,(#2189),#2190);
#2195=IFCPRODUCTDEFINITIONSHAPE($,$,(#9608,#9605));
#2196=IFCCARTESIANPOINT((0.2189486026763916,-0.00073564052581787109,0.));
#2197=IFCDIRECTION((0.,0.,1.));
#2198=IFCDIRECTION((7.5497901264043109E-08,-0.99999999999999711,0.));
#2199=IFCAXIS2PLACEMENT3D(#2196,#2197,#2198);
#2200=IFCLOCALPLACEMENT(#79,#2199);
#2211=IFCPROPERTYSET('1IOS9wwPT4w8dR$YPGbTOP',$,'EPset_Parametric',$,(#2213));
#2212=IFCRELDEFINESBYPROPERTIES('3DygOmPprCDP0n4O7o3bad',$,$,$,(#2189),#2211);
#2213=IFCPROPERTYSINGLEVALUE('Engine',$,IFCLABEL('Bonsai.DumbLayer2'),$);
#2396=IFCWALL('1vnLsKQ41AyR1FcHi1Lprw',$,'Wall',$,$,#2407,#2402,$,$);
#2397=IFCMATERIALLAYERSETUSAGE(#82,.AXIS2.,.POSITIVE.,0.,$);
#2398=IFCRELASSOCIATESMATERIAL('3yXzeuMRH87Ay92HO_vTOV',$,$,$,(#2396),#2397);
#2402=IFCPRODUCTDEFINITIONSHAPE($,$,(#9764,#9761));
#2403=IFCCARTESIANPOINT((0.31894859671592712,-0.00073562102625146508,0.));
#2404=IFCDIRECTION((0.,0.,1.));
#2405=IFCDIRECTION((7.5497901264043109E-08,0.99999999999999711,0.));
#2406=IFCAXIS2PLACEMENT3D(#2403,#2404,#2405);
#2407=IFCLOCALPLACEMENT(#79,#2406);
#2418=IFCPROPERTYSET('2$sh50Dy9DA82TZY1kJ6JD',$,'EPset_Parametric',$,(#2420));
#2419=IFCRELDEFINESBYPROPERTIES('085j366_bA0h730qUmaolf',$,$,$,(#2396),#2418);
#2420=IFCPROPERTYSINGLEVALUE('Engine',$,IFCLABEL('Bonsai.DumbLayer2'),$);
#2421=IFCWALL('2UJTrnD8bCcw0xi5OgGl00',$,'Wall',$,$,#2432,#2427,$,$);
#2422=IFCMATERIALLAYERSETUSAGE(#82,.AXIS2.,.POSITIVE.,0.,$);
#2423=IFCRELASSOCIATESMATERIAL('1JoD4tf4z5UevWcmfTBgC4',$,$,$,(#2421),#2422);
#2427=IFCPRODUCTDEFINITIONSHAPE($,$,(#9816,#9813));
#2428=IFCCARTESIANPOINT((0.31894880533218384,2.6492645740509033,0.));
#2429=IFCDIRECTION((0.,0.,1.));
#2430=IFCDIRECTION((-0.99999999999998868,-1.5099580252808492E-07,0.));
#2431=IFCAXIS2PLACEMENT3D(#2428,#2429,#2430);
#2432=IFCLOCALPLACEMENT(#79,#2431);
#2443=IFCPROPERTYSET('3uTEotMM56AvybUcoCE3Kg',$,'EPset_Parametric',$,(#2445));
#2444=IFCRELDEFINESBYPROPERTIES('1ptCro2vDEweCUSvskc_Ae',$,$,$,(#2421),#2443);
#2445=IFCPROPERTYSINGLEVALUE('Engine',$,IFCLABEL('Bonsai.DumbLayer2'),$);
#2472=IFCRELCONNECTSPATHELEMENTS('06Z4g$_2r0nPqtwzCbOm7Y',$,$,$,$,#2421,#2396,(),(),.ATEND.,.ATSTART.);
#2563=IFCRELCONNECTSPATHELEMENTS('2wo8P1kLT6A98RBkGCUFj0',$,$,$,$,#2421,#2075,(),(),.ATPATH.,.ATEND.);
#2604=IFCCARTESIANPOINT((0.21894880042476894,-2.6199922561645508,0.));
#2605=IFCDIRECTION((0.,0.,1.));
#2606=IFCDIRECTION((1.,0.,0.));
#2607=IFCAXIS2PLACEMENT3D(#2604,#2605,#2606);
#2608=IFCLOCALPLACEMENT(#79,#2607);
#2649=IFCWALL('1P_I1kiX58He5oQGG5HALU',$,'Wall',$,$,#3013,#2655,$,$);
#2650=IFCMATERIALLAYERSETUSAGE(#82,.AXIS2.,.POSITIVE.,0.,$);
#2651=IFCRELASSOCIATESMATERIAL('1TOYvRZjzESwwFfjB0R2Lq',$,$,$,(#2649),#2650);
#2655=IFCPRODUCTDEFINITIONSHAPE($,$,(#9621,#9618));
#2671=IFCPROPERTYSET('1uuMOlLQr5wgCzlaeEHZI2',$,'EPset_Parametric',$,(#2673));
#2672=IFCRELDEFINESBYPROPERTIES('1fzH_CFbD4ZOQ5c43oiwkB',$,$,$,(#2649),#2671);
#2673=IFCPROPERTYSINGLEVALUE('Engine',$,IFCLABEL('Bonsai.DumbLayer2'),$);
#2692=IFCRELCONNECTSPATHELEMENTS('3HcfoKNTH7YvhUIpaHx16c',$,$,$,$,#2649,#2037,(),(),.ATPATH.,.ATEND.);
#2822=IFCWALL('1yFpiQEpLAvvYOl0ENWe1D',$,'Wall',$,$,#3074,#2828,$,$);
#2823=IFCMATERIALLAYERSETUSAGE(#82,.AXIS2.,.POSITIVE.,0.,$);
#2824=IFCRELASSOCIATESMATERIAL('1UE2Bj1jL1oA3AkKyJ5gGf',$,$,$,(#2822),#2823);
#2828=IFCPRODUCTDEFINITIONSHAPE($,$,(#9673,#9670));
#2844=IFCPROPERTYSET('0evUePIQD59BvnpzZRcJBW',$,'EPset_Parametric',$,(#2846));
#2845=IFCRELDEFINESBYPROPERTIES('1_eqLk0zb4j8xE71eWGNuu',$,$,$,(#2822),#2844);
#2846=IFCPROPERTYSINGLEVALUE('Engine',$,IFCLABEL('Bonsai.DumbLayer2'),$);
#2847=IFCWALL('0MyUqoi8TAXwezgcwFZVy0',$,'Wall',$,$,#3165,#2853,$,$);
#2848=IFCMATERIALLAYERSETUSAGE(#82,.AXIS2.,.POSITIVE.,0.,$);
#2849=IFCRELASSOCIATESMATERIAL('20TLj$zNjDKeLzIua4dHbp',$,$,$,(#2847),#2848);
#2853=IFCPRODUCTDEFINITIONSHAPE($,$,(#9842,#9839));
#2869=IFCPROPERTYSET('3Nt_nV9497wecr3kBudu$K',$,'EPset_Parametric',$,(#2871));
#2870=IFCRELDEFINESBYPROPERTIES('2cz46yyTDCt8RdxNJhvdLT',$,$,$,(#2847),#2869);
#2871=IFCPROPERTYSINGLEVALUE('Engine',$,IFCLABEL('Bonsai.DumbLayer2'),$);
#3009=IFCCARTESIANPOINT((-1.1819461584091187,2.6492645740509033,0.));
#3010=IFCDIRECTION((0.,0.,1.));
#3011=IFCDIRECTION((3.1391647326016301E-07,0.99999999999995071,0.));
#3012=IFCAXIS2PLACEMENT3D(#3009,#3010,#3011);
#3013=IFCLOCALPLACEMENT(#79,#3012);
#3019=IFCRELCONNECTSPATHELEMENTS('10kHO5ElXCgg_DzaWivB7M',$,$,$,$,#2847,#2649,(),(),.ATPATH.,.ATEND.);
#3056=IFCRELCONNECTSPATHELEMENTS('0aNYXmVmX7E8Q77N8Cvgd4',$,$,$,$,#2822,#2037,(),(),.ATPATH.,.ATSTART.);
#3070=IFCCARTESIANPOINT((0.77080643290338657,5.0492639627423728,0.));
#3071=IFCDIRECTION((0.,0.,1.));
#3072=IFCDIRECTION((1.9470718370939353E-07,-0.99999999999998113,0.));
#3073=IFCAXIS2PLACEMENT3D(#3070,#3071,#3072);
#3074=IFCLOCALPLACEMENT(#79,#3073);
#3147=IFCRELCONNECTSPATHELEMENTS('1NpLxhYOHAT8UF$ZoNsRz_',$,$,$,$,#2847,#2822,(),(),.ATEND.,.ATSTART.);
#3161=IFCCARTESIANPOINT((0.77080672188403032,3.5650832653044988,0.));
#3162=IFCDIRECTION((0.,0.,1.));
#3163=IFCDIRECTION((-0.99999999999992428,3.8941436741876494E-07,0.));
#3164=IFCAXIS2PLACEMENT3D(#3161,#3162,#3163);
#3165=IFCLOCALPLACEMENT(#79,#3164);
#3179=IFCRELCONNECTSPATHELEMENTS('0HH_Cu_aP7EvlPY2T7eUaf',$,$,$,$,#2037,#1999,(),(),.ATEND.,.ATSTART.);
#3193=IFCCARTESIANPOINT((0.76894746633189559,5.049263962904889,0.));
#3194=IFCDIRECTION((0.,0.,1.));
#3195=IFCDIRECTION((-0.99999999999999623,8.7422776573475527E-08,0.));
#3196=IFCAXIS2PLACEMENT3D(#3193,#3194,#3195);
#3197=IFCLOCALPLACEMENT(#79,#3196);
#3211=IFCRELCONNECTSPATHELEMENTS('0IT8SCsEnDYu9fe_WL_u8Y',$,$,$,$,#2037,#2075,(),(),.ATSTART.,.ATEND.);
#3238=IFCCARTESIANPOINT((-2.7810525969662749,5.0492642732557522,0.));
#3239=IFCDIRECTION((0.,0.,1.));
#3240=IFCDIRECTION((7.5497901264043123E-08,-0.99999999999999722,0.));
#3241=IFCAXIS2PLACEMENT3D(#3238,#3239,#3240);
#3242=IFCLOCALPLACEMENT(#79,#3241);
#3275=IFCRELCONNECTSPATHELEMENTS('2j_dwYDe53Sh6soddEKtQE',$,$,$,$,#2113,#2075,(),(),.ATEND.,.ATSTART.);
#3289=IFCCARTESIANPOINT((-2.7810522081520896,-0.10073564201593399,0.));
#3290=IFCDIRECTION((0.,0.,1.));
#3291=IFCDIRECTION((1.,0.,0.));
#3292=IFCAXIS2PLACEMENT3D(#3289,#3290,#3291);
#3293=IFCLOCALPLACEMENT(#79,#3292);
#3307=IFCRELCONNECTSPATHELEMENTS('0f3PeKUYfElOGdmB2x67R7',$,$,$,$,#2189,#1883,(),(),.ATSTART.,.ATEND.);
#3334=IFCRELCONNECTSPATHELEMENTS('163Rm3EPP5BAHUALhYmSMy',$,$,$,$,#1923,#1883,(),(),.ATEND.,.ATSTART.);
#3348=IFCCARTESIANPOINT((4.228945724623113,-2.6199922561645508,0.));
#3349=IFCDIRECTION((0.,0.,1.));
#3350=IFCDIRECTION((7.5497901264043123E-08,0.99999999999999722,0.));
#3351=IFCAXIS2PLACEMENT3D(#3348,#3349,#3350);
#3352=IFCLOCALPLACEMENT(#79,#3351);
#3366=IFCRELCONNECTSPATHELEMENTS('1YWrNRQez4NvZl9nP2dUwP',$,$,$,$,#1961,#1923,(),(),.ATEND.,.ATSTART.);
#3380=IFCCARTESIANPOINT((4.228946414617722,6.5192632587748855,0.));
#3381=IFCDIRECTION((0.,0.,1.));
#3382=IFCDIRECTION((-0.99999999999999623,8.7422776573475527E-08,0.));
#3383=IFCAXIS2PLACEMENT3D(#3380,#3381,#3382);
#3384=IFCLOCALPLACEMENT(#79,#3383);
#3398=IFCRELCONNECTSPATHELEMENTS('2ATSnQi2DCixBpEs_5q7Zl',$,$,$,$,#1999,#1961,(),(),.ATEND.,.ATSTART.);
#3412=IFCCARTESIANPOINT((0.76894735535001113,6.5192635612576106,0.));
#3413=IFCDIRECTION((0.,0.,1.));
#3414=IFCDIRECTION((7.5497901264043123E-08,-0.99999999999999722,0.));
#3415=IFCAXIS2PLACEMENT3D(#3412,#3413,#3414);
#3416=IFCLOCALPLACEMENT(#79,#3415);
#3430=IFCSLABTYPE('0hzSIQR3D9vOzGZVorwwkN',$,'Slab',$,$,(#3434),$,$,$,.FLOOR.);
#3431=IFCMATERIALLAYERSET((#3433),$,$);
#3432=IFCRELASSOCIATESMATERIAL('3kC2mwR5b5GAfECQlhMNoW',$,$,$,(#3430),#3431);
#3433=IFCMATERIALLAYER(#81,0.10000000000000001,$,$,$,$,$);
#3434=IFCPROPERTYSET('2wGkEau211gP8yErgc8B9S',$,'EPset_Parametric',$,(#3435));
#3435=IFCPROPERTYSINGLEVALUE('LayerSetDirection',$,IFCLABEL('AXIS3'),$);
#3436=IFCSLAB('0be2G6U6548xoHWn3HxGLg',$,'Slab',$,$,#3444,#3451,$,$);
#3437=IFCRELDEFINESBYTYPE('3e8cJkNsL1tgHvRRAcv5eF',$,$,$,(#7906,#9093,#17463,#17585,#3436,#11372,#17547),#3430);
#3438=IFCMATERIALLAYERSETUSAGE(#3431,.AXIS3.,.POSITIVE.,-0.10000000149011612,$);
#3439=IFCRELASSOCIATESMATERIAL('0OSr4GycH60A61jv1BpiVo',$,$,$,(#3436),#3438);
#3440=IFCCARTESIANPOINT((4.2289462089538574,6.5192632675170898,0.));
#3441=IFCDIRECTION((0.,0.,1.));
#3442=IFCDIRECTION((1.,0.,0.));
#3443=IFCAXIS2PLACEMENT3D(#3440,#3441,#3442);
#3444=IFCLOCALPLACEMENT(#79,#3443);
#3445=IFCCARTESIANPOINTLIST2D(((0.,0.),(-3.4599988460540771,4.76837158203125E-07),(-3.459998607635498,-1.4699993133544922),(-7.0099987983703613,-1.469998836517334),(-7.0099983215332031,-6.6199989318847656),(-4.0099973678588867,-6.6199989318847656),(-4.0099973678588867,-9.1392555236816406),(-4.76837158203125E-07,-9.1392555236816406),(0.,0.)));
#3446=IFCINDEXEDPOLYCURVE(#3445,$,$);
#3447=IFCDIRECTION((0.,0.,1.));
#3448=IFCARBITRARYCLOSEDPROFILEDEF(.AREA.,$,#3446);
#3449=IFCEXTRUDEDAREASOLID(#3448,#3458,#3447,0.10000000000000001);
#3450=IFCSHAPEREPRESENTATION(#11,'Body','SweptSolid',(#3449));
#3451=IFCPRODUCTDEFINITIONSHAPE($,$,(#3450));
#3452=IFCPROPERTYSET('2Z8O$64Hb8ngAhQ6RKHncb',$,'EPset_Parametric',$,(#3454));
#3453=IFCRELDEFINESBYPROPERTIES('26f_N$fk5EqQdOdVHRDT8o',$,$,$,(#3436),#3452);
#3454=IFCPROPERTYSINGLEVALUE('Engine',$,IFCLABEL('Bonsai.DumbLayer3'),$);
#3455=IFCCARTESIANPOINT((-0.,-0.,-0.10000000149011612));
#3456=IFCDIRECTION((0.,0.,1.));
#3457=IFCDIRECTION((1.,0.,0.));
#3458=IFCAXIS2PLACEMENT3D(#3455,#3456,#3457);
#3789=IFCDOORTYPE('2skZuNMLr0xA_PQr8avCcR',$,'MAIN- GF',$,$,(#3790),(#3799,#3877,#3896),$,$,.DOOR.,.SINGLE_SWING_LEFT.,$,$);
#3790=IFCPROPERTYSET('2L01zUkm55LwxYSme0CmP7',$,'BBIM_Door',$,(#3791));
#3791=IFCPROPERTYSINGLEVALUE('Data',$,IFCTEXT('{"door_type": "SINGLE_SWING_LEFT", "overall_height": 2.0, "overall_width": 0.8999999761581421, "lining_properties": {"lining_depth": 0.05000000074505806, "lining_thickness": 0.05000000074505806, "lining_offset": 0.0, "lining_to_panel_offset_x": 0.02500000037252903, "lining_to_panel_offset_y": 0.02500000037252903, "transom_thickness": 0.0, "casing_thickness": 0.07500000298023224, "casing_depth": 0.004999999888241291, "threshold_thickness": 0.02500000037252903, "threshold_depth": 0.10000000149011612, "threshold_offset": 0.0}, "panel_properties": {"panel_depth": 0.03500000014901161, "panel_width_ratio": 1.0}}'),$);
#3795=IFCCARTESIANPOINT((0.,0.,0.));
#3796=IFCDIRECTION((1.,0.,0.));
#3797=IFCDIRECTION((0.,0.,1.));
#3798=IFCAXIS2PLACEMENT3D(#3795,#3797,#3796);
#3799=IFCREPRESENTATIONMAP(#3798,#4735);
#3873=IFCCARTESIANPOINT((0.,0.,0.));
#3874=IFCDIRECTION((1.,0.,0.));
#3875=IFCDIRECTION((0.,0.,1.));
#3876=IFCAXIS2PLACEMENT3D(#3873,#3875,#3874);
#3877=IFCREPRESENTATIONMAP(#3876,#4808);
#3892=IFCCARTESIANPOINT((0.,0.,0.));
#3893=IFCDIRECTION((1.,0.,0.));
#3894=IFCDIRECTION((0.,0.,1.));
#3895=IFCAXIS2PLACEMENT3D(#3892,#3894,#3893);
#3896=IFCREPRESENTATIONMAP(#3895,#4826);
#4349=IFCDOOR('18pLgTHkHBI9ZYnYxuKngt',$,'Door',$,$,$,#4358,$,2.,0.89999997615814209,$,$,$);
#4350=IFCRELDEFINESBYTYPE('3wFVWVdtXFv88cxhFcZIka',$,$,$,(#4668,#4349),#3789);
#4351=IFCCARTESIANPOINT((0.,0.,0.));
#4352=IFCDIRECTION((1.,0.,0.));
#4353=IFCDIRECTION((0.,1.,0.));
#4354=IFCDIRECTION((0.,0.,1.));
#4355=IFCCARTESIANTRANSFORMATIONOPERATOR3D(#4352,#4353,#4351,1.,#4354);
#4356=IFCMAPPEDITEM(#3799,#4355);
#4357=IFCSHAPEREPRESENTATION(#18,'Profile','MappedRepresentation',(#4356));
#4358=IFCPRODUCTDEFINITIONSHAPE($,$,(#4357,#4365,#4372));
#4359=IFCCARTESIANPOINT((0.,0.,0.));
#4360=IFCDIRECTION((1.,0.,0.));
#4361=IFCDIRECTION((0.,1.,0.));
#4362=IFCDIRECTION((0.,0.,1.));
#4363=IFCCARTESIANTRANSFORMATIONOPERATOR3D(#4360,#4361,#4359,1.,#4362);
#4364=IFCMAPPEDITEM(#3877,#4363);
#4365=IFCSHAPEREPRESENTATION(#11,'Body','MappedRepresentation',(#4364));
#4366=IFCCARTESIANPOINT((0.,0.,0.));
#4367=IFCDIRECTION((1.,0.,0.));
#4368=IFCDIRECTION((0.,1.,0.));
#4369=IFCDIRECTION((0.,0.,1.));
#4370=IFCCARTESIANTRANSFORMATIONOPERATOR3D(#4367,#4368,#4366,1.,#4369);
#4371=IFCMAPPEDITEM(#3896,#4370);
#4372=IFCSHAPEREPRESENTATION(#24,'Body','MappedRepresentation',(#4371));
#4396=IFCDOORTYPE('1bRyUeKjH0leCDoDAx1m47',$,'LIVING-GF',$,$,(#4397),(#4406,#4484,#4503),$,$,.DOOR.,.SINGLE_SWING_RIGHT.,$,$);
#4397=IFCPROPERTYSET('1zJWgdgrjCn9HElSL72GL6',$,'BBIM_Door',$,(#4398));
#4398=IFCPROPERTYSINGLEVALUE('Data',$,IFCTEXT('{"door_type": "SINGLE_SWING_RIGHT", "overall_height": 2.0, "overall_width": 0.874672532081604, "lining_properties": {"lining_depth": 0.05000000074505806, "lining_thickness": 0.05000000074505806, "lining_offset": 0.0, "lining_to_panel_offset_x": 0.02500000037252903, "lining_to_panel_offset_y": 0.02500000037252903, "transom_thickness": 0.0, "casing_thickness": 0.07500000298023224, "casing_depth": 0.004999999888241291, "threshold_thickness": 0.02500000037252903, "threshold_depth": 0.10000000149011612, "threshold_offset": 0.0}, "panel_properties": {"panel_depth": 0.03500000014901161, "panel_width_ratio": 1.0}}'),$);
#4402=IFCCARTESIANPOINT((0.,0.,0.));
#4403=IFCDIRECTION((1.,0.,0.));
#4404=IFCDIRECTION((0.,0.,1.));
#4405=IFCAXIS2PLACEMENT3D(#4402,#4404,#4403);
#4406=IFCREPRESENTATIONMAP(#4405,#5370);
#4480=IFCCARTESIANPOINT((0.,0.,0.));
#4481=IFCDIRECTION((1.,0.,0.));
#4482=IFCDIRECTION((0.,0.,1.));
#4483=IFCAXIS2PLACEMENT3D(#4480,#4482,#4481);
#4484=IFCREPRESENTATIONMAP(#4483,#5443);
#4499=IFCCARTESIANPOINT((0.,0.,0.));
#4500=IFCDIRECTION((1.,0.,0.));
#4501=IFCDIRECTION((0.,0.,1.));
#4502=IFCAXIS2PLACEMENT3D(#4499,#4501,#4500);
#4503=IFCREPRESENTATIONMAP(#4502,#5457);
#4507=IFCCARTESIANPOINTLIST2D(((0.,0.),(0.,2.),(0.89999997615814209,2.),(0.89999997615814209,0.),(0.87499997578561306,0.),(0.87499997578561306,1.974999999627471),(0.02500000037252903,1.974999999627471),(0.02500000037252903,0.)));
#4508=IFCINDEXEDPOLYCURVE(#4507,(IFCLINEINDEX((1,2,3,4,5,6,7,8,1))),$);
#4509=IFCARBITRARYCLOSEDPROFILEDEF(.AREA.,$,#4508);
#4510=IFCCARTESIANPOINT((0.,0.02500000037252903,0.));
#4511=IFCDIRECTION((0.,-1.,0.));
#4512=IFCDIRECTION((1.,0.,0.));
#4513=IFCAXIS2PLACEMENT3D(#4510,#4511,#4512);
#4514=IFCDIRECTION((0.,0.,-1.));
#4515=IFCEXTRUDEDAREASOLID(#4509,#4513,#4514,0.02500000037252903);
#4516=IFCCARTESIANPOINTLIST2D(((0.,0.),(0.,2.),(0.89999997615814209,2.),(0.89999997615814209,0.),(0.84999997541308403,0.),(0.84999997541308403,1.9499999992549419),(0.05000000074505806,1.9499999992549419),(0.05000000074505806,0.)));
#4517=IFCINDEXEDPOLYCURVE(#4516,(IFCLINEINDEX((1,2,3,4,5,6,7,8,1))),$);
#4518=IFCARBITRARYCLOSEDPROFILEDEF(.AREA.,$,#4517);
#4519=IFCCARTESIANPOINT((0.,0.,0.));
#4520=IFCDIRECTION((0.,-1.,0.));
#4521=IFCDIRECTION((1.,0.,0.));
#4522=IFCAXIS2PLACEMENT3D(#4519,#4520,#4521);
#4523=IFCDIRECTION((0.,0.,-1.));
#4524=IFCEXTRUDEDAREASOLID(#4518,#4522,#4523,0.02500000037252903);
#4525=IFCCARTESIANPOINTLIST2D(((0.,0.),(0.79999997466802597,0.),(0.79999997466802597,0.10000000149011612),(0.,0.10000000149011612)));
#4526=IFCINDEXEDPOLYCURVE(#4525,(IFCLINEINDEX((1,2,3,4,1))),$);
#4527=IFCARBITRARYCLOSEDPROFILEDEF(.AREA.,$,#4526);
#4528=IFCCARTESIANPOINT((0.05000000074505806,0.,0.));
#4529=IFCDIRECTION((0.,0.,1.));
#4530=IFCDIRECTION((1.,0.,0.));
#4531=IFCAXIS2PLACEMENT3D(#4528,#4529,#4530);
#4532=IFCDIRECTION((0.,0.,1.));
#4533=IFCEXTRUDEDAREASOLID(#4527,#4531,#4532,0.02500000037252903);
#4534=IFCCARTESIANPOINTLIST2D(((0.,0.),(0.,2.0250000022351742),(0.94999998062849045,2.0250000022351742),(0.94999998062849045,0.),(0.87499997764825821,0.),(0.87499997764825821,1.9499999992549419),(0.075000002980232239,1.9499999992549419),(0.075000002980232239,0.)));
#4535=IFCINDEXEDPOLYCURVE(#4534,(IFCLINEINDEX((1,2,3,4,5,6,7,8,1))),$);
#4536=IFCARBITRARYCLOSEDPROFILEDEF(.AREA.,$,#4535);
#4537=IFCCARTESIANPOINT((-0.025000002235174179,-0.004999999888241291,0.));
#4538=IFCDIRECTION((0.,-1.,0.));
#4539=IFCDIRECTION((1.,0.,0.));
#4540=IFCAXIS2PLACEMENT3D(#4537,#4538,#4539);
#4541=IFCDIRECTION((0.,0.,-1.));
#4542=IFCEXTRUDEDAREASOLID(#4536,#4540,#4541,0.004999999888241291);
#4543=IFCCARTESIANPOINTLIST2D(((0.,0.),(0.,2.0250000022351742),(0.94999998062849045,2.0250000022351742),(0.94999998062849045,0.),(0.89999997802078724,0.),(0.89999997802078724,1.974999999627471),(0.050000002607703209,1.974999999627471),(0.050000002607703209,0.)));
#4544=IFCINDEXEDPOLYCURVE(#4543,(IFCLINEINDEX((1,2,3,4,5,6,7,8,1))),$);
#4545=IFCARBITRARYCLOSEDPROFILEDEF(.AREA.,$,#4544);
#4546=IFCCARTESIANPOINT((-0.025000002235174179,0.05000000074505806,0.));
#4547=IFCDIRECTION((0.,-1.,0.));
#4548=IFCDIRECTION((1.,0.,0.));
#4549=IFCAXIS2PLACEMENT3D(#4546,#4547,#4548);
#4550=IFCDIRECTION((0.,0.,-1.));
#4551=IFCEXTRUDEDAREASOLID(#4545,#4549,#4550,0.004999999888241291);
#4552=IFCCARTESIANPOINTLIST2D(((0.,0.),(0.84999997541308403,0.),(0.84999997541308403,0.035000000149011612),(0.,0.035000000149011612)));
#4553=IFCINDEXEDPOLYCURVE(#4552,(IFCLINEINDEX((1,2,3,4,1))),$);
#4554=IFCARBITRARYCLOSEDPROFILEDEF(.AREA.,$,#4553);
#4555=IFCCARTESIANPOINT((0.02500000037252903,0.02500000037252903,0.02500000037252903));
#4556=IFCDIRECTION((0.,0.,1.));
#4557=IFCDIRECTION((1.,0.,0.));
#4558=IFCAXIS2PLACEMENT3D(#4555,#4556,#4557);
#4559=IFCDIRECTION((0.,0.,1.));
#4560=IFCEXTRUDEDAREASOLID(#4554,#4558,#4559,1.9499999992549419);
#4561=IFCCARTESIANPOINTLIST2D(((0.,0.),(0.,-0.040000000000000001),(0.12,-0.040000000000000001),(0.12,-0.02),(0.02,-0.02),(0.02,0.)));
#4562=IFCINDEXEDPOLYCURVE(#4561,(IFCLINEINDEX((1,2,3,4,5,6,1))),$);
#4563=IFCARBITRARYCLOSEDPROFILEDEF(.AREA.,$,#4562);
#4564=IFCCARTESIANPOINT((0.075000000372529033,0.02500000037252903,1.015000000372529));
#4565=IFCDIRECTION((0.,0.,1.));
#4566=IFCDIRECTION((1.,0.,0.));
#4567=IFCAXIS2PLACEMENT3D(#4564,#4565,#4566);
#4568=IFCDIRECTION((0.,0.,1.));
#4569=IFCEXTRUDEDAREASOLID(#4563,#4567,#4568,0.02);
#4570=IFCEXTRUDEDAREASOLID(#4571,#4574,#4578,0.02);
#4571=IFCARBITRARYCLOSEDPROFILEDEF(.AREA.,$,#4572);
#4572=IFCINDEXEDPOLYCURVE(#4573,(IFCLINEINDEX((1,2,3,4,5,6,1))),$);
#4573=IFCCARTESIANPOINTLIST2D(((0.,0.),(0.,0.040000000000000008),(0.11999999999999998,0.040000000000000008),(0.11999999999999998,0.020000000000000004),(0.020000000000000004,0.020000000000000004),(0.020000000000000004,0.)));
#4574=IFCAXIS2PLACEMENT3D(#4575,#4576,#4577);
#4575=IFCCARTESIANPOINT((0.075000000372529033,0.060000000521540642,1.015000000372529));
#4576=IFCDIRECTION((0.,0.,1.));
#4577=IFCDIRECTION((1.,0.,0.));
#4578=IFCDIRECTION((0.,0.,1.));
#4580=IFCSHAPEREPRESENTATION(#11,'Body','SweptSolid',(#4515,#4524,#4533,#4542,#4551));
#4581=IFCSHAPEASPECT((#4580),'Lining',$,.T.,#4484);
#4582=IFCSHAPEREPRESENTATION(#11,'Body','SweptSolid',(#4560,#4569,#4570));
#4583=IFCSHAPEASPECT((#4582),'Framing',$,.T.,#4484);
#4668=IFCDOOR('3lGJLyYmvEnwi$AX1S2sYG',$,'Door',$,$,#4851,#4677,$,2.,0.89999997615814209,$,.SINGLE_SWING_LEFT.,$);
#4670=IFCCARTESIANPOINT((0.,0.,0.));
#4671=IFCDIRECTION((1.,0.,0.));
#4672=IFCDIRECTION((0.,1.,0.));
#4673=IFCDIRECTION((0.,0.,1.));
#4674=IFCCARTESIANTRANSFORMATIONOPERATOR3D(#4671,#4672,#4670,1.,#4673);
#4675=IFCMAPPEDITEM(#3799,#4674);
#4676=IFCSHAPEREPRESENTATION(#18,'Profile','MappedRepresentation',(#4675));
#4677=IFCPRODUCTDEFINITIONSHAPE($,$,(#4676,#4684,#4691));
#4678=IFCCARTESIANPOINT((0.,0.,0.));
#4679=IFCDIRECTION((1.,0.,0.));
#4680=IFCDIRECTION((0.,1.,0.));
#4681=IFCDIRECTION((0.,0.,1.));
#4682=IFCCARTESIANTRANSFORMATIONOPERATOR3D(#4679,#4680,#4678,1.,#4681);
#4683=IFCMAPPEDITEM(#3877,#4682);
#4684=IFCSHAPEREPRESENTATION(#11,'Body','MappedRepresentation',(#4683));
#4685=IFCCARTESIANPOINT((0.,0.,0.));
#4686=IFCDIRECTION((1.,0.,0.));
#4687=IFCDIRECTION((0.,1.,0.));
#4688=IFCDIRECTION((0.,0.,1.));
#4689=IFCCARTESIANTRANSFORMATIONOPERATOR3D(#4686,#4687,#4685,1.,#4688);
#4690=IFCMAPPEDITEM(#3896,#4689);
#4691=IFCSHAPEREPRESENTATION(#24,'Body','MappedRepresentation',(#4690));
#4692=IFCOPENINGELEMENT('2vupFUtMP0Evnf30BXjJwv',$,'Opening',$,$,#4846,#4720,$,.OPENING.);
#4708=IFCCARTESIANPOINT((0.,0.,0.));
#4709=IFCDIRECTION((1.,0.,0.));
#4710=IFCDIRECTION((0.,0.,1.));
#4711=IFCAXIS2PLACEMENT3D(#4708,#4710,#4709);
#4712=IFCREPRESENTATIONMAP(#4711,#4836);
#4713=IFCCARTESIANPOINT((0.,0.,0.));
#4714=IFCDIRECTION((1.,0.,0.));
#4715=IFCDIRECTION((0.,1.,0.));
#4716=IFCDIRECTION((0.,0.,1.));
#4717=IFCCARTESIANTRANSFORMATIONOPERATOR3D(#4714,#4715,#4713,1.,#4716);
#4718=IFCMAPPEDITEM(#4712,#4717);
#4719=IFCSHAPEREPRESENTATION(#11,'Body','MappedRepresentation',(#4718));
#4720=IFCPRODUCTDEFINITIONSHAPE($,$,(#4719));
#4721=IFCRELVOIDSELEMENT('2aS3LEA_T33AVOu6oExZnD',$,$,$,#1883,#4692);
#4727=IFCRELFILLSELEMENT('05mzcNPVPBMfG$6WATTVXX',$,$,$,#4692,#4668);
#4733=IFCCARTESIANPOINTLIST3D(((0.,0.,0.),(0.89999997615814209,0.,0.),(0.89999997615814209,0.,2.),(0.,0.,2.)));
#4734=IFCINDEXEDPOLYCURVE(#4733,(IFCLINEINDEX((1,2,3,4,1))),$);
#4735=IFCSHAPEREPRESENTATION(#18,'Profile','Curve3D',(#4734));
#4736=IFCCARTESIANPOINTLIST2D(((0.,0.),(0.,2.),(0.89999997615814209,2.),(0.89999997615814209,0.),(0.87499997578561306,0.),(0.87499997578561306,1.974999999627471),(0.02500000037252903,1.974999999627471),(0.02500000037252903,0.)));
#4737=IFCINDEXEDPOLYCURVE(#4736,(IFCLINEINDEX((1,2,3,4,5,6,7,8,1))),$);
#4738=IFCARBITRARYCLOSEDPROFILEDEF(.AREA.,$,#4737);
#4739=IFCCARTESIANPOINT((0.,0.02500000037252903,0.));
#4740=IFCDIRECTION((0.,-1.,0.));
#4741=IFCDIRECTION((1.,0.,0.));
#4742=IFCAXIS2PLACEMENT3D(#4739,#4740,#4741);
#4743=IFCDIRECTION((0.,0.,-1.));
#4744=IFCEXTRUDEDAREASOLID(#4738,#4742,#4743,0.02500000037252903);
#4745=IFCCARTESIANPOINTLIST2D(((0.,0.),(0.,2.),(0.89999997615814209,2.),(0.89999997615814209,0.),(0.84999997541308403,0.),(0.84999997541308403,1.9499999992549419),(0.05000000074505806,1.9499999992549419),(0.05000000074505806,0.)));
#4746=IFCINDEXEDPOLYCURVE(#4745,(IFCLINEINDEX((1,2,3,4,5,6,7,8,1))),$);
#4747=IFCARBITRARYCLOSEDPROFILEDEF(.AREA.,$,#4746);
#4748=IFCCARTESIANPOINT((0.,0.,0.));
#4749=IFCDIRECTION((0.,-1.,0.));
#4750=IFCDIRECTION((1.,0.,0.));
#4751=IFCAXIS2PLACEMENT3D(#4748,#4749,#4750);
#4752=IFCDIRECTION((0.,0.,-1.));
#4753=IFCEXTRUDEDAREASOLID(#4747,#4751,#4752,0.02500000037252903);
#4754=IFCCARTESIANPOINTLIST2D(((0.,0.),(0.79999997466802597,0.),(0.79999997466802597,0.10000000149011612),(0.,0.10000000149011612)));
#4755=IFCINDEXEDPOLYCURVE(#4754,(IFCLINEINDEX((1,2,3,4,1))),$);
#4756=IFCARBITRARYCLOSEDPROFILEDEF(.AREA.,$,#4755);
#4757=IFCCARTESIANPOINT((0.05000000074505806,0.,0.));
#4758=IFCDIRECTION((0.,0.,1.));
#4759=IFCDIRECTION((1.,0.,0.));
#4760=IFCAXIS2PLACEMENT3D(#4757,#4758,#4759);
#4761=IFCDIRECTION((0.,0.,1.));
#4762=IFCEXTRUDEDAREASOLID(#4756,#4760,#4761,0.02500000037252903);
#4763=IFCCARTESIANPOINTLIST2D(((0.,0.),(0.,2.0250000022351742),(0.94999998062849045,2.0250000022351742),(0.94999998062849045,0.),(0.87499997764825821,0.),(0.87499997764825821,1.9499999992549419),(0.075000002980232239,1.9499999992549419),(0.075000002980232239,0.)));
#4764=IFCINDEXEDPOLYCURVE(#4763,(IFCLINEINDEX((1,2,3,4,5,6,7,8,1))),$);
#4765=IFCARBITRARYCLOSEDPROFILEDEF(.AREA.,$,#4764);
#4766=IFCCARTESIANPOINT((-0.025000002235174179,-0.004999999888241291,0.));
#4767=IFCDIRECTION((0.,-1.,0.));
#4768=IFCDIRECTION((1.,0.,0.));
#4769=IFCAXIS2PLACEMENT3D(#4766,#4767,#4768);
#4770=IFCDIRECTION((0.,0.,-1.));
#4771=IFCEXTRUDEDAREASOLID(#4765,#4769,#4770,0.004999999888241291);
#4772=IFCCARTESIANPOINTLIST2D(((0.,0.),(0.,2.0250000022351742),(0.94999998062849045,2.0250000022351742),(0.94999998062849045,0.),(0.89999997802078724,0.),(0.89999997802078724,1.974999999627471),(0.050000002607703209,1.974999999627471),(0.050000002607703209,0.)));
#4773=IFCINDEXEDPOLYCURVE(#4772,(IFCLINEINDEX((1,2,3,4,5,6,7,8,1))),$);
#4774=IFCARBITRARYCLOSEDPROFILEDEF(.AREA.,$,#4773);
#4775=IFCCARTESIANPOINT((-0.025000002235174179,0.05000000074505806,0.));
#4776=IFCDIRECTION((0.,-1.,0.));
#4777=IFCDIRECTION((1.,0.,0.));
#4778=IFCAXIS2PLACEMENT3D(#4775,#4776,#4777);
#4779=IFCDIRECTION((0.,0.,-1.));
#4780=IFCEXTRUDEDAREASOLID(#4774,#4778,#4779,0.004999999888241291);
#4781=IFCCARTESIANPOINTLIST2D(((0.,0.),(0.84999997541308403,0.),(0.84999997541308403,0.035000000149011612),(0.,0.035000000149011612)));
#4782=IFCINDEXEDPOLYCURVE(#4781,(IFCLINEINDEX((1,2,3,4,1))),$);
#4783=IFCARBITRARYCLOSEDPROFILEDEF(.AREA.,$,#4782);
#4784=IFCCARTESIANPOINT((0.02500000037252903,0.02500000037252903,0.02500000037252903));
#4785=IFCDIRECTION((0.,0.,1.));
#4786=IFCDIRECTION((1.,0.,0.));
#4787=IFCAXIS2PLACEMENT3D(#4784,#4785,#4786);
#4788=IFCDIRECTION((0.,0.,1.));
#4789=IFCEXTRUDEDAREASOLID(#4783,#4787,#4788,1.9499999992549419);
#4790=IFCCARTESIANPOINTLIST2D(((0.,0.),(0.,-0.040000000000000001),(-0.11999999999999988,-0.040000000000000001),(-0.11999999999999988,-0.02),(-0.020000000000000018,-0.02),(-0.020000000000000018,0.)));
#4791=IFCINDEXEDPOLYCURVE(#4790,(IFCLINEINDEX((1,2,3,4,5,6,1))),$);
#4792=IFCARBITRARYCLOSEDPROFILEDEF(.AREA.,$,#4791);
#4793=IFCCARTESIANPOINT((0.82499997578561302,0.02500000037252903,1.015000000372529));
#4794=IFCDIRECTION((0.,0.,1.));
#4795=IFCDIRECTION((1.,0.,0.));
#4796=IFCAXIS2PLACEMENT3D(#4793,#4794,#4795);
#4797=IFCDIRECTION((0.,0.,1.));
#4798=IFCEXTRUDEDAREASOLID(#4792,#4796,#4797,0.02);
#4799=IFCEXTRUDEDAREASOLID(#4800,#4803,#4807,0.02);
#4800=IFCARBITRARYCLOSEDPROFILEDEF(.AREA.,$,#4801);
#4801=IFCINDEXEDPOLYCURVE(#4802,(IFCLINEINDEX((1,2,3,4,5,6,1))),$);
#4802=IFCCARTESIANPOINTLIST2D(((0.,0.),(0.,0.040000000000000008),(-0.11999999999999988,0.040000000000000008),(-0.11999999999999988,0.020000000000000004),(-0.020000000000000018,0.020000000000000004),(-0.020000000000000018,0.)));
#4803=IFCAXIS2PLACEMENT3D(#4804,#4805,#4806);
#4804=IFCCARTESIANPOINT((0.82499997578561302,0.060000000521540642,1.015000000372529));
#4805=IFCDIRECTION((0.,0.,1.));
#4806=IFCDIRECTION((1.,0.,0.));
#4807=IFCDIRECTION((0.,0.,1.));
#4808=IFCSHAPEREPRESENTATION(#11,'Body','SweptSolid',(#4744,#4753,#4789,#4798,#4799,#4762,#4771,#4780));
#4809=IFCSHAPEREPRESENTATION(#11,'Body','SweptSolid',(#4744,#4753,#4762,#4771,#4780));
#4810=IFCSHAPEASPECT((#4809),'Lining',$,.T.,#4677);
#4811=IFCSHAPEREPRESENTATION(#11,'Body','SweptSolid',(#4789,#4798,#4799));
#4812=IFCSHAPEASPECT((#4811),'Framing',$,.T.,#4677);
#4813=IFCCARTESIANPOINTLIST2D(((0.,0.),(0.,0.05000000074505806),(0.02500000037252903,0.05000000074505806),(0.02500000037252903,0.02500000037252903),(0.05000000074505806,0.02500000037252903),(0.05000000074505806,0.)));
#4814=IFCINDEXEDPOLYCURVE(#4813,(IFCLINEINDEX((1,2,3,4,5,6,1))),$);
#4815=IFCINDEXEDPOLYCURVE(#4816,(IFCLINEINDEX((1,2,3,4,5,6,1))),$);
#4816=IFCCARTESIANPOINTLIST2D(((0.89999997615814209,0.),(0.89999997615814209,0.05000000074505806),(0.87499997578561306,0.05000000074505806),(0.87499997578561306,0.02500000037252903),(0.84999997541308403,0.02500000037252903),(0.84999997541308403,0.)));
#4817=IFCDIRECTION((1.,0.));
#4818=IFCCARTESIANPOINT((0.060000000521540642,0.05000000074505806));
#4819=IFCAXIS2PLACEMENT2D(#4818,#4817);
#4820=IFCELLIPSE(#4819,0.81499997526407242,0.84999997541308403);
#4821=IFCCARTESIANPOINT((0.87499997578561306,0.05000000074505806));
#4822=IFCCARTESIANPOINT((0.060000000521540642,0.89999997615814209));
#4823=IFCTRIMMEDCURVE(#4820,(#4821),(#4822),.T.,.CARTESIAN.);
#4824=IFCCARTESIANPOINTLIST2D(((0.02500000037252903,0.05000000074505806),(0.060000000521540642,0.05000000074505806),(0.060000000521540642,0.89999997615814209),(0.02500000037252903,0.89999997615814209)));
#4825=IFCINDEXEDPOLYCURVE(#4824,(IFCLINEINDEX((1,2,3,4,1))),$);
#4826=IFCSHAPEREPRESENTATION(#24,'Body','Curve2D',(#4814,#4815,#4823,#4825));
#4827=IFCCARTESIANPOINTLIST2D(((0.,0.),(0.89999997615814209,0.),(0.89999997615814209,2.),(0.,2.)));
#4828=IFCINDEXEDPOLYCURVE(#4827,(IFCLINEINDEX((1,2,3,4,1))),$);
#4829=IFCARBITRARYCLOSEDPROFILEDEF(.AREA.,$,#4828);
#4830=IFCCARTESIANPOINT((0.,-0.60000002384185791,0.));
#4831=IFCDIRECTION((0.,-1.,0.));
#4832=IFCDIRECTION((1.,0.,0.));
#4833=IFCAXIS2PLACEMENT3D(#4830,#4831,#4832);
#4834=IFCDIRECTION((0.,0.,-1.));
#4835=IFCEXTRUDEDAREASOLID(#4829,#4833,#4834,1.2);
#4836=IFCSHAPEREPRESENTATION(#11,'Body','SweptSolid',(#4835));
#4842=IFCCARTESIANPOINT((0.35594336285190342,0.015000343322753906,0.));
#4843=IFCDIRECTION((0.,0.,1.));
#4844=IFCDIRECTION((0.99999999999997158,-2.3841857910155572E-07,0.));
#4845=IFCAXIS2PLACEMENT3D(#4842,#4843,#4844);
#4846=IFCLOCALPLACEMENT(#2608,#4845);
#4847=IFCCARTESIANPOINT((1.1102230246251565E-16,0.,0.));
#4848=IFCDIRECTION((0.,0.,1.));
#4849=IFCDIRECTION((1.,2.6469779601696886E-23,0.));
#4850=IFCAXIS2PLACEMENT3D(#4847,#4848,#4849);
#4851=IFCLOCALPLACEMENT(#4846,#4850);
#4852=IFCDOORTYPE('394kWG7iz1$Op40NiIn1H9',$,'BATHROOM-GF',$,$,(#4853),(#4855,#4863,#4941),$,$,.DOOR.,.SINGLE_SWING_RIGHT.,$,$);
#4853=IFCPROPERTYSET('2TznkvNK5Bgv7ZGFL56H2F',$,'BBIM_Door',$,(#4854));
#4854=IFCPROPERTYSINGLEVALUE('Data',$,IFCTEXT('{"door_type": "SINGLE_SWING_LEFT", "overall_height": 2.0, "overall_width": 0.7639108896255493, "lining_properties": {"lining_depth": 0.05000000074505806, "lining_thickness": 0.05000000074505806, "lining_offset": 0.0, "lining_to_panel_offset_x": 0.02500000037252903, "lining_to_panel_offset_y": 0.02500000037252903, "transom_thickness": 0.0, "casing_thickness": 0.07500000298023224, "casing_depth": 0.004999999888241291, "threshold_thickness": 0.02500000037252903, "threshold_depth": 0.10000000149011612, "threshold_offset": 0.0}, "panel_properties": {"panel_depth": 0.03500000014901161, "panel_width_ratio": 1.0}}'),$);
#4855=IFCREPRESENTATIONMAP(#4856,#5670);
#4856=IFCAXIS2PLACEMENT3D(#4857,#4858,#4859);
#4857=IFCCARTESIANPOINT((0.,0.,0.));
#4858=IFCDIRECTION((0.,0.,1.));
#4859=IFCDIRECTION((1.,0.,0.));
#4863=IFCREPRESENTATIONMAP(#4864,#5743);
#4864=IFCAXIS2PLACEMENT3D(#4865,#4866,#4867);
#4865=IFCCARTESIANPOINT((0.,0.,0.));
#4866=IFCDIRECTION((0.,0.,1.));
#4867=IFCDIRECTION((1.,0.,0.));
#4941=IFCREPRESENTATIONMAP(#4942,#5757);
#4942=IFCAXIS2PLACEMENT3D(#4943,#4944,#4945);
#4943=IFCCARTESIANPOINT((0.,0.,0.));
#4944=IFCDIRECTION((0.,0.,1.));
#4945=IFCDIRECTION((1.,0.,0.));
#4960=IFCDOORTYPE('25XHutzt92MPoNzoXQ2Wbi',$,'MAID-GF',$,$,(#4961),(#4963,#4971,#5049,#6002),$,$,.DOOR.,.SINGLE_SWING_RIGHT.,$,$);
#4961=IFCPROPERTYSET('0h2f5AHsP2NOhqdANAPm6E',$,'BBIM_Door',$,(#4962));
#4962=IFCPROPERTYSINGLEVALUE('Data',$,IFCTEXT('{"door_type": "SLIDING_TO_RIGHT", "overall_height": 2.0, "overall_width": 1.2998231649398804, "lining_properties": {"lining_depth": 0.05000000074505806, "lining_thickness": 0.05000000074505806, "lining_offset": 0.0, "transom_thickness": 0.0, "casing_thickness": 0.07500000298023224, "casing_depth": 0.004999999888241291, "threshold_thickness": 0.02500000037252903, "threshold_depth": 0.10000000149011612, "threshold_offset": 0.0}, "panel_properties": {"panel_depth": 0.03500000014901161, "panel_width_ratio": 1.0}}'),$);
#4963=IFCREPRESENTATIONMAP(#4964,#5917);
#4964=IFCAXIS2PLACEMENT3D(#4965,#4966,#4967);
#4965=IFCCARTESIANPOINT((0.,0.,0.));
#4966=IFCDIRECTION((0.,0.,1.));
#4967=IFCDIRECTION((1.,0.,0.));
#4971=IFCREPRESENTATIONMAP(#4972,#5981);
#4972=IFCAXIS2PLACEMENT3D(#4973,#4974,#4975);
#4973=IFCCARTESIANPOINT((0.,0.,0.));
#4974=IFCDIRECTION((0.,0.,1.));
#4975=IFCDIRECTION((1.,0.,0.));
#5049=IFCREPRESENTATIONMAP(#5050,#5992);
#5050=IFCAXIS2PLACEMENT3D(#5051,#5052,#5053);
#5051=IFCCARTESIANPOINT((0.,0.,0.));
#5052=IFCDIRECTION((0.,0.,1.));
#5053=IFCDIRECTION((1.,0.,0.));
#5068=IFCDOOR('0Kdk_xpNrCkfIKyND3Q75Z',$,'Door',$,$,#5482,#5078,$,2.,0.874672532081604,$,.SINGLE_SWING_RIGHT.,$);
#5070=IFCRELDEFINESBYTYPE('1xos20WCP5WuzqpR4aEgcC',$,$,$,(#5068),#4396);
#5071=IFCCARTESIANPOINT((0.,0.,0.));
#5072=IFCDIRECTION((1.,0.,0.));
#5073=IFCDIRECTION((0.,1.,0.));
#5074=IFCDIRECTION((0.,0.,1.));
#5075=IFCCARTESIANTRANSFORMATIONOPERATOR3D(#5072,#5073,#5071,1.,#5074);
#5076=IFCMAPPEDITEM(#4406,#5075);
#5077=IFCSHAPEREPRESENTATION(#18,'Profile','MappedRepresentation',(#5076));
#5078=IFCPRODUCTDEFINITIONSHAPE($,$,(#5077,#5085,#5092));
#5079=IFCCARTESIANPOINT((0.,0.,0.));
#5080=IFCDIRECTION((1.,0.,0.));
#5081=IFCDIRECTION((0.,1.,0.));
#5082=IFCDIRECTION((0.,0.,1.));
#5083=IFCCARTESIANTRANSFORMATIONOPERATOR3D(#5080,#5081,#5079,1.,#5082);
#5084=IFCMAPPEDITEM(#4484,#5083);
#5085=IFCSHAPEREPRESENTATION(#11,'Body','MappedRepresentation',(#5084));
#5086=IFCCARTESIANPOINT((0.,0.,0.));
#5087=IFCDIRECTION((1.,0.,0.));
#5088=IFCDIRECTION((0.,1.,0.));
#5089=IFCDIRECTION((0.,0.,1.));
#5090=IFCCARTESIANTRANSFORMATIONOPERATOR3D(#5087,#5088,#5086,1.,#5089);
#5091=IFCMAPPEDITEM(#4503,#5090);
#5092=IFCSHAPEREPRESENTATION(#24,'Body','MappedRepresentation',(#5091));
#5093=IFCOPENINGELEMENT('2vgo5NwKz9cQgQwvJA4Rpn',$,'Opening',$,$,#5477,#5121,$,.OPENING.);
#5109=IFCCARTESIANPOINT((0.,0.,0.));
#5110=IFCDIRECTION((1.,0.,0.));
#5111=IFCDIRECTION((0.,0.,1.));
#5112=IFCAXIS2PLACEMENT3D(#5109,#5111,#5110);
#5113=IFCREPRESENTATIONMAP(#5112,#5467);
#5114=IFCCARTESIANPOINT((0.,0.,0.));
#5115=IFCDIRECTION((1.,0.,0.));
#5116=IFCDIRECTION((0.,1.,0.));
#5117=IFCDIRECTION((0.,0.,1.));
#5118=IFCCARTESIANTRANSFORMATIONOPERATOR3D(#5115,#5116,#5114,1.,#5117);
#5119=IFCMAPPEDITEM(#5113,#5118);
#5120=IFCSHAPEREPRESENTATION(#11,'Body','MappedRepresentation',(#5119));
#5121=IFCPRODUCTDEFINITIONSHAPE($,$,(#5120));
#5122=IFCRELVOIDSELEMENT('08hPgThlvAtuBxCirk5$GS',$,$,$,#2396,#5093);
#5128=IFCRELFILLSELEMENT('3uJxmiBJ57PBhdB4hdjxey',$,$,$,#5093,#5068);
#5137=IFCCARTESIANPOINTLIST2D(((0.,0.),(0.,2.),(0.89999997615814209,2.),(0.89999997615814209,0.),(0.87499997578561306,0.),(0.87499997578561306,1.974999999627471),(0.02500000037252903,1.974999999627471),(0.02500000037252903,0.)));
#5138=IFCINDEXEDPOLYCURVE(#5137,(IFCLINEINDEX((1,2,3,4,5,6,7,8,1))),$);
#5139=IFCARBITRARYCLOSEDPROFILEDEF(.AREA.,$,#5138);
#5140=IFCCARTESIANPOINT((0.,0.02500000037252903,0.));
#5141=IFCDIRECTION((0.,-1.,0.));
#5142=IFCDIRECTION((1.,0.,0.));
#5143=IFCAXIS2PLACEMENT3D(#5140,#5141,#5142);
#5144=IFCDIRECTION((0.,0.,-1.));
#5145=IFCEXTRUDEDAREASOLID(#5139,#5143,#5144,0.02500000037252903);
#5146=IFCCARTESIANPOINTLIST2D(((0.,0.),(0.,2.),(0.89999997615814209,2.),(0.89999997615814209,0.),(0.84999997541308403,0.),(0.84999997541308403,1.9499999992549419),(0.05000000074505806,1.9499999992549419),(0.05000000074505806,0.)));
#5147=IFCINDEXEDPOLYCURVE(#5146,(IFCLINEINDEX((1,2,3,4,5,6,7,8,1))),$);
#5148=IFCARBITRARYCLOSEDPROFILEDEF(.AREA.,$,#5147);
#5149=IFCCARTESIANPOINT((0.,0.,0.));
#5150=IFCDIRECTION((0.,-1.,0.));
#5151=IFCDIRECTION((1.,0.,0.));
#5152=IFCAXIS2PLACEMENT3D(#5149,#5150,#5151);
#5153=IFCDIRECTION((0.,0.,-1.));
#5154=IFCEXTRUDEDAREASOLID(#5148,#5152,#5153,0.02500000037252903);
#5155=IFCCARTESIANPOINTLIST2D(((0.,0.),(0.79999997466802597,0.),(0.79999997466802597,0.10000000149011612),(0.,0.10000000149011612)));
#5156=IFCINDEXEDPOLYCURVE(#5155,(IFCLINEINDEX((1,2,3,4,1))),$);
#5157=IFCARBITRARYCLOSEDPROFILEDEF(.AREA.,$,#5156);
#5158=IFCCARTESIANPOINT((0.05000000074505806,0.,0.));
#5159=IFCDIRECTION((0.,0.,1.));
#5160=IFCDIRECTION((1.,0.,0.));
#5161=IFCAXIS2PLACEMENT3D(#5158,#5159,#5160);
#5162=IFCDIRECTION((0.,0.,1.));
#5163=IFCEXTRUDEDAREASOLID(#5157,#5161,#5162,0.02500000037252903);
#5164=IFCCARTESIANPOINTLIST2D(((0.,0.),(0.,2.0250000022351742),(0.94999998062849045,2.0250000022351742),(0.94999998062849045,0.),(0.87499997764825821,0.),(0.87499997764825821,1.9499999992549419),(0.075000002980232239,1.9499999992549419),(0.075000002980232239,0.)));
#5165=IFCINDEXEDPOLYCURVE(#5164,(IFCLINEINDEX((1,2,3,4,5,6,7,8,1))),$);
#5166=IFCARBITRARYCLOSEDPROFILEDEF(.AREA.,$,#5165);
#5167=IFCCARTESIANPOINT((-0.025000002235174179,-0.004999999888241291,0.));
#5168=IFCDIRECTION((0.,-1.,0.));
#5169=IFCDIRECTION((1.,0.,0.));
#5170=IFCAXIS2PLACEMENT3D(#5167,#5168,#5169);
#5171=IFCDIRECTION((0.,0.,-1.));
#5172=IFCEXTRUDEDAREASOLID(#5166,#5170,#5171,0.004999999888241291);
#5173=IFCCARTESIANPOINTLIST2D(((0.,0.),(0.,2.0250000022351742),(0.94999998062849045,2.0250000022351742),(0.94999998062849045,0.),(0.89999997802078724,0.),(0.89999997802078724,1.974999999627471),(0.050000002607703209,1.974999999627471),(0.050000002607703209,0.)));
#5174=IFCINDEXEDPOLYCURVE(#5173,(IFCLINEINDEX((1,2,3,4,5,6,7,8,1))),$);
#5175=IFCARBITRARYCLOSEDPROFILEDEF(.AREA.,$,#5174);
#5176=IFCCARTESIANPOINT((-0.025000002235174179,0.05000000074505806,0.));
#5177=IFCDIRECTION((0.,-1.,0.));
#5178=IFCDIRECTION((1.,0.,0.));
#5179=IFCAXIS2PLACEMENT3D(#5176,#5177,#5178);
#5180=IFCDIRECTION((0.,0.,-1.));
#5181=IFCEXTRUDEDAREASOLID(#5175,#5179,#5180,0.004999999888241291);
#5182=IFCCARTESIANPOINTLIST2D(((0.,0.),(0.84999997541308403,0.),(0.84999997541308403,0.035000000149011612),(0.,0.035000000149011612)));
#5183=IFCINDEXEDPOLYCURVE(#5182,(IFCLINEINDEX((1,2,3,4,1))),$);
#5184=IFCARBITRARYCLOSEDPROFILEDEF(.AREA.,$,#5183);
#5185=IFCCARTESIANPOINT((0.02500000037252903,0.02500000037252903,0.02500000037252903));
#5186=IFCDIRECTION((0.,0.,1.));
#5187=IFCDIRECTION((1.,0.,0.));
#5188=IFCAXIS2PLACEMENT3D(#5185,#5186,#5187);
#5189=IFCDIRECTION((0.,0.,1.));
#5190=IFCEXTRUDEDAREASOLID(#5184,#5188,#5189,1.9499999992549419);
#5191=IFCCARTESIANPOINTLIST2D(((0.,0.),(0.,-0.040000000000000001),(-0.11999999999999988,-0.040000000000000001),(-0.11999999999999988,-0.02),(-0.020000000000000018,-0.02),(-0.020000000000000018,0.)));
#5192=IFCINDEXEDPOLYCURVE(#5191,(IFCLINEINDEX((1,2,3,4,5,6,1))),$);
#5193=IFCARBITRARYCLOSEDPROFILEDEF(.AREA.,$,#5192);
#5194=IFCCARTESIANPOINT((0.82499997578561302,0.02500000037252903,1.015000000372529));
#5195=IFCDIRECTION((0.,0.,1.));
#5196=IFCDIRECTION((1.,0.,0.));
#5197=IFCAXIS2PLACEMENT3D(#5194,#5195,#5196);
#5198=IFCDIRECTION((0.,0.,1.));
#5199=IFCEXTRUDEDAREASOLID(#5193,#5197,#5198,0.02);
#5200=IFCEXTRUDEDAREASOLID(#5201,#5204,#5208,0.02);
#5201=IFCARBITRARYCLOSEDPROFILEDEF(.AREA.,$,#5202);
#5202=IFCINDEXEDPOLYCURVE(#5203,(IFCLINEINDEX((1,2,3,4,5,6,1))),$);
#5203=IFCCARTESIANPOINTLIST2D(((0.,0.),(0.,0.040000000000000008),(-0.11999999999999988,0.040000000000000008),(-0.11999999999999988,0.020000000000000004),(-0.020000000000000018,0.020000000000000004),(-0.020000000000000018,0.)));
#5204=IFCAXIS2PLACEMENT3D(#5205,#5206,#5207);
#5205=IFCCARTESIANPOINT((0.82499997578561302,0.060000000521540642,1.015000000372529));
#5206=IFCDIRECTION((0.,0.,1.));
#5207=IFCDIRECTION((1.,0.,0.));
#5208=IFCDIRECTION((0.,0.,1.));
#5210=IFCSHAPEREPRESENTATION(#11,'Body','SweptSolid',(#5300,#5379,#5282,#5291,#5172,#5145,#5273,#5397,#5415,#5163,#5388,#5264,#5406,#5154,#5181));
#5211=IFCSHAPEASPECT((#5210),'Lining',$,.T.,#5078);
#5212=IFCSHAPEREPRESENTATION(#11,'Body','SweptSolid',(#5319,#5433,#5424,#5199,#5190,#5318,#5309,#5434,#5200));
#5213=IFCSHAPEASPECT((#5212),'Framing',$,.T.,#5078);
#5256=IFCCARTESIANPOINTLIST2D(((0.,0.),(0.,2.),(0.874672532081604,2.),(0.874672532081604,0.),(0.84967253170907497,0.),(0.84967253170907497,1.974999999627471),(0.02500000037252903,1.974999999627471),(0.02500000037252903,0.)));
#5257=IFCINDEXEDPOLYCURVE(#5256,(IFCLINEINDEX((1,2,3,4,5,6,7,8,1))),$);
#5258=IFCARBITRARYCLOSEDPROFILEDEF(.AREA.,$,#5257);
#5259=IFCCARTESIANPOINT((0.,0.02500000037252903,0.));
#5260=IFCDIRECTION((0.,-1.,0.));
#5261=IFCDIRECTION((1.,0.,0.));
#5262=IFCAXIS2PLACEMENT3D(#5259,#5260,#5261);
#5263=IFCDIRECTION((0.,0.,-1.));
#5264=IFCEXTRUDEDAREASOLID(#5258,#5262,#5263,0.02500000037252903);
#5265=IFCCARTESIANPOINTLIST2D(((0.,0.),(0.,2.),(0.874672532081604,2.),(0.874672532081604,0.),(0.82467253133654594,0.),(0.82467253133654594,1.9499999992549419),(0.05000000074505806,1.9499999992549419),(0.05000000074505806,0.)));
#5266=IFCINDEXEDPOLYCURVE(#5265,(IFCLINEINDEX((1,2,3,4,5,6,7,8,1))),$);
#5267=IFCARBITRARYCLOSEDPROFILEDEF(.AREA.,$,#5266);
#5268=IFCCARTESIANPOINT((0.,0.,0.));
#5269=IFCDIRECTION((0.,-1.,0.));
#5270=IFCDIRECTION((1.,0.,0.));
#5271=IFCAXIS2PLACEMENT3D(#5268,#5269,#5270);
#5272=IFCDIRECTION((0.,0.,-1.));
#5273=IFCEXTRUDEDAREASOLID(#5267,#5271,#5272,0.02500000037252903);
#5274=IFCCARTESIANPOINTLIST2D(((0.,0.),(0.77467253059148788,0.),(0.77467253059148788,0.10000000149011612),(0.,0.10000000149011612)));
#5275=IFCINDEXEDPOLYCURVE(#5274,(IFCLINEINDEX((1,2,3,4,1))),$);
#5276=IFCARBITRARYCLOSEDPROFILEDEF(.AREA.,$,#5275);
#5277=IFCCARTESIANPOINT((0.05000000074505806,0.,0.));
#5278=IFCDIRECTION((0.,0.,1.));
#5279=IFCDIRECTION((1.,0.,0.));
#5280=IFCAXIS2PLACEMENT3D(#5277,#5278,#5279);
#5281=IFCDIRECTION((0.,0.,1.));
#5282=IFCEXTRUDEDAREASOLID(#5276,#5280,#5281,0.02500000037252903);
#5283=IFCCARTESIANPOINTLIST2D(((0.,0.),(0.,2.0250000022351742),(0.92467253655195236,2.0250000022351742),(0.92467253655195236,0.),(0.84967253357172012,0.),(0.84967253357172012,1.9499999992549419),(0.075000002980232239,1.9499999992549419),(0.075000002980232239,0.)));
#5284=IFCINDEXEDPOLYCURVE(#5283,(IFCLINEINDEX((1,2,3,4,5,6,7,8,1))),$);
#5285=IFCARBITRARYCLOSEDPROFILEDEF(.AREA.,$,#5284);
#5286=IFCCARTESIANPOINT((-0.025000002235174179,-0.004999999888241291,0.));
#5287=IFCDIRECTION((0.,-1.,0.));
#5288=IFCDIRECTION((1.,0.,0.));
#5289=IFCAXIS2PLACEMENT3D(#5286,#5287,#5288);
#5290=IFCDIRECTION((0.,0.,-1.));
#5291=IFCEXTRUDEDAREASOLID(#5285,#5289,#5290,0.004999999888241291);
#5292=IFCCARTESIANPOINTLIST2D(((0.,0.),(0.,2.0250000022351742),(0.92467253655195236,2.0250000022351742),(0.92467253655195236,0.),(0.87467253394424915,0.),(0.87467253394424915,1.974999999627471),(0.050000002607703209,1.974999999627471),(0.050000002607703209,0.)));
#5293=IFCINDEXEDPOLYCURVE(#5292,(IFCLINEINDEX((1,2,3,4,5,6,7,8,1))),$);
#5294=IFCARBITRARYCLOSEDPROFILEDEF(.AREA.,$,#5293);
#5295=IFCCARTESIANPOINT((-0.025000002235174179,0.05000000074505806,0.));
#5296=IFCDIRECTION((0.,-1.,0.));
#5297=IFCDIRECTION((1.,0.,0.));
#5298=IFCAXIS2PLACEMENT3D(#5295,#5296,#5297);
#5299=IFCDIRECTION((0.,0.,-1.));
#5300=IFCEXTRUDEDAREASOLID(#5294,#5298,#5299,0.004999999888241291);
#5301=IFCCARTESIANPOINTLIST2D(((0.,0.),(0.82467253133654594,0.),(0.82467253133654594,0.035000000149011612),(0.,0.035000000149011612)));
#5302=IFCINDEXEDPOLYCURVE(#5301,(IFCLINEINDEX((1,2,3,4,1))),$);
#5303=IFCARBITRARYCLOSEDPROFILEDEF(.AREA.,$,#5302);
#5304=IFCCARTESIANPOINT((0.02500000037252903,0.02500000037252903,0.02500000037252903));
#5305=IFCDIRECTION((0.,0.,1.));
#5306=IFCDIRECTION((1.,0.,0.));
#5307=IFCAXIS2PLACEMENT3D(#5304,#5305,#5306);
#5308=IFCDIRECTION((0.,0.,1.));
#5309=IFCEXTRUDEDAREASOLID(#5303,#5307,#5308,1.9499999992549419);
#5310=IFCCARTESIANPOINTLIST2D(((0.,0.),(0.,-0.040000000000000001),(-0.11999999999999988,-0.040000000000000001),(-0.11999999999999988,-0.02),(-0.020000000000000018,-0.02),(-0.020000000000000018,0.)));
#5311=IFCINDEXEDPOLYCURVE(#5310,(IFCLINEINDEX((1,2,3,4,5,6,1))),$);
#5312=IFCARBITRARYCLOSEDPROFILEDEF(.AREA.,$,#5311);
#5313=IFCCARTESIANPOINT((0.79967253170907493,0.02500000037252903,1.015000000372529));
#5314=IFCDIRECTION((0.,0.,1.));
#5315=IFCDIRECTION((1.,0.,0.));
#5316=IFCAXIS2PLACEMENT3D(#5313,#5314,#5315);
#5317=IFCDIRECTION((0.,0.,1.));
#5318=IFCEXTRUDEDAREASOLID(#5312,#5316,#5317,0.02);
#5319=IFCEXTRUDEDAREASOLID(#5320,#5323,#5327,0.02);
#5320=IFCARBITRARYCLOSEDPROFILEDEF(.AREA.,$,#5321);
#5321=IFCINDEXEDPOLYCURVE(#5322,(IFCLINEINDEX((1,2,3,4,5,6,1))),$);
#5322=IFCCARTESIANPOINTLIST2D(((0.,0.),(0.,0.040000000000000008),(-0.11999999999999988,0.040000000000000008),(-0.11999999999999988,0.020000000000000004),(-0.020000000000000018,0.020000000000000004),(-0.020000000000000018,0.)));
#5323=IFCAXIS2PLACEMENT3D(#5324,#5325,#5326);
#5324=IFCCARTESIANPOINT((0.79967253170907493,0.060000000521540642,1.015000000372529));
#5325=IFCDIRECTION((0.,0.,1.));
#5326=IFCDIRECTION((1.,0.,0.));
#5327=IFCDIRECTION((0.,0.,1.));
#5368=IFCCARTESIANPOINTLIST3D(((0.,0.,0.),(0.874672532081604,0.,0.),(0.874672532081604,0.,2.),(0.,0.,2.)));
#5369=IFCINDEXEDPOLYCURVE(#5368,(IFCLINEINDEX((1,2,3,4,1))),$);
#5370=IFCSHAPEREPRESENTATION(#18,'Profile','Curve3D',(#5369));
#5371=IFCCARTESIANPOINTLIST2D(((0.,0.),(0.,2.),(0.874672532081604,2.),(0.874672532081604,0.),(0.84967253170907497,0.),(0.84967253170907497,1.974999999627471),(0.02500000037252903,1.974999999627471),(0.02500000037252903,0.)));
#5372=IFCINDEXEDPOLYCURVE(#5371,(IFCLINEINDEX((1,2,3,4,5,6,7,8,1))),$);
#5373=IFCARBITRARYCLOSEDPROFILEDEF(.AREA.,$,#5372);
#5374=IFCCARTESIANPOINT((0.,0.02500000037252903,0.));
#5375=IFCDIRECTION((0.,-1.,0.));
#5376=IFCDIRECTION((1.,0.,0.));
#5377=IFCAXIS2PLACEMENT3D(#5374,#5375,#5376);
#5378=IFCDIRECTION((0.,0.,-1.));
#5379=IFCEXTRUDEDAREASOLID(#5373,#5377,#5378,0.02500000037252903);
#5380=IFCCARTESIANPOINTLIST2D(((0.,0.),(0.,2.),(0.874672532081604,2.),(0.874672532081604,0.),(0.82467253133654594,0.),(0.82467253133654594,1.9499999992549419),(0.05000000074505806,1.9499999992549419),(0.05000000074505806,0.)));
#5381=IFCINDEXEDPOLYCURVE(#5380,(IFCLINEINDEX((1,2,3,4,5,6,7,8,1))),$);
#5382=IFCARBITRARYCLOSEDPROFILEDEF(.AREA.,$,#5381);
#5383=IFCCARTESIANPOINT((0.,0.,0.));
#5384=IFCDIRECTION((0.,-1.,0.));
#5385=IFCDIRECTION((1.,0.,0.));
#5386=IFCAXIS2PLACEMENT3D(#5383,#5384,#5385);
#5387=IFCDIRECTION((0.,0.,-1.));
#5388=IFCEXTRUDEDAREASOLID(#5382,#5386,#5387,0.02500000037252903);
#5389=IFCCARTESIANPOINTLIST2D(((0.,0.),(0.77467253059148788,0.),(0.77467253059148788,0.10000000149011612),(0.,0.10000000149011612)));
#5390=IFCINDEXEDPOLYCURVE(#5389,(IFCLINEINDEX((1,2,3,4,1))),$);
#5391=IFCARBITRARYCLOSEDPROFILEDEF(.AREA.,$,#5390);
#5392=IFCCARTESIANPOINT((0.05000000074505806,0.,0.));
#5393=IFCDIRECTION((0.,0.,1.));
#5394=IFCDIRECTION((1.,0.,0.));
#5395=IFCAXIS2PLACEMENT3D(#5392,#5393,#5394);
#5396=IFCDIRECTION((0.,0.,1.));
#5397=IFCEXTRUDEDAREASOLID(#5391,#5395,#5396,0.02500000037252903);
#5398=IFCCARTESIANPOINTLIST2D(((0.,0.),(0.,2.0250000022351742),(0.92467253655195236,2.0250000022351742),(0.92467253655195236,0.),(0.84967253357172012,0.),(0.84967253357172012,1.9499999992549419),(0.075000002980232239,1.9499999992549419),(0.075000002980232239,0.)));
#5399=IFCINDEXEDPOLYCURVE(#5398,(IFCLINEINDEX((1,2,3,4,5,6,7,8,1))),$);
#5400=IFCARBITRARYCLOSEDPROFILEDEF(.AREA.,$,#5399);
#5401=IFCCARTESIANPOINT((-0.025000002235174179,-0.004999999888241291,0.));
#5402=IFCDIRECTION((0.,-1.,0.));
#5403=IFCDIRECTION((1.,0.,0.));
#5404=IFCAXIS2PLACEMENT3D(#5401,#5402,#5403);
#5405=IFCDIRECTION((0.,0.,-1.));
#5406=IFCEXTRUDEDAREASOLID(#5400,#5404,#5405,0.004999999888241291);
#5407=IFCCARTESIANPOINTLIST2D(((0.,0.),(0.,2.0250000022351742),(0.92467253655195236,2.0250000022351742),(0.92467253655195236,0.),(0.87467253394424915,0.),(0.87467253394424915,1.974999999627471),(0.050000002607703209,1.974999999627471),(0.050000002607703209,0.)));
#5408=IFCINDEXEDPOLYCURVE(#5407,(IFCLINEINDEX((1,2,3,4,5,6,7,8,1))),$);
#5409=IFCARBITRARYCLOSEDPROFILEDEF(.AREA.,$,#5408);
#5410=IFCCARTESIANPOINT((-0.025000002235174179,0.05000000074505806,0.));
#5411=IFCDIRECTION((0.,-1.,0.));
#5412=IFCDIRECTION((1.,0.,0.));
#5413=IFCAXIS2PLACEMENT3D(#5410,#5411,#5412);
#5414=IFCDIRECTION((0.,0.,-1.));
#5415=IFCEXTRUDEDAREASOLID(#5409,#5413,#5414,0.004999999888241291);
#5416=IFCCARTESIANPOINTLIST2D(((0.,0.),(0.82467253133654594,0.),(0.82467253133654594,0.035000000149011612),(0.,0.035000000149011612)));
#5417=IFCINDEXEDPOLYCURVE(#5416,(IFCLINEINDEX((1,2,3,4,1))),$);
#5418=IFCARBITRARYCLOSEDPROFILEDEF(.AREA.,$,#5417);
#5419=IFCCARTESIANPOINT((0.02500000037252903,0.02500000037252903,0.02500000037252903));
#5420=IFCDIRECTION((0.,0.,1.));
#5421=IFCDIRECTION((1.,0.,0.));
#5422=IFCAXIS2PLACEMENT3D(#5419,#5420,#5421);
#5423=IFCDIRECTION((0.,0.,1.));
#5424=IFCEXTRUDEDAREASOLID(#5418,#5422,#5423,1.9499999992549419);
#5425=IFCCARTESIANPOINTLIST2D(((0.,0.),(0.,-0.040000000000000001),(0.12,-0.040000000000000001),(0.12,-0.02),(0.02,-0.02),(0.02,0.)));
#5426=IFCINDEXEDPOLYCURVE(#5425,(IFCLINEINDEX((1,2,3,4,5,6,1))),$);
#5427=IFCARBITRARYCLOSEDPROFILEDEF(.AREA.,$,#5426);
#5428=IFCCARTESIANPOINT((0.075000000372529033,0.02500000037252903,1.015000000372529));
#5429=IFCDIRECTION((0.,0.,1.));
#5430=IFCDIRECTION((1.,0.,0.));
#5431=IFCAXIS2PLACEMENT3D(#5428,#5429,#5430);
#5432=IFCDIRECTION((0.,0.,1.));
#5433=IFCEXTRUDEDAREASOLID(#5427,#5431,#5432,0.02);
#5434=IFCEXTRUDEDAREASOLID(#5435,#5438,#5442,0.02);
#5435=IFCARBITRARYCLOSEDPROFILEDEF(.AREA.,$,#5436);
#5436=IFCINDEXEDPOLYCURVE(#5437,(IFCLINEINDEX((1,2,3,4,5,6,1))),$);
#5437=IFCCARTESIANPOINTLIST2D(((0.,0.),(0.,0.040000000000000008),(0.11999999999999998,0.040000000000000008),(0.11999999999999998,0.020000000000000004),(0.020000000000000004,0.020000000000000004),(0.020000000000000004,0.)));
#5438=IFCAXIS2PLACEMENT3D(#5439,#5440,#5441);
#5439=IFCCARTESIANPOINT((0.075000000372529033,0.060000000521540642,1.015000000372529));
#5440=IFCDIRECTION((0.,0.,1.));
#5441=IFCDIRECTION((1.,0.,0.));
#5442=IFCDIRECTION((0.,0.,1.));
#5443=IFCSHAPEREPRESENTATION(#11,'Body','SweptSolid',(#5379,#5388,#5424,#5433,#5434,#5397,#5406,#5415));
#5444=IFCCARTESIANPOINTLIST2D(((0.,0.),(0.,0.05000000074505806),(0.02500000037252903,0.05000000074505806),(0.02500000037252903,0.02500000037252903),(0.05000000074505806,0.02500000037252903),(0.05000000074505806,0.)));
#5445=IFCINDEXEDPOLYCURVE(#5444,(IFCLINEINDEX((1,2,3,4,5,6,1))),$);
#5446=IFCINDEXEDPOLYCURVE(#5447,(IFCLINEINDEX((1,2,3,4,5,6,1))),$);
#5447=IFCCARTESIANPOINTLIST2D(((0.874672532081604,0.),(0.874672532081604,0.05000000074505806),(0.84967253170907497,0.05000000074505806),(0.84967253170907497,0.02500000037252903),(0.82467253133654594,0.02500000037252903),(0.82467253133654594,0.)));
#5448=IFCDIRECTION((1.,0.));
#5449=IFCCARTESIANPOINT((0.81467253156006336,0.05000000074505806));
#5450=IFCAXIS2PLACEMENT2D(#5449,#5448);
#5451=IFCELLIPSE(#5450,0.78967253118753433,0.82467253133654594);
#5452=IFCCARTESIANPOINT((0.81467253156006336,0.874672532081604));
#5453=IFCCARTESIANPOINT((0.02500000037252903,0.05000000074505806));
#5454=IFCTRIMMEDCURVE(#5451,(#5452),(#5453),.T.,.CARTESIAN.);
#5455=IFCCARTESIANPOINTLIST2D(((0.84967253170907497,0.05000000074505806),(0.81467253156006336,0.05000000074505806),(0.81467253156006336,0.874672532081604),(0.84967253170907497,0.874672532081604)));
#5456=IFCINDEXEDPOLYCURVE(#5455,(IFCLINEINDEX((1,2,3,4,1))),$);
#5457=IFCSHAPEREPRESENTATION(#24,'Body','Curve2D',(#5445,#5446,#5454,#5456));
#5458=IFCCARTESIANPOINTLIST2D(((0.,0.),(0.874672532081604,0.),(0.874672532081604,2.),(0.,2.)));
#5459=IFCINDEXEDPOLYCURVE(#5458,(IFCLINEINDEX((1,2,3,4,1))),$);
#5460=IFCARBITRARYCLOSEDPROFILEDEF(.AREA.,$,#5459);
#5461=IFCCARTESIANPOINT((0.,-0.60000002384185791,0.));
#5462=IFCDIRECTION((0.,-1.,0.));
#5463=IFCDIRECTION((1.,0.,0.));
#5464=IFCAXIS2PLACEMENT3D(#5461,#5462,#5463);
#5465=IFCDIRECTION((0.,0.,-1.));
#5466=IFCEXTRUDEDAREASOLID(#5460,#5464,#5465,1.2);
#5467=IFCSHAPEREPRESENTATION(#11,'Body','SweptSolid',(#5466));
#5473=IFCCARTESIANPOINT((1.5772304339916627,-1.7894563630882487E-07,0.));
#5474=IFCDIRECTION((0.,0.,1.));
#5475=IFCDIRECTION((0.99999999999997147,-2.384185719961227E-07,0.));
#5476=IFCAXIS2PLACEMENT3D(#5473,#5474,#5475);
#5477=IFCLOCALPLACEMENT(#2407,#5476);
#5478=IFCCARTESIANPOINT((-6.6613381477509392E-16,0.,0.));
#5479=IFCDIRECTION((0.,0.,1.));
#5480=IFCDIRECTION((1.,5.2939559203393771E-23,0.));
#5481=IFCAXIS2PLACEMENT3D(#5478,#5479,#5480);
#5482=IFCLOCALPLACEMENT(#5477,#5481);
#5483=IFCDOOR('0V9LJJfhLEzv5UbfGoN7Mm',$,'Door',$,$,#5782,#5493,$,2.,0.76391088962554932,$,.SINGLE_SWING_LEFT.,$);
#5485=IFCRELDEFINESBYTYPE('0jsib_tmz6kOrHD5606mFc',$,$,$,(#5483),#4852);
#5486=IFCCARTESIANPOINT((0.,0.,0.));
#5487=IFCDIRECTION((1.,0.,0.));
#5488=IFCDIRECTION((0.,1.,0.));
#5489=IFCDIRECTION((0.,0.,1.));
#5490=IFCCARTESIANTRANSFORMATIONOPERATOR3D(#5487,#5488,#5486,1.,#5489);
#5491=IFCMAPPEDITEM(#4855,#5490);
#5492=IFCSHAPEREPRESENTATION(#18,'Profile','MappedRepresentation',(#5491));
#5493=IFCPRODUCTDEFINITIONSHAPE($,$,(#5492,#5500,#5507));
#5494=IFCCARTESIANPOINT((0.,0.,0.));
#5495=IFCDIRECTION((1.,0.,0.));
#5496=IFCDIRECTION((0.,1.,0.));
#5497=IFCDIRECTION((0.,0.,1.));
#5498=IFCCARTESIANTRANSFORMATIONOPERATOR3D(#5495,#5496,#5494,1.,#5497);
#5499=IFCMAPPEDITEM(#4863,#5498);
#5500=IFCSHAPEREPRESENTATION(#11,'Body','MappedRepresentation',(#5499));
#5501=IFCCARTESIANPOINT((0.,0.,0.));
#5502=IFCDIRECTION((1.,0.,0.));
#5503=IFCDIRECTION((0.,1.,0.));
#5504=IFCDIRECTION((0.,0.,1.));
#5505=IFCCARTESIANTRANSFORMATIONOPERATOR3D(#5502,#5503,#5501,1.,#5504);
#5506=IFCMAPPEDITEM(#4941,#5505);
#5507=IFCSHAPEREPRESENTATION(#24,'Body','MappedRepresentation',(#5506));
#5508=IFCOPENINGELEMENT('2CwWJvWKP3kQC0dPAmvtAJ',$,'Opening',$,$,#5777,#5536,$,.OPENING.);
#5524=IFCCARTESIANPOINT((0.,0.,0.));
#5525=IFCDIRECTION((1.,0.,0.));
#5526=IFCDIRECTION((0.,0.,1.));
#5527=IFCAXIS2PLACEMENT3D(#5524,#5526,#5525);
#5528=IFCREPRESENTATIONMAP(#5527,#5767);
#5529=IFCCARTESIANPOINT((0.,0.,0.));
#5530=IFCDIRECTION((1.,0.,0.));
#5531=IFCDIRECTION((0.,1.,0.));
#5532=IFCDIRECTION((0.,0.,1.));
#5533=IFCCARTESIANTRANSFORMATIONOPERATOR3D(#5530,#5531,#5529,1.,#5532);
#5534=IFCMAPPEDITEM(#5528,#5533);
#5535=IFCSHAPEREPRESENTATION(#11,'Body','MappedRepresentation',(#5534));
#5536=IFCPRODUCTDEFINITIONSHAPE($,$,(#5535));
#5537=IFCRELVOIDSELEMENT('0CUywRZJj4ygKqAoN_s_k8',$,$,$,#2649,#5508);
#5543=IFCRELFILLSELEMENT('1EcDvZp3v31Bpbuaee5cti',$,$,$,#5508,#5483);
#5552=IFCCARTESIANPOINTLIST2D(((0.,0.),(0.,2.),(0.76391088962554932,2.),(0.76391088962554932,0.),(0.73891088925302029,0.),(0.73891088925302029,1.974999999627471),(0.02500000037252903,1.974999999627471),(0.02500000037252903,0.)));
#5553=IFCINDEXEDPOLYCURVE(#5552,(IFCLINEINDEX((1,2,3,4,5,6,7,8,1))),$);
#5554=IFCARBITRARYCLOSEDPROFILEDEF(.AREA.,$,#5553);
#5555=IFCCARTESIANPOINT((0.,0.02500000037252903,0.));
#5556=IFCDIRECTION((0.,-1.,0.));
#5557=IFCDIRECTION((1.,0.,0.));
#5558=IFCAXIS2PLACEMENT3D(#5555,#5556,#5557);
#5559=IFCDIRECTION((0.,0.,-1.));
#5560=IFCEXTRUDEDAREASOLID(#5554,#5558,#5559,0.02500000037252903);
#5561=IFCCARTESIANPOINTLIST2D(((0.,0.),(0.,2.),(0.76391088962554932,2.),(0.76391088962554932,0.),(0.71391088888049126,0.),(0.71391088888049126,1.9499999992549419),(0.05000000074505806,1.9499999992549419),(0.05000000074505806,0.)));
#5562=IFCINDEXEDPOLYCURVE(#5561,(IFCLINEINDEX((1,2,3,4,5,6,7,8,1))),$);
#5563=IFCARBITRARYCLOSEDPROFILEDEF(.AREA.,$,#5562);
#5564=IFCCARTESIANPOINT((0.,0.,0.));
#5565=IFCDIRECTION((0.,-1.,0.));
#5566=IFCDIRECTION((1.,0.,0.));
#5567=IFCAXIS2PLACEMENT3D(#5564,#5565,#5566);
#5568=IFCDIRECTION((0.,0.,-1.));
#5569=IFCEXTRUDEDAREASOLID(#5563,#5567,#5568,0.02500000037252903);
#5570=IFCCARTESIANPOINTLIST2D(((0.,0.),(0.6639108881354332,0.),(0.6639108881354332,0.10000000149011612),(0.,0.10000000149011612)));
#5571=IFCINDEXEDPOLYCURVE(#5570,(IFCLINEINDEX((1,2,3,4,1))),$);
#5572=IFCARBITRARYCLOSEDPROFILEDEF(.AREA.,$,#5571);
#5573=IFCCARTESIANPOINT((0.05000000074505806,0.,0.));
#5574=IFCDIRECTION((0.,0.,1.));
#5575=IFCDIRECTION((1.,0.,0.));
#5576=IFCAXIS2PLACEMENT3D(#5573,#5574,#5575);
#5577=IFCDIRECTION((0.,0.,1.));
#5578=IFCEXTRUDEDAREASOLID(#5572,#5576,#5577,0.02500000037252903);
#5579=IFCCARTESIANPOINTLIST2D(((0.,0.),(0.,2.0250000022351742),(0.81391089409589767,2.0250000022351742),(0.81391089409589767,0.),(0.73891089111566544,0.),(0.73891089111566544,1.9499999992549419),(0.075000002980232239,1.9499999992549419),(0.075000002980232239,0.)));
#5580=IFCINDEXEDPOLYCURVE(#5579,(IFCLINEINDEX((1,2,3,4,5,6,7,8,1))),$);
#5581=IFCARBITRARYCLOSEDPROFILEDEF(.AREA.,$,#5580);
#5582=IFCCARTESIANPOINT((-0.025000002235174179,-0.004999999888241291,0.));
#5583=IFCDIRECTION((0.,-1.,0.));
#5584=IFCDIRECTION((1.,0.,0.));
#5585=IFCAXIS2PLACEMENT3D(#5582,#5583,#5584);
#5586=IFCDIRECTION((0.,0.,-1.));
#5587=IFCEXTRUDEDAREASOLID(#5581,#5585,#5586,0.004999999888241291);
#5588=IFCCARTESIANPOINTLIST2D(((0.,0.),(0.,2.0250000022351742),(0.81391089409589767,2.0250000022351742),(0.81391089409589767,0.),(0.76391089148819447,0.),(0.76391089148819447,1.974999999627471),(0.050000002607703209,1.974999999627471),(0.050000002607703209,0.)));
#5589=IFCINDEXEDPOLYCURVE(#5588,(IFCLINEINDEX((1,2,3,4,5,6,7,8,1))),$);
#5590=IFCARBITRARYCLOSEDPROFILEDEF(.AREA.,$,#5589);
#5591=IFCCARTESIANPOINT((-0.025000002235174179,0.05000000074505806,0.));
#5592=IFCDIRECTION((0.,-1.,0.));
#5593=IFCDIRECTION((1.,0.,0.));
#5594=IFCAXIS2PLACEMENT3D(#5591,#5592,#5593);
#5595=IFCDIRECTION((0.,0.,-1.));
#5596=IFCEXTRUDEDAREASOLID(#5590,#5594,#5595,0.004999999888241291);
#5597=IFCCARTESIANPOINTLIST2D(((0.,0.),(0.71391088888049126,0.),(0.71391088888049126,0.035000000149011612),(0.,0.035000000149011612)));
#5598=IFCINDEXEDPOLYCURVE(#5597,(IFCLINEINDEX((1,2,3,4,1))),$);
#5599=IFCARBITRARYCLOSEDPROFILEDEF(.AREA.,$,#5598);
#5600=IFCCARTESIANPOINT((0.02500000037252903,0.02500000037252903,0.02500000037252903));
#5601=IFCDIRECTION((0.,0.,1.));
#5602=IFCDIRECTION((1.,0.,0.));
#5603=IFCAXIS2PLACEMENT3D(#5600,#5601,#5602);
#5604=IFCDIRECTION((0.,0.,1.));
#5605=IFCEXTRUDEDAREASOLID(#5599,#5603,#5604,1.9499999992549419);
#5606=IFCCARTESIANPOINTLIST2D(((0.,0.),(0.,-0.040000000000000001),(-0.11999999999999988,-0.040000000000000001),(-0.11999999999999988,-0.02),(-0.020000000000000018,-0.02),(-0.020000000000000018,0.)));
#5607=IFCINDEXEDPOLYCURVE(#5606,(IFCLINEINDEX((1,2,3,4,5,6,1))),$);
#5608=IFCARBITRARYCLOSEDPROFILEDEF(.AREA.,$,#5607);
#5609=IFCCARTESIANPOINT((0.68891088925302024,0.02500000037252903,1.015000000372529));
#5610=IFCDIRECTION((0.,0.,1.));
#5611=IFCDIRECTION((1.,0.,0.));
#5612=IFCAXIS2PLACEMENT3D(#5609,#5610,#5611);
#5613=IFCDIRECTION((0.,0.,1.));
#5614=IFCEXTRUDEDAREASOLID(#5608,#5612,#5613,0.02);
#5615=IFCEXTRUDEDAREASOLID(#5616,#5619,#5623,0.02);
#5616=IFCARBITRARYCLOSEDPROFILEDEF(.AREA.,$,#5617);
#5617=IFCINDEXEDPOLYCURVE(#5618,(IFCLINEINDEX((1,2,3,4,5,6,1))),$);
#5618=IFCCARTESIANPOINTLIST2D(((0.,0.),(0.,0.040000000000000008),(-0.11999999999999988,0.040000000000000008),(-0.11999999999999988,0.020000000000000004),(-0.020000000000000018,0.020000000000000004),(-0.020000000000000018,0.)));
#5619=IFCAXIS2PLACEMENT3D(#5620,#5621,#5622);
#5620=IFCCARTESIANPOINT((0.68891088925302024,0.060000000521540642,1.015000000372529));
#5621=IFCDIRECTION((0.,0.,1.));
#5622=IFCDIRECTION((1.,0.,0.));
#5623=IFCDIRECTION((0.,0.,1.));
#5625=IFCSHAPEREPRESENTATION(#11,'Body','SweptSolid',(#5596,#5578,#5715,#5688,#5569,#5706,#5560,#5697,#5679,#5587));
#5626=IFCSHAPEASPECT((#5625),'Lining',$,.T.,#5493);
#5627=IFCSHAPEREPRESENTATION(#11,'Body','SweptSolid',(#5734,#5615,#5605,#5724,#5733,#5614));
#5628=IFCSHAPEASPECT((#5627),'Framing',$,.T.,#5493);
#5668=IFCCARTESIANPOINTLIST3D(((0.,0.,0.),(0.76391088962554932,0.,0.),(0.76391088962554932,0.,2.),(0.,0.,2.)));
#5669=IFCINDEXEDPOLYCURVE(#5668,(IFCLINEINDEX((1,2,3,4,1))),$);
#5670=IFCSHAPEREPRESENTATION(#18,'Profile','Curve3D',(#5669));
#5671=IFCCARTESIANPOINTLIST2D(((0.,0.),(0.,2.),(0.76391088962554932,2.),(0.76391088962554932,0.),(0.73891088925302029,0.),(0.73891088925302029,1.974999999627471),(0.02500000037252903,1.974999999627471),(0.02500000037252903,0.)));
#5672=IFCINDEXEDPOLYCURVE(#5671,(IFCLINEINDEX((1,2,3,4,5,6,7,8,1))),$);
#5673=IFCARBITRARYCLOSEDPROFILEDEF(.AREA.,$,#5672);
#5674=IFCCARTESIANPOINT((0.,0.02500000037252903,0.));
#5675=IFCDIRECTION((0.,-1.,0.));
#5676=IFCDIRECTION((1.,0.,0.));
#5677=IFCAXIS2PLACEMENT3D(#5674,#5675,#5676);
#5678=IFCDIRECTION((0.,0.,-1.));
#5679=IFCEXTRUDEDAREASOLID(#5673,#5677,#5678,0.02500000037252903);
#5680=IFCCARTESIANPOINTLIST2D(((0.,0.),(0.,2.),(0.76391088962554932,2.),(0.76391088962554932,0.),(0.71391088888049126,0.),(0.71391088888049126,1.9499999992549419),(0.05000000074505806,1.9499999992549419),(0.05000000074505806,0.)));
#5681=IFCINDEXEDPOLYCURVE(#5680,(IFCLINEINDEX((1,2,3,4,5,6,7,8,1))),$);
#5682=IFCARBITRARYCLOSEDPROFILEDEF(.AREA.,$,#5681);
#5683=IFCCARTESIANPOINT((0.,0.,0.));
#5684=IFCDIRECTION((0.,-1.,0.));
#5685=IFCDIRECTION((1.,0.,0.));
#5686=IFCAXIS2PLACEMENT3D(#5683,#5684,#5685);
#5687=IFCDIRECTION((0.,0.,-1.));
#5688=IFCEXTRUDEDAREASOLID(#5682,#5686,#5687,0.02500000037252903);
#5689=IFCCARTESIANPOINTLIST2D(((0.,0.),(0.6639108881354332,0.),(0.6639108881354332,0.10000000149011612),(0.,0.10000000149011612)));
#5690=IFCINDEXEDPOLYCURVE(#5689,(IFCLINEINDEX((1,2,3,4,1))),$);
#5691=IFCARBITRARYCLOSEDPROFILEDEF(.AREA.,$,#5690);
#5692=IFCCARTESIANPOINT((0.05000000074505806,0.,0.));
#5693=IFCDIRECTION((0.,0.,1.));
#5694=IFCDIRECTION((1.,0.,0.));
#5695=IFCAXIS2PLACEMENT3D(#5692,#5693,#5694);
#5696=IFCDIRECTION((0.,0.,1.));
#5697=IFCEXTRUDEDAREASOLID(#5691,#5695,#5696,0.02500000037252903);
#5698=IFCCARTESIANPOINTLIST2D(((0.,0.),(0.,2.0250000022351742),(0.81391089409589767,2.0250000022351742),(0.81391089409589767,0.),(0.73891089111566544,0.),(0.73891089111566544,1.9499999992549419),(0.075000002980232239,1.9499999992549419),(0.075000002980232239,0.)));
#5699=IFCINDEXEDPOLYCURVE(#5698,(IFCLINEINDEX((1,2,3,4,5,6,7,8,1))),$);
#5700=IFCARBITRARYCLOSEDPROFILEDEF(.AREA.,$,#5699);
#5701=IFCCARTESIANPOINT((-0.025000002235174179,-0.004999999888241291,0.));
#5702=IFCDIRECTION((0.,-1.,0.));
#5703=IFCDIRECTION((1.,0.,0.));
#5704=IFCAXIS2PLACEMENT3D(#5701,#5702,#5703);
#5705=IFCDIRECTION((0.,0.,-1.));
#5706=IFCEXTRUDEDAREASOLID(#5700,#5704,#5705,0.004999999888241291);
#5707=IFCCARTESIANPOINTLIST2D(((0.,0.),(0.,2.0250000022351742),(0.81391089409589767,2.0250000022351742),(0.81391089409589767,0.),(0.76391089148819447,0.),(0.76391089148819447,1.974999999627471),(0.050000002607703209,1.974999999627471),(0.050000002607703209,0.)));
#5708=IFCINDEXEDPOLYCURVE(#5707,(IFCLINEINDEX((1,2,3,4,5,6,7,8,1))),$);
#5709=IFCARBITRARYCLOSEDPROFILEDEF(.AREA.,$,#5708);
#5710=IFCCARTESIANPOINT((-0.025000002235174179,0.05000000074505806,0.));
#5711=IFCDIRECTION((0.,-1.,0.));
#5712=IFCDIRECTION((1.,0.,0.));
#5713=IFCAXIS2PLACEMENT3D(#5710,#5711,#5712);
#5714=IFCDIRECTION((0.,0.,-1.));
#5715=IFCEXTRUDEDAREASOLID(#5709,#5713,#5714,0.004999999888241291);
#5716=IFCCARTESIANPOINTLIST2D(((0.,0.),(0.71391088888049126,0.),(0.71391088888049126,0.035000000149011612),(0.,0.035000000149011612)));
#5717=IFCINDEXEDPOLYCURVE(#5716,(IFCLINEINDEX((1,2,3,4,1))),$);
#5718=IFCARBITRARYCLOSEDPROFILEDEF(.AREA.,$,#5717);
#5719=IFCCARTESIANPOINT((0.02500000037252903,0.02500000037252903,0.02500000037252903));
#5720=IFCDIRECTION((0.,0.,1.));
#5721=IFCDIRECTION((1.,0.,0.));
#5722=IFCAXIS2PLACEMENT3D(#5719,#5720,#5721);
#5723=IFCDIRECTION((0.,0.,1.));
#5724=IFCEXTRUDEDAREASOLID(#5718,#5722,#5723,1.9499999992549419);
#5725=IFCCARTESIANPOINTLIST2D(((0.,0.),(0.,-0.040000000000000001),(-0.11999999999999988,-0.040000000000000001),(-0.11999999999999988,-0.02),(-0.020000000000000018,-0.02),(-0.020000000000000018,0.)));
#5726=IFCINDEXEDPOLYCURVE(#5725,(IFCLINEINDEX((1,2,3,4,5,6,1))),$);
#5727=IFCARBITRARYCLOSEDPROFILEDEF(.AREA.,$,#5726);
#5728=IFCCARTESIANPOINT((0.68891088925302024,0.02500000037252903,1.015000000372529));
#5729=IFCDIRECTION((0.,0.,1.));
#5730=IFCDIRECTION((1.,0.,0.));
#5731=IFCAXIS2PLACEMENT3D(#5728,#5729,#5730);
#5732=IFCDIRECTION((0.,0.,1.));
#5733=IFCEXTRUDEDAREASOLID(#5727,#5731,#5732,0.02);
#5734=IFCEXTRUDEDAREASOLID(#5735,#5738,#5742,0.02);
#5735=IFCARBITRARYCLOSEDPROFILEDEF(.AREA.,$,#5736);
#5736=IFCINDEXEDPOLYCURVE(#5737,(IFCLINEINDEX((1,2,3,4,5,6,1))),$);
#5737=IFCCARTESIANPOINTLIST2D(((0.,0.),(0.,0.040000000000000008),(-0.11999999999999988,0.040000000000000008),(-0.11999999999999988,0.020000000000000004),(-0.020000000000000018,0.020000000000000004),(-0.020000000000000018,0.)));
#5738=IFCAXIS2PLACEMENT3D(#5739,#5740,#5741);
#5739=IFCCARTESIANPOINT((0.68891088925302024,0.060000000521540642,1.015000000372529));
#5740=IFCDIRECTION((0.,0.,1.));
#5741=IFCDIRECTION((1.,0.,0.));
#5742=IFCDIRECTION((0.,0.,1.));
#5743=IFCSHAPEREPRESENTATION(#11,'Body','SweptSolid',(#5679,#5688,#5724,#5733,#5734,#5697,#5706,#5715));
#5744=IFCCARTESIANPOINTLIST2D(((0.,0.),(0.,0.05000000074505806),(0.02500000037252903,0.05000000074505806),(0.02500000037252903,0.02500000037252903),(0.05000000074505806,0.02500000037252903),(0.05000000074505806,0.)));
#5745=IFCINDEXEDPOLYCURVE(#5744,(IFCLINEINDEX((1,2,3,4,5,6,1))),$);
#5746=IFCINDEXEDPOLYCURVE(#5747,(IFCLINEINDEX((1,2,3,4,5,6,1))),$);
#5747=IFCCARTESIANPOINTLIST2D(((0.76391088962554932,0.),(0.76391088962554932,0.05000000074505806),(0.73891088925302029,0.05000000074505806),(0.73891088925302029,0.02500000037252903),(0.71391088888049126,0.02500000037252903),(0.71391088888049126,0.)));
#5748=IFCDIRECTION((1.,0.));
#5749=IFCCARTESIANPOINT((0.060000000521540642,0.05000000074505806));
#5750=IFCAXIS2PLACEMENT2D(#5749,#5748);
#5751=IFCELLIPSE(#5750,0.67891088873147964,0.71391088888049126);
#5752=IFCCARTESIANPOINT((0.73891088925302029,0.05000000074505806));
#5753=IFCCARTESIANPOINT((0.060000000521540642,0.76391088962554932));
#5754=IFCTRIMMEDCURVE(#5751,(#5752),(#5753),.T.,.CARTESIAN.);
#5755=IFCCARTESIANPOINTLIST2D(((0.02500000037252903,0.05000000074505806),(0.060000000521540642,0.05000000074505806),(0.060000000521540642,0.76391088962554932),(0.02500000037252903,0.76391088962554932)));
#5756=IFCINDEXEDPOLYCURVE(#5755,(IFCLINEINDEX((1,2,3,4,1))),$);
#5757=IFCSHAPEREPRESENTATION(#24,'Body','Curve2D',(#5745,#5746,#5754,#5756));
#5758=IFCCARTESIANPOINTLIST2D(((0.,0.),(0.76391088962554932,0.),(0.76391088962554932,2.),(0.,2.)));
#5759=IFCINDEXEDPOLYCURVE(#5758,(IFCLINEINDEX((1,2,3,4,1))),$);
#5760=IFCARBITRARYCLOSEDPROFILEDEF(.AREA.,$,#5759);
#5761=IFCCARTESIANPOINT((0.,-0.60000002384185791,0.));
#5762=IFCDIRECTION((0.,-1.,0.));
#5763=IFCDIRECTION((1.,0.,0.));
#5764=IFCAXIS2PLACEMENT3D(#5761,#5762,#5763);
#5765=IFCDIRECTION((0.,0.,-1.));
#5766=IFCEXTRUDEDAREASOLID(#5760,#5764,#5765,1.2);
#5767=IFCSHAPEREPRESENTATION(#11,'Body','SweptSolid',(#5766));
#5773=IFCCARTESIANPOINT((0.020636792242513025,0.015000111382404535,0.));
#5774=IFCDIRECTION((0.,0.,1.));
#5775=IFCDIRECTION((1.,0.,0.));
#5776=IFCAXIS2PLACEMENT3D(#5773,#5774,#5775);
#5777=IFCLOCALPLACEMENT(#3013,#5776);
#5778=IFCCARTESIANPOINT((0.,0.,0.));
#5779=IFCDIRECTION((0.,0.,1.));
#5780=IFCDIRECTION((1.,0.,0.));
#5781=IFCAXIS2PLACEMENT3D(#5778,#5779,#5780);
#5782=IFCLOCALPLACEMENT(#5777,#5781);
#5849=IFCDOOR('0FEfrbWSf2ugR57tjCCpkI',$,'Door',$,$,#6034,#5859,$,2.,1.2998231649398804,$,.SLIDING_TO_RIGHT.,$);
#5851=IFCRELDEFINESBYTYPE('0VlzWinGfA_x5grI3doLEJ',$,$,$,(#5849),#4960);
#5852=IFCCARTESIANPOINT((0.,0.,0.));
#5853=IFCDIRECTION((1.,0.,0.));
#5854=IFCDIRECTION((0.,1.,0.));
#5855=IFCDIRECTION((0.,0.,1.));
#5856=IFCCARTESIANTRANSFORMATIONOPERATOR3D(#5853,#5854,#5852,1.,#5855);
#5857=IFCMAPPEDITEM(#4963,#5856);
#5858=IFCSHAPEREPRESENTATION(#18,'Profile','MappedRepresentation',(#5857));
#5859=IFCPRODUCTDEFINITIONSHAPE($,$,(#5858,#5866,#5873,#6009));
#5860=IFCCARTESIANPOINT((0.,0.,0.));
#5861=IFCDIRECTION((1.,0.,0.));
#5862=IFCDIRECTION((0.,1.,0.));
#5863=IFCDIRECTION((0.,0.,1.));
#5864=IFCCARTESIANTRANSFORMATIONOPERATOR3D(#5861,#5862,#5860,1.,#5863);
#5865=IFCMAPPEDITEM(#4971,#5864);
#5866=IFCSHAPEREPRESENTATION(#11,'Body','MappedRepresentation',(#5865));
#5867=IFCCARTESIANPOINT((0.,0.,0.));
#5868=IFCDIRECTION((1.,0.,0.));
#5869=IFCDIRECTION((0.,1.,0.));
#5870=IFCDIRECTION((0.,0.,1.));
#5871=IFCCARTESIANTRANSFORMATIONOPERATOR3D(#5868,#5869,#5867,1.,#5870);
#5872=IFCMAPPEDITEM(#5049,#5871);
#5873=IFCSHAPEREPRESENTATION(#24,'Body','MappedRepresentation',(#5872));
#5874=IFCOPENINGELEMENT('1jUK9cF2P9tQ7aAbXuzw77',$,'Opening',$,$,#6029,#5902,$,.OPENING.);
#5890=IFCCARTESIANPOINT((0.,0.,0.));
#5891=IFCDIRECTION((1.,0.,0.));
#5892=IFCDIRECTION((0.,0.,1.));
#5893=IFCAXIS2PLACEMENT3D(#5890,#5892,#5891);
#5894=IFCREPRESENTATIONMAP(#5893,#6019);
#5895=IFCCARTESIANPOINT((0.,0.,0.));
#5896=IFCDIRECTION((1.,0.,0.));
#5897=IFCDIRECTION((0.,1.,0.));
#5898=IFCDIRECTION((0.,0.,1.));
#5899=IFCCARTESIANTRANSFORMATIONOPERATOR3D(#5896,#5897,#5895,1.,#5898);
#5900=IFCMAPPEDITEM(#5894,#5899);
#5901=IFCSHAPEREPRESENTATION(#11,'Body','MappedRepresentation',(#5900));
#5902=IFCPRODUCTDEFINITIONSHAPE($,$,(#5901));
#5903=IFCRELVOIDSELEMENT('1kzsX4EhnAvhDwHFtn1R3G',$,$,$,#2847,#5874);
#5909=IFCRELFILLSELEMENT('2ZEKq6auHDRekX7LGKPzvj',$,$,$,#5874,#5849);
#5915=IFCCARTESIANPOINTLIST3D(((0.,0.,0.),(1.2998231649398804,0.,0.),(1.2998231649398804,0.,2.),(0.,0.,2.)));
#5916=IFCINDEXEDPOLYCURVE(#5915,(IFCLINEINDEX((1,2,3,4,1))),$);
#5917=IFCSHAPEREPRESENTATION(#18,'Profile','Curve3D',(#5916));
#5918=IFCCARTESIANPOINTLIST2D(((0.,0.),(0.,2.),(1.2998231649398804,2.),(1.2998231649398804,0.),(1.2498231641948223,0.),(1.2498231641948223,1.9499999992549419),(0.05000000074505806,1.9499999992549419),(0.05000000074505806,0.)));
#5919=IFCINDEXEDPOLYCURVE(#5918,(IFCLINEINDEX((1,2,3,4,5,6,7,8,1))),$);
#5920=IFCARBITRARYCLOSEDPROFILEDEF(.AREA.,$,#5919);
#5921=IFCCARTESIANPOINT((0.,0.,0.));
#5922=IFCDIRECTION((0.,-1.,0.));
#5923=IFCDIRECTION((1.,0.,0.));
#5924=IFCAXIS2PLACEMENT3D(#5921,#5922,#5923);
#5925=IFCDIRECTION((0.,0.,-1.));
#5926=IFCEXTRUDEDAREASOLID(#5920,#5924,#5925,0.05000000074505806);
#5927=IFCCARTESIANPOINTLIST2D(((0.,0.),(1.1998231634497643,0.),(1.1998231634497643,0.10000000149011612),(0.,0.10000000149011612)));
#5928=IFCINDEXEDPOLYCURVE(#5927,(IFCLINEINDEX((1,2,3,4,1))),$);
#5929=IFCARBITRARYCLOSEDPROFILEDEF(.AREA.,$,#5928);
#5930=IFCCARTESIANPOINT((0.05000000074505806,0.,0.));
#5931=IFCDIRECTION((0.,0.,1.));
#5932=IFCDIRECTION((1.,0.,0.));
#5933=IFCAXIS2PLACEMENT3D(#5930,#5931,#5932);
#5934=IFCDIRECTION((0.,0.,1.));
#5935=IFCEXTRUDEDAREASOLID(#5929,#5933,#5934,0.02500000037252903);
#5936=IFCCARTESIANPOINTLIST2D(((0.,0.),(0.,2.0250000022351742),(1.3498231694102287,2.0250000022351742),(1.3498231694102287,0.),(1.2748231664299965,0.),(1.2748231664299965,1.9499999992549419),(0.075000002980232239,1.9499999992549419),(0.075000002980232239,0.)));
#5937=IFCINDEXEDPOLYCURVE(#5936,(IFCLINEINDEX((1,2,3,4,5,6,7,8,1))),$);
#5938=IFCARBITRARYCLOSEDPROFILEDEF(.AREA.,$,#5937);
#5939=IFCCARTESIANPOINT((-0.025000002235174179,-0.004999999888241291,0.));
#5940=IFCDIRECTION((0.,-1.,0.));
#5941=IFCDIRECTION((1.,0.,0.));
#5942=IFCAXIS2PLACEMENT3D(#5939,#5940,#5941);
#5943=IFCDIRECTION((0.,0.,-1.));
#5944=IFCEXTRUDEDAREASOLID(#5938,#5942,#5943,0.004999999888241291);
#5945=IFCCARTESIANPOINTLIST2D(((0.,0.),(0.,2.0250000022351742),(1.3498231694102287,2.0250000022351742),(1.3498231694102287,0.),(1.2748231664299965,0.),(1.2748231664299965,1.9499999992549419),(0.075000002980232239,1.9499999992549419),(0.075000002980232239,0.)));
#5946=IFCINDEXEDPOLYCURVE(#5945,(IFCLINEINDEX((1,2,3,4,5,6,7,8,1))),$);
#5947=IFCARBITRARYCLOSEDPROFILEDEF(.AREA.,$,#5946);
#5948=IFCCARTESIANPOINT((-0.025000002235174179,0.05000000074505806,0.));
#5949=IFCDIRECTION((0.,-1.,0.));
#5950=IFCDIRECTION((1.,0.,0.));
#5951=IFCAXIS2PLACEMENT3D(#5948,#5949,#5950);
#5952=IFCDIRECTION((0.,0.,-1.));
#5953=IFCEXTRUDEDAREASOLID(#5947,#5951,#5952,0.004999999888241291);
#5954=IFCCARTESIANPOINTLIST2D(((0.,0.),(1.1998231634497643,0.),(1.1998231634497643,0.035000000149011612),(0.,0.035000000149011612)));
#5955=IFCINDEXEDPOLYCURVE(#5954,(IFCLINEINDEX((1,2,3,4,1))),$);
#5956=IFCARBITRARYCLOSEDPROFILEDEF(.AREA.,$,#5955);
#5957=IFCCARTESIANPOINT((0.05000000074505806,-0.035000000149011612,0.02500000037252903));
#5958=IFCDIRECTION((0.,0.,1.));
#5959=IFCDIRECTION((1.,0.,0.));
#5960=IFCAXIS2PLACEMENT3D(#5957,#5958,#5959);
#5961=IFCDIRECTION((0.,0.,1.));
#5962=IFCEXTRUDEDAREASOLID(#5956,#5960,#5961,1.9249999988824129);
#5963=IFCCARTESIANPOINTLIST2D(((0.,0.),(0.,-0.040000000000000001),(0.12,-0.040000000000000001),(0.12,-0.02),(0.02,-0.02),(0.02,0.)));
#5964=IFCINDEXEDPOLYCURVE(#5963,(IFCLINEINDEX((1,2,3,4,5,6,1))),$);
#5965=IFCARBITRARYCLOSEDPROFILEDEF(.AREA.,$,#5964);
#5966=IFCCARTESIANPOINT((0.10000000074505806,-0.035000000149011612,1.015000000372529));
#5967=IFCDIRECTION((0.,0.,1.));
#5968=IFCDIRECTION((1.,0.,0.));
#5969=IFCAXIS2PLACEMENT3D(#5966,#5967,#5968);
#5970=IFCDIRECTION((0.,0.,1.));
#5971=IFCEXTRUDEDAREASOLID(#5965,#5969,#5970,0.02);
#5972=IFCEXTRUDEDAREASOLID(#5973,#5976,#5980,0.02);
#5973=IFCARBITRARYCLOSEDPROFILEDEF(.AREA.,$,#5974);
#5974=IFCINDEXEDPOLYCURVE(#5975,(IFCLINEINDEX((1,2,3,4,5,6,1))),$);
#5975=IFCCARTESIANPOINTLIST2D(((0.,0.),(0.,0.040000000000000008),(0.11999999999999998,0.040000000000000008),(0.11999999999999998,0.020000000000000004),(0.020000000000000004,0.020000000000000004),(0.020000000000000004,0.)));
#5976=IFCAXIS2PLACEMENT3D(#5977,#5978,#5979);
#5977=IFCCARTESIANPOINT((0.10000000074505806,0.,1.015000000372529));
#5978=IFCDIRECTION((0.,0.,1.));
#5979=IFCDIRECTION((1.,0.,0.));
#5980=IFCDIRECTION((0.,0.,1.));
#5981=IFCSHAPEREPRESENTATION(#11,'Body','SweptSolid',(#5926,#5962,#5971,#5972,#5935,#5944,#5953));
#5982=IFCSHAPEREPRESENTATION(#11,'Body','SweptSolid',(#5926,#5935,#5944,#5953));
#5983=IFCSHAPEASPECT((#5982),'Lining',$,.T.,#5859);
#5984=IFCSHAPEREPRESENTATION(#11,'Body','SweptSolid',(#5962,#5971,#5972));
#5985=IFCSHAPEASPECT((#5984),'Framing',$,.T.,#5859);
#5986=IFCCARTESIANPOINTLIST2D(((0.,0.),(0.05000000074505806,0.),(0.05000000074505806,0.05000000074505806),(0.,0.05000000074505806)));
#5987=IFCINDEXEDPOLYCURVE(#5986,(IFCLINEINDEX((1,2,3,4,1))),$);
#5988=IFCINDEXEDPOLYCURVE(#5989,(IFCLINEINDEX((1,2,3,4,1))),$);
#5989=IFCCARTESIANPOINTLIST2D(((1.2998231649398804,0.),(1.2498231641948223,0.),(1.2498231641948223,0.05000000074505806),(1.2998231649398804,0.05000000074505806)));
#5990=IFCCARTESIANPOINTLIST2D(((1.8497347459197044,-0.035000000149011612),(0.64991158246994019,-0.035000000149011612),(0.64991158246994019,0.),(1.8497347459197044,0.)));
#5991=IFCINDEXEDPOLYCURVE(#5990,(IFCLINEINDEX((1,2,3,4,1))),$);
#5992=IFCSHAPEREPRESENTATION(#24,'Body','Curve2D',(#5987,#5988,#5991));
#5993=IFCCARTESIANPOINTLIST2D(((0.46993810795247554,-0.081587428267465345),(0.82988505698740489,-0.081587428267465345)));
#5994=IFCINDEXEDPOLYCURVE(#5993,$,$);
#5995=IFCCARTESIANPOINTLIST2D(((0.49993810795247551,-0.050529142855162856),(0.46993810795247554,-0.081587428267465345),(0.49993810795247551,-0.11264571367976783)));
#5996=IFCINDEXEDPOLYCURVE(#5995,$,$);
#5997=IFCSHAPEREPRESENTATION(#25,'Annotation','Curve2D',(#5994,#5996));
#5998=IFCCARTESIANPOINT((0.,0.,0.));
#5999=IFCDIRECTION((1.,0.,0.));
#6000=IFCDIRECTION((0.,0.,1.));
#6001=IFCAXIS2PLACEMENT3D(#5998,#6000,#5999);
#6002=IFCREPRESENTATIONMAP(#6001,#5997);
#6003=IFCCARTESIANPOINT((0.,0.,0.));
#6004=IFCDIRECTION((1.,0.,0.));
#6005=IFCDIRECTION((0.,1.,0.));
#6006=IFCDIRECTION((0.,0.,1.));
#6007=IFCCARTESIANTRANSFORMATIONOPERATOR3D(#6004,#6005,#6003,1.,#6006);
#6008=IFCMAPPEDITEM(#6002,#6007);
#6009=IFCSHAPEREPRESENTATION(#25,'Annotation','MappedRepresentation',(#6008));
#6010=IFCCARTESIANPOINTLIST2D(((0.,0.),(1.2998231649398804,0.),(1.2998231649398804,2.),(0.,2.)));
#6011=IFCINDEXEDPOLYCURVE(#6010,(IFCLINEINDEX((1,2,3,4,1))),$);
#6012=IFCARBITRARYCLOSEDPROFILEDEF(.AREA.,$,#6011);
#6013=IFCCARTESIANPOINT((0.,-0.60000002384185791,0.));
#6014=IFCDIRECTION((0.,-1.,0.));
#6015=IFCDIRECTION((1.,0.,0.));
#6016=IFCAXIS2PLACEMENT3D(#6013,#6014,#6015);
#6017=IFCDIRECTION((0.,0.,-1.));
#6018=IFCEXTRUDEDAREASOLID(#6012,#6016,#6017,1.2);
#6019=IFCSHAPEREPRESENTATION(#11,'Body','SweptSolid',(#6018));
#6025=IFCCARTESIANPOINT((1.3816302546247807,0.09999972740344365,0.));
#6026=IFCDIRECTION((0.,0.,1.));
#6027=IFCDIRECTION((-0.99999999999994682,3.2584136988578502E-07,0.));
#6028=IFCAXIS2PLACEMENT3D(#6025,#6026,#6027);
#6029=IFCLOCALPLACEMENT(#3165,#6028);
#6030=IFCCARTESIANPOINT((1.1102230246251565E-16,0.,0.));
#6031=IFCDIRECTION((0.,0.,1.));
#6032=IFCDIRECTION((1.,2.1175823681357508E-22,0.));
#6033=IFCAXIS2PLACEMENT3D(#6030,#6031,#6032);
#6034=IFCLOCALPLACEMENT(#6029,#6033);
#6035=IFCWINDOWTYPE('2ZhJmkWwL1Bf0Tzrz$B2Mt',$,'LIVING-GF',$,$,(#6036),(#6045,#6093,#6115),$,$,.WINDOW.,.SINGLE_PANEL.,$,$);
#6036=IFCPROPERTYSET('3wJXD6MbX3U8bS3YTayfIi',$,'BBIM_Window',$,(#6037));
#6037=IFCPROPERTYSINGLEVALUE('Data',$,IFCTEXT('{"window_type": "SINGLE_PANEL", "overall_height": 0.8999999761581421, "overall_width": 0.7911826372146606, "lining_properties": {"lining_depth": 0.05000000074505806, "lining_thickness": 0.05000000074505806, "lining_offset": 0.05000000074505806, "lining_to_panel_offset_x": 0.02500000037252903, "lining_to_panel_offset_y": 0.02500000037252903}, "panel_properties": {"frame_depth": [0.03500000014901161, 0.03500000014901161, 0.03500000014901161], "frame_thickness": [0.03500000014901161, 0.03500000014901161, 0.03500000014901161]}}'),$);
#6041=IFCCARTESIANPOINT((0.,0.,0.));
#6042=IFCDIRECTION((1.,0.,0.));
#6043=IFCDIRECTION((0.,0.,1.));
#6044=IFCAXIS2PLACEMENT3D(#6041,#6043,#6042);
#6045=IFCREPRESENTATIONMAP(#6044,#6295);
#6089=IFCCARTESIANPOINT((0.,0.,0.));
#6090=IFCDIRECTION((1.,0.,0.));
#6091=IFCDIRECTION((0.,0.,1.));
#6092=IFCAXIS2PLACEMENT3D(#6089,#6091,#6090);
#6093=IFCREPRESENTATIONMAP(#6092,#6338);
#6111=IFCCARTESIANPOINT((0.,0.,0.));
#6112=IFCDIRECTION((1.,0.,0.));
#6113=IFCDIRECTION((0.,0.,1.));
#6114=IFCAXIS2PLACEMENT3D(#6111,#6113,#6112);
#6115=IFCREPRESENTATIONMAP(#6114,#6361);
#6116=IFCWINDOWTYPE('3ySPV9nbzCWxM_ZxOdDUsw',$,'GUEST-1-GF',$,$,(#6117),(#6119,#6127,#6175),$,$,.WINDOW.,.SINGLE_PANEL.,$,$);
#6117=IFCPROPERTYSET('1VqPy5enT4kf151GbJ9a71',$,'BBIM_Window',$,(#6118));
#6118=IFCPROPERTYSINGLEVALUE('Data',$,IFCTEXT('{"window_type": "DOUBLE_PANEL_VERTICAL", "overall_height": 0.8999999761581421, "overall_width": 1.2000000476837158, "lining_properties": {"lining_depth": 0.05000000074505806, "lining_thickness": 0.05000000074505806, "lining_offset": 0.05000000074505806, "lining_to_panel_offset_x": 0.02500000037252903, "lining_to_panel_offset_y": 0.02500000037252903, "mullion_thickness": 0.05000000074505806, "first_mullion_offset": 0.6000000238418579}, "panel_properties": {"frame_depth": [0.03500000014901161, 0.03500000014901161, 0.03500000014901161], "frame_thickness": [0.03500000014901161, 0.03500000014901161, 0.03500000014901161]}}'),$);
#6119=IFCREPRESENTATIONMAP(#6120,#7249);
#6120=IFCAXIS2PLACEMENT3D(#6121,#6122,#6123);
#6121=IFCCARTESIANPOINT((0.,0.,0.));
#6122=IFCDIRECTION((0.,0.,1.));
#6123=IFCDIRECTION((1.,0.,0.));
#6127=IFCREPRESENTATIONMAP(#6128,#7330);
#6128=IFCAXIS2PLACEMENT3D(#6129,#6130,#6131);
#6129=IFCCARTESIANPOINT((0.,0.,0.));
#6130=IFCDIRECTION((0.,0.,1.));
#6131=IFCDIRECTION((1.,0.,0.));
#6175=IFCREPRESENTATIONMAP(#6176,#7363);
#6176=IFCAXIS2PLACEMENT3D(#6177,#6178,#6179);
#6177=IFCCARTESIANPOINT((0.,0.,0.));
#6178=IFCDIRECTION((0.,0.,1.));
#6179=IFCDIRECTION((1.,0.,0.));
#6197=IFCWINDOW('2EQKNir0j0Kh$HLss1IT6U',$,'Window',$,$,#6386,#6207,$,0.89999997615814209,0.79118263721466064,$,.SINGLE_PANEL.,$);
#6199=IFCRELDEFINESBYTYPE('33ztE1aWT6QgswSBBEYPCX',$,$,$,(#6197),#6035);
#6200=IFCCARTESIANPOINT((0.,0.,0.));
#6201=IFCDIRECTION((1.,0.,0.));
#6202=IFCDIRECTION((0.,1.,0.));
#6203=IFCDIRECTION((0.,0.,1.));
#6204=IFCCARTESIANTRANSFORMATIONOPERATOR3D(#6201,#6202,#6200,1.,#6203);
#6205=IFCMAPPEDITEM(#6045,#6204);
#6206=IFCSHAPEREPRESENTATION(#18,'Profile','MappedRepresentation',(#6205));
#6207=IFCPRODUCTDEFINITIONSHAPE($,$,(#6206,#6214,#6221));
#6208=IFCCARTESIANPOINT((0.,0.,0.));
#6209=IFCDIRECTION((1.,0.,0.));
#6210=IFCDIRECTION((0.,1.,0.));
#6211=IFCDIRECTION((0.,0.,1.));
#6212=IFCCARTESIANTRANSFORMATIONOPERATOR3D(#6209,#6210,#6208,1.,#6211);
#6213=IFCMAPPEDITEM(#6093,#6212);
#6214=IFCSHAPEREPRESENTATION(#11,'Body','MappedRepresentation',(#6213));
#6215=IFCCARTESIANPOINT((0.,0.,0.));
#6216=IFCDIRECTION((1.,0.,0.));
#6217=IFCDIRECTION((0.,1.,0.));
#6218=IFCDIRECTION((0.,0.,1.));
#6219=IFCCARTESIANTRANSFORMATIONOPERATOR3D(#6216,#6217,#6215,1.,#6218);
#6220=IFCMAPPEDITEM(#6115,#6219);
#6221=IFCSHAPEREPRESENTATION(#24,'Body','MappedRepresentation',(#6220));
#6222=IFCOPENINGELEMENT('1_3bGpNqv8vOM_idrHgbr3',$,'Opening',$,$,#6381,#6250,$,.OPENING.);
#6238=IFCCARTESIANPOINT((0.,0.,0.));
#6239=IFCDIRECTION((1.,0.,0.));
#6240=IFCDIRECTION((0.,0.,1.));
#6241=IFCAXIS2PLACEMENT3D(#6238,#6240,#6239);
#6242=IFCREPRESENTATIONMAP(#6241,#6371);
#6243=IFCCARTESIANPOINT((0.,0.,0.));
#6244=IFCDIRECTION((1.,0.,0.));
#6245=IFCDIRECTION((0.,1.,0.));
#6246=IFCDIRECTION((0.,0.,1.));
#6247=IFCCARTESIANTRANSFORMATIONOPERATOR3D(#6244,#6245,#6243,1.,#6246);
#6248=IFCMAPPEDITEM(#6242,#6247);
#6249=IFCSHAPEREPRESENTATION(#11,'Body','MappedRepresentation',(#6248));
#6250=IFCPRODUCTDEFINITIONSHAPE($,$,(#6249));
#6251=IFCRELVOIDSELEMENT('3riICDQrX69PRMGvCUZ_V8',$,$,$,#1883,#6222);
#6257=IFCRELFILLSELEMENT('0kXfXmguz3oOEovRyggka9',$,$,$,#6222,#6197);
#6293=IFCCARTESIANPOINTLIST3D(((0.,0.,0.),(0.79118263721466064,0.,0.),(0.79118263721466064,0.,0.89999997615814209),(0.,0.,0.89999997615814209)));
#6294=IFCINDEXEDPOLYCURVE(#6293,(IFCLINEINDEX((1,2,3,4,1))),$);
#6295=IFCSHAPEREPRESENTATION(#18,'Profile','Curve3D',(#6294));
#6296=IFCCARTESIANPOINTLIST2D(((0.,0.),(0.79118263721466064,0.),(0.79118263721466064,0.89999997615814209),(0.,0.89999997615814209)));
#6297=IFCINDEXEDPOLYCURVE(#6296,(IFCLINEINDEX((1,2,3,4,1))),$);
#6298=IFCCARTESIANPOINTLIST2D(((0.02500000037252903,0.02500000037252903),(0.76618263684213161,0.02500000037252903),(0.76618263684213161,0.87499997578561306),(0.02500000037252903,0.87499997578561306)));
#6299=IFCINDEXEDPOLYCURVE(#6298,(IFCLINEINDEX((1,2,3,4,1))),$);
#6300=IFCARBITRARYPROFILEDEFWITHVOIDS(.AREA.,$,#6297,(#6299));
#6301=IFCCARTESIANPOINT((0.,0.090000001713633537,0.));
#6302=IFCDIRECTION((0.,-1.,0.));
#6303=IFCDIRECTION((1.,0.,0.));
#6304=IFCAXIS2PLACEMENT3D(#6301,#6302,#6303);
#6305=IFCDIRECTION((0.,0.,-1.));
#6306=IFCEXTRUDEDAREASOLID(#6300,#6304,#6305,0.0099999997764825821);
#6307=IFCCARTESIANPOINTLIST2D(((0.,0.),(0.79118263721466064,0.),(0.79118263721466064,0.89999997615814209),(0.,0.89999997615814209)));
#6308=IFCINDEXEDPOLYCURVE(#6307,(IFCLINEINDEX((1,2,3,4,1))),$);
#6309=IFCCARTESIANPOINTLIST2D(((0.05000000074505806,0.05000000074505806),(0.74118263646960258,0.05000000074505806),(0.74118263646960258,0.84999997541308403),(0.05000000074505806,0.84999997541308403)));
#6310=IFCINDEXEDPOLYCURVE(#6309,(IFCLINEINDEX((1,2,3,4,1))),$);
#6311=IFCARBITRARYPROFILEDEFWITHVOIDS(.AREA.,$,#6308,(#6310));
#6312=IFCCARTESIANPOINT((0.,0.05000000074505806,0.));
#6313=IFCDIRECTION((0.,-1.,0.));
#6314=IFCDIRECTION((1.,0.,0.));
#6315=IFCAXIS2PLACEMENT3D(#6312,#6313,#6314);
#6316=IFCDIRECTION((0.,0.,-1.));
#6317=IFCEXTRUDEDAREASOLID(#6311,#6315,#6316,0.040000000968575478);
#6318=IFCCARTESIANPOINTLIST2D(((0.,0.),(0.74118263646960258,0.),(0.74118263646960258,0.84999997541308403),(0.,0.84999997541308403)));
#6319=IFCINDEXEDPOLYCURVE(#6318,(IFCLINEINDEX((1,2,3,4,1))),$);
#6320=IFCCARTESIANPOINTLIST2D(((0.035000000149011612,0.035000000149011612),(0.70618263632059097,0.035000000149011612),(0.70618263632059097,0.81499997526407242),(0.035000000149011612,0.81499997526407242)));
#6321=IFCINDEXEDPOLYCURVE(#6320,(IFCLINEINDEX((1,2,3,4,1))),$);
#6322=IFCARBITRARYPROFILEDEFWITHVOIDS(.AREA.,$,#6319,(#6321));
#6323=IFCCARTESIANPOINT((0.02500000037252903,0.090000001713633537,0.02500000037252903));
#6324=IFCDIRECTION((0.,-1.,0.));
#6325=IFCDIRECTION((1.,0.,0.));
#6326=IFCAXIS2PLACEMENT3D(#6323,#6324,#6325);
#6327=IFCDIRECTION((0.,0.,-1.));
#6328=IFCEXTRUDEDAREASOLID(#6322,#6326,#6327,0.035000000149011612);
#6329=IFCINDEXEDPOLYCURVE(#6330,(IFCLINEINDEX((1,2,3,4,1))),$);
#6330=IFCCARTESIANPOINTLIST2D(((0.035000000149011612,0.035000000149011612),(0.70618263632059097,0.035000000149011612),(0.70618263632059097,0.81499997526407242),(0.035000000149011612,0.81499997526407242)));
#6331=IFCARBITRARYCLOSEDPROFILEDEF(.AREA.,$,#6329);
#6332=IFCCARTESIANPOINT((0.02500000037252903,0.10250000178813934,0.02500000037252903));
#6333=IFCDIRECTION((0.,-1.,0.));
#6334=IFCDIRECTION((1.,0.,0.));
#6335=IFCAXIS2PLACEMENT3D(#6332,#6333,#6334);
#6336=IFCDIRECTION((0.,0.,-1.));
#6337=IFCEXTRUDEDAREASOLID(#6331,#6335,#6336,0.01);
#6338=IFCSHAPEREPRESENTATION(#11,'Body','SweptSolid',(#6306,#6317,#6328,#6337));
#6339=IFCSHAPEREPRESENTATION(#11,'Body','SweptSolid',(#6306,#6317));
#6340=IFCSHAPEASPECT((#6339),'Lining',$,.T.,#6207);
#6341=IFCSHAPEREPRESENTATION(#11,'Body','SweptSolid',(#6328));
#6342=IFCSHAPEASPECT((#6341),'Framing',$,.T.,#6207);
#6343=IFCSHAPEREPRESENTATION(#11,'Body','SweptSolid',(#6337));
#6344=IFCSHAPEASPECT((#6343),'Glazing',$,.T.,#6207);
#6345=IFCCARTESIANPOINTLIST2D(((0.05000000074505806,0.05000000074505806),(0.74118263646960258,0.05000000074505806)));
#6346=IFCINDEXEDPOLYCURVE(#6345,$,$);
#6347=IFCCARTESIANPOINTLIST2D(((0.,0.10000000149011612),(0.02500000037252903,0.10000000149011612),(0.02500000037252903,0.090000001713633537),(0.05000000074505806,0.090000001713633537),(0.05000000074505806,0.05000000074505806),(0.,0.05000000074505806)));
#6348=IFCINDEXEDPOLYCURVE(#6347,(IFCLINEINDEX((1,2,3,4,5,6,1))),$);
#6349=IFCCARTESIANPOINTLIST2D(((0.79118263721466064,0.10000000149011612),(0.76618263684213161,0.10000000149011612),(0.76618263684213161,0.090000001713633537),(0.74118263646960258,0.090000001713633537),(0.74118263646960258,0.05000000074505806),(0.79118263721466064,0.05000000074505806)));
#6350=IFCINDEXEDPOLYCURVE(#6349,(IFCLINEINDEX((1,2,3,4,5,6,1))),$);
#6351=IFCCARTESIANPOINTLIST2D(((0.02500000037252903,0.090000001713633537),(0.060000000521540642,0.090000001713633537),(0.060000000521540642,0.12500000186264515),(0.02500000037252903,0.12500000186264515)));
#6352=IFCINDEXEDPOLYCURVE(#6351,(IFCLINEINDEX((1,2,3,4,1))),$);
#6353=IFCINDEXEDPOLYCURVE(#6354,(IFCLINEINDEX((1,2,3,4,1))),$);
#6354=IFCCARTESIANPOINTLIST2D(((0.76618263684213161,0.090000001713633537),(0.73118263669312,0.090000001713633537),(0.73118263669312,0.12500000186264515),(0.76618263684213161,0.12500000186264515)));
#6355=IFCCARTESIANPOINTLIST2D(((0.060000000521540642,0.090000001713633537),(0.73118263669312,0.090000001713633537)));
#6356=IFCINDEXEDPOLYCURVE(#6355,$,$);
#6357=IFCINDEXEDPOLYCURVE(#6358,$,$);
#6358=IFCCARTESIANPOINTLIST2D(((0.060000000521540642,0.12500000186264515),(0.73118263669312,0.12500000186264515)));
#6359=IFCINDEXEDPOLYCURVE(#6360,$,$);
#6360=IFCCARTESIANPOINTLIST2D(((0.060000000521540642,0.10750000178813934),(0.73118263669312,0.10750000178813934)));
#6361=IFCSHAPEREPRESENTATION(#24,'Body','Curve2D',(#6346,#6348,#6350,#6352,#6353,#6356,#6357,#6359));
#6362=IFCCARTESIANPOINTLIST2D(((0.,0.),(0.79118263721466064,0.),(0.79118263721466064,0.89999997615814209),(0.,0.89999997615814209)));
#6363=IFCINDEXEDPOLYCURVE(#6362,(IFCLINEINDEX((1,2,3,4,1))),$);
#6364=IFCARBITRARYCLOSEDPROFILEDEF(.AREA.,$,#6363);
#6365=IFCCARTESIANPOINT((0.,-0.60000002384185791,0.));
#6366=IFCDIRECTION((0.,-1.,0.));
#6367=IFCDIRECTION((1.,0.,0.));
#6368=IFCAXIS2PLACEMENT3D(#6365,#6366,#6367);
#6369=IFCDIRECTION((0.,0.,-1.));
#6370=IFCEXTRUDEDAREASOLID(#6364,#6368,#6369,1.2);
#6371=IFCSHAPEREPRESENTATION(#11,'Body','SweptSolid',(#6370));
#6377=IFCCARTESIANPOINT((1.7669933248956657,2.384185791015625E-07,1.));
#6378=IFCDIRECTION((0.,0.,1.));
#6379=IFCDIRECTION((0.99999999999997158,-2.3841857910155572E-07,0.));
#6380=IFCAXIS2PLACEMENT3D(#6377,#6378,#6379);
#6381=IFCLOCALPLACEMENT(#2608,#6380);
#6382=IFCCARTESIANPOINT((0.,0.,0.));
#6383=IFCDIRECTION((0.,0.,1.));
#6384=IFCDIRECTION((1.,0.,0.));
#6385=IFCAXIS2PLACEMENT3D(#6382,#6383,#6384);
#6386=IFCLOCALPLACEMENT(#6381,#6385);
#6577=IFCWINDOW('3XqUEUvsbE8B229dR7mCWh',$,'Window',$,$,#7388,#6587,$,0.89999997615814209,1.2000000476837158,$,.DOUBLE_PANEL_VERTICAL.,$);
#6579=IFCRELDEFINESBYTYPE('1qoF34TbP7$9oxlBegqiJC',$,$,$,(#6577),#6116);
#6580=IFCCARTESIANPOINT((0.,0.,0.));
#6581=IFCDIRECTION((1.,0.,0.));
#6582=IFCDIRECTION((0.,1.,0.));
#6583=IFCDIRECTION((0.,0.,1.));
#6584=IFCCARTESIANTRANSFORMATIONOPERATOR3D(#6581,#6582,#6580,1.,#6583);
#6585=IFCMAPPEDITEM(#6119,#6584);
#6586=IFCSHAPEREPRESENTATION(#18,'Profile','MappedRepresentation',(#6585));
#6587=IFCPRODUCTDEFINITIONSHAPE($,$,(#6586,#6594,#6601));
#6588=IFCCARTESIANPOINT((0.,0.,0.));
#6589=IFCDIRECTION((1.,0.,0.));
#6590=IFCDIRECTION((0.,1.,0.));
#6591=IFCDIRECTION((0.,0.,1.));
#6592=IFCCARTESIANTRANSFORMATIONOPERATOR3D(#6589,#6590,#6588,1.,#6591);
#6593=IFCMAPPEDITEM(#6127,#6592);
#6594=IFCSHAPEREPRESENTATION(#11,'Body','MappedRepresentation',(#6593));
#6595=IFCCARTESIANPOINT((0.,0.,0.));
#6596=IFCDIRECTION((1.,0.,0.));
#6597=IFCDIRECTION((0.,1.,0.));
#6598=IFCDIRECTION((0.,0.,1.));
#6599=IFCCARTESIANTRANSFORMATIONOPERATOR3D(#6596,#6597,#6595,1.,#6598);
#6600=IFCMAPPEDITEM(#6175,#6599);
#6601=IFCSHAPEREPRESENTATION(#24,'Body','MappedRepresentation',(#6600));
#6602=IFCOPENINGELEMENT('16yBCfh_DFSxZJw_0a108E',$,'Opening',$,$,#7383,#6630,$,.OPENING.);
#6618=IFCCARTESIANPOINT((0.,0.,0.));
#6619=IFCDIRECTION((1.,0.,0.));
#6620=IFCDIRECTION((0.,0.,1.));
#6621=IFCAXIS2PLACEMENT3D(#6618,#6620,#6619);
#6622=IFCREPRESENTATIONMAP(#6621,#7373);
#6623=IFCCARTESIANPOINT((0.,0.,0.));
#6624=IFCDIRECTION((1.,0.,0.));
#6625=IFCDIRECTION((0.,1.,0.));
#6626=IFCDIRECTION((0.,0.,1.));
#6627=IFCCARTESIANTRANSFORMATIONOPERATOR3D(#6624,#6625,#6623,1.,#6626);
#6628=IFCMAPPEDITEM(#6622,#6627);
#6629=IFCSHAPEREPRESENTATION(#11,'Body','MappedRepresentation',(#6628));
#6630=IFCPRODUCTDEFINITIONSHAPE($,$,(#6629));
#6631=IFCRELVOIDSELEMENT('1mRoV9pfn1B8jhLapCXOem',$,$,$,#2113,#6602);
#6637=IFCRELFILLSELEMENT('1KgbQBe9z9exSF4eROc$S1',$,$,$,#6602,#6577);
#6646=IFCCARTESIANPOINTLIST2D(((0.30000001192092896,0.),(0.,0.),(0.,0.89999997615814209),(0.30000001192092896,0.89999997615814209),(0.30000001192092896,0.87499997578561306),(0.02500000037252903,0.87499997578561306),(0.02500000037252903,0.02500000037252903),(0.30000001192092896,0.02500000037252903)));
#6647=IFCINDEXEDPOLYCURVE(#6646,(IFCLINEINDEX((1,2,3,4,5,6,7,8,1))),$);
#6648=IFCARBITRARYCLOSEDPROFILEDEF(.AREA.,$,#6647);
#6649=IFCCARTESIANPOINT((0.,0.090000001713633537,0.));
#6650=IFCDIRECTION((0.,-1.,0.));
#6651=IFCDIRECTION((1.,0.,0.));
#6652=IFCAXIS2PLACEMENT3D(#6649,#6650,#6651);
#6653=IFCDIRECTION((0.,0.,-1.));
#6654=IFCEXTRUDEDAREASOLID(#6648,#6652,#6653,0.0099999997764825821);
#6655=IFCCARTESIANPOINTLIST2D(((0.,0.),(0.30000001192092896,0.),(0.30000001192092896,0.89999997615814209),(0.,0.89999997615814209)));
#6656=IFCINDEXEDPOLYCURVE(#6655,(IFCLINEINDEX((1,2,3,4,1))),$);
#6657=IFCCARTESIANPOINTLIST2D(((0.05000000074505806,0.05000000074505806),(0.27500001154839993,0.05000000074505806),(0.27500001154839993,0.84999997541308403),(0.05000000074505806,0.84999997541308403)));
#6658=IFCINDEXEDPOLYCURVE(#6657,(IFCLINEINDEX((1,2,3,4,1))),$);
#6659=IFCARBITRARYPROFILEDEFWITHVOIDS(.AREA.,$,#6656,(#6658));
#6660=IFCCARTESIANPOINT((0.,0.05000000074505806,0.));
#6661=IFCDIRECTION((0.,-1.,0.));
#6662=IFCDIRECTION((1.,0.,0.));
#6663=IFCAXIS2PLACEMENT3D(#6660,#6661,#6662);
#6664=IFCDIRECTION((0.,0.,-1.));
#6665=IFCEXTRUDEDAREASOLID(#6659,#6663,#6664,0.040000000968575478);
#6666=IFCCARTESIANPOINTLIST2D(((0.,0.),(0.27500001154839993,0.),(0.27500001154839993,0.84999997541308403),(0.,0.84999997541308403)));
#6667=IFCINDEXEDPOLYCURVE(#6666,(IFCLINEINDEX((1,2,3,4,1))),$);
#6668=IFCCARTESIANPOINTLIST2D(((0.035000000149011612,0.035000000149011612),(0.24000001139938831,0.035000000149011612),(0.24000001139938831,0.81499997526407242),(0.035000000149011612,0.81499997526407242)));
#6669=IFCINDEXEDPOLYCURVE(#6668,(IFCLINEINDEX((1,2,3,4,1))),$);
#6670=IFCARBITRARYPROFILEDEFWITHVOIDS(.AREA.,$,#6667,(#6669));
#6671=IFCCARTESIANPOINT((0.02500000037252903,0.090000001713633537,0.02500000037252903));
#6672=IFCDIRECTION((0.,-1.,0.));
#6673=IFCDIRECTION((1.,0.,0.));
#6674=IFCAXIS2PLACEMENT3D(#6671,#6672,#6673);
#6675=IFCDIRECTION((0.,0.,-1.));
#6676=IFCEXTRUDEDAREASOLID(#6670,#6674,#6675,0.035000000149011612);
#6677=IFCINDEXEDPOLYCURVE(#6678,(IFCLINEINDEX((1,2,3,4,1))),$);
#6678=IFCCARTESIANPOINTLIST2D(((0.035000000149011612,0.035000000149011612),(0.24000001139938831,0.035000000149011612),(0.24000001139938831,0.81499997526407242),(0.035000000149011612,0.81499997526407242)));
#6679=IFCARBITRARYCLOSEDPROFILEDEF(.AREA.,$,#6677);
#6680=IFCCARTESIANPOINT((0.02500000037252903,0.10250000178813934,0.02500000037252903));
#6681=IFCDIRECTION((0.,-1.,0.));
#6682=IFCDIRECTION((1.,0.,0.));
#6683=IFCAXIS2PLACEMENT3D(#6680,#6681,#6682);
#6684=IFCDIRECTION((0.,0.,-1.));
#6685=IFCEXTRUDEDAREASOLID(#6679,#6683,#6684,0.01);
#6686=IFCCARTESIANPOINTLIST2D(((0.,0.89999997615814209),(0.88425904512405396,0.89999997615814209),(0.88425904512405396,0.),(0.,0.),(0.,0.02500000037252903),(0.85925904475152493,0.02500000037252903),(0.85925904475152493,0.87499997578561306),(0.,0.87499997578561306)));
#6687=IFCINDEXEDPOLYCURVE(#6686,(IFCLINEINDEX((1,2,3,4,5,6,7,8,1))),$);
#6688=IFCARBITRARYCLOSEDPROFILEDEF(.AREA.,$,#6687);
#6689=IFCCARTESIANPOINT((0.30000001192092896,0.090000001713633537,0.));
#6690=IFCDIRECTION((0.,-1.,0.));
#6691=IFCDIRECTION((1.,0.,0.));
#6692=IFCAXIS2PLACEMENT3D(#6689,#6690,#6691);
#6693=IFCDIRECTION((0.,0.,-1.));
#6694=IFCEXTRUDEDAREASOLID(#6688,#6692,#6693,0.0099999997764825821);
#6695=IFCCARTESIANPOINTLIST2D(((0.,0.),(0.88425904512405396,0.),(0.88425904512405396,0.89999997615814209),(0.,0.89999997615814209)));
#6696=IFCINDEXEDPOLYCURVE(#6695,(IFCLINEINDEX((1,2,3,4,1))),$);
#6697=IFCCARTESIANPOINTLIST2D(((0.02500000037252903,0.05000000074505806),(0.8342590443789959,0.05000000074505806),(0.8342590443789959,0.84999997541308403),(0.02500000037252903,0.84999997541308403)));
#6698=IFCINDEXEDPOLYCURVE(#6697,(IFCLINEINDEX((1,2,3,4,1))),$);
#6699=IFCARBITRARYPROFILEDEFWITHVOIDS(.AREA.,$,#6696,(#6698));
#6700=IFCCARTESIANPOINT((0.30000001192092896,0.05000000074505806,0.));
#6701=IFCDIRECTION((0.,-1.,0.));
#6702=IFCDIRECTION((1.,0.,0.));
#6703=IFCAXIS2PLACEMENT3D(#6700,#6701,#6702);
#6704=IFCDIRECTION((0.,0.,-1.));
#6705=IFCEXTRUDEDAREASOLID(#6699,#6703,#6704,0.040000000968575478);
#6706=IFCCARTESIANPOINTLIST2D(((0.,0.),(0.85925904475152493,0.),(0.85925904475152493,0.84999997541308403),(0.,0.84999997541308403)));
#6707=IFCINDEXEDPOLYCURVE(#6706,(IFCLINEINDEX((1,2,3,4,1))),$);
#6708=IFCCARTESIANPOINTLIST2D(((0.035000000149011612,0.035000000149011612),(0.82425904460251331,0.035000000149011612),(0.82425904460251331,0.81499997526407242),(0.035000000149011612,0.81499997526407242)));
#6709=IFCINDEXEDPOLYCURVE(#6708,(IFCLINEINDEX((1,2,3,4,1))),$);
#6710=IFCARBITRARYPROFILEDEFWITHVOIDS(.AREA.,$,#6707,(#6709));
#6711=IFCCARTESIANPOINT((0.30000001192092896,0.090000001713633537,0.02500000037252903));
#6712=IFCDIRECTION((0.,-1.,0.));
#6713=IFCDIRECTION((1.,0.,0.));
#6714=IFCAXIS2PLACEMENT3D(#6711,#6712,#6713);
#6715=IFCDIRECTION((0.,0.,-1.));
#6716=IFCEXTRUDEDAREASOLID(#6710,#6714,#6715,0.035000000149011612);
#6717=IFCINDEXEDPOLYCURVE(#6718,(IFCLINEINDEX((1,2,3,4,1))),$);
#6718=IFCCARTESIANPOINTLIST2D(((0.035000000149011612,0.035000000149011612),(0.82425904460251331,0.035000000149011612),(0.82425904460251331,0.81499997526407242),(0.035000000149011612,0.81499997526407242)));
#6719=IFCARBITRARYCLOSEDPROFILEDEF(.AREA.,$,#6717);
#6720=IFCCARTESIANPOINT((0.30000001192092896,0.10250000178813934,0.02500000037252903));
#6721=IFCDIRECTION((0.,-1.,0.));
#6722=IFCDIRECTION((1.,0.,0.));
#6723=IFCAXIS2PLACEMENT3D(#6720,#6721,#6722);
#6724=IFCDIRECTION((0.,0.,-1.));
#6725=IFCEXTRUDEDAREASOLID(#6719,#6723,#6724,0.01);
#6727=IFCSHAPEREPRESENTATION(#11,'Body','SweptSolid',(#7298,#7309,#7258,#6832,#6694,#6843,#7269,#6872,#6883,#6654,#6705,#6665));
#6728=IFCSHAPEASPECT((#6727),'Lining',$,.T.,#6587);
#6729=IFCSHAPEREPRESENTATION(#11,'Body','SweptSolid',(#7320,#6854,#6894,#7280,#6716,#6676));
#6730=IFCSHAPEASPECT((#6729),'Framing',$,.T.,#6587);
#6731=IFCSHAPEREPRESENTATION(#11,'Body','SweptSolid',(#6685,#6903,#7289,#6725,#7329,#6863));
#6732=IFCSHAPEASPECT((#6731),'Glazing',$,.T.,#6587);
#6824=IFCCARTESIANPOINTLIST2D(((0.59212952852249146,0.),(0.,0.),(0.,0.89999997615814209),(0.59212952852249146,0.89999997615814209),(0.59212952852249146,0.87499997578561306),(0.02500000037252903,0.87499997578561306),(0.02500000037252903,0.02500000037252903),(0.59212952852249146,0.02500000037252903)));
#6825=IFCINDEXEDPOLYCURVE(#6824,(IFCLINEINDEX((1,2,3,4,5,6,7,8,1))),$);
#6826=IFCARBITRARYCLOSEDPROFILEDEF(.AREA.,$,#6825);
#6827=IFCCARTESIANPOINT((0.,0.090000001713633537,0.));
#6828=IFCDIRECTION((0.,-1.,0.));
#6829=IFCDIRECTION((1.,0.,0.));
#6830=IFCAXIS2PLACEMENT3D(#6827,#6828,#6829);
#6831=IFCDIRECTION((0.,0.,-1.));
#6832=IFCEXTRUDEDAREASOLID(#6826,#6830,#6831,0.0099999997764825821);
#6833=IFCCARTESIANPOINTLIST2D(((0.,0.),(0.59212952852249146,0.),(0.59212952852249146,0.89999997615814209),(0.,0.89999997615814209)));
#6834=IFCINDEXEDPOLYCURVE(#6833,(IFCLINEINDEX((1,2,3,4,1))),$);
#6835=IFCCARTESIANPOINTLIST2D(((0.05000000074505806,0.05000000074505806),(0.56712952814996243,0.05000000074505806),(0.56712952814996243,0.84999997541308403),(0.05000000074505806,0.84999997541308403)));
#6836=IFCINDEXEDPOLYCURVE(#6835,(IFCLINEINDEX((1,2,3,4,1))),$);
#6837=IFCARBITRARYPROFILEDEFWITHVOIDS(.AREA.,$,#6834,(#6836));
#6838=IFCCARTESIANPOINT((0.,0.05000000074505806,0.));
#6839=IFCDIRECTION((0.,-1.,0.));
#6840=IFCDIRECTION((1.,0.,0.));
#6841=IFCAXIS2PLACEMENT3D(#6838,#6839,#6840);
#6842=IFCDIRECTION((0.,0.,-1.));
#6843=IFCEXTRUDEDAREASOLID(#6837,#6841,#6842,0.040000000968575478);
#6844=IFCCARTESIANPOINTLIST2D(((0.,0.),(0.56712952814996243,0.),(0.56712952814996243,0.84999997541308403),(0.,0.84999997541308403)));
#6845=IFCINDEXEDPOLYCURVE(#6844,(IFCLINEINDEX((1,2,3,4,1))),$);
#6846=IFCCARTESIANPOINTLIST2D(((0.035000000149011612,0.035000000149011612),(0.53212952800095081,0.035000000149011612),(0.53212952800095081,0.81499997526407242),(0.035000000149011612,0.81499997526407242)));
#6847=IFCINDEXEDPOLYCURVE(#6846,(IFCLINEINDEX((1,2,3,4,1))),$);
#6848=IFCARBITRARYPROFILEDEFWITHVOIDS(.AREA.,$,#6845,(#6847));
#6849=IFCCARTESIANPOINT((0.02500000037252903,0.090000001713633537,0.02500000037252903));
#6850=IFCDIRECTION((0.,-1.,0.));
#6851=IFCDIRECTION((1.,0.,0.));
#6852=IFCAXIS2PLACEMENT3D(#6849,#6850,#6851);
#6853=IFCDIRECTION((0.,0.,-1.));
#6854=IFCEXTRUDEDAREASOLID(#6848,#6852,#6853,0.035000000149011612);
#6855=IFCINDEXEDPOLYCURVE(#6856,(IFCLINEINDEX((1,2,3,4,1))),$);
#6856=IFCCARTESIANPOINTLIST2D(((0.035000000149011612,0.035000000149011612),(0.53212952800095081,0.035000000149011612),(0.53212952800095081,0.81499997526407242),(0.035000000149011612,0.81499997526407242)));
#6857=IFCARBITRARYCLOSEDPROFILEDEF(.AREA.,$,#6855);
#6858=IFCCARTESIANPOINT((0.02500000037252903,0.10250000178813934,0.02500000037252903));
#6859=IFCDIRECTION((0.,-1.,0.));
#6860=IFCDIRECTION((1.,0.,0.));
#6861=IFCAXIS2PLACEMENT3D(#6858,#6859,#6860);
#6862=IFCDIRECTION((0.,0.,-1.));
#6863=IFCEXTRUDEDAREASOLID(#6857,#6861,#6862,0.01);
#6864=IFCCARTESIANPOINTLIST2D(((0.,0.89999997615814209),(0.6061517596244812,0.89999997615814209),(0.6061517596244812,0.),(0.,0.),(0.,0.02500000037252903),(0.58115175925195217,0.02500000037252903),(0.58115175925195217,0.87499997578561306),(0.,0.87499997578561306)));
#6865=IFCINDEXEDPOLYCURVE(#6864,(IFCLINEINDEX((1,2,3,4,5,6,7,8,1))),$);
#6866=IFCARBITRARYCLOSEDPROFILEDEF(.AREA.,$,#6865);
#6867=IFCCARTESIANPOINT((0.59212952852249146,0.090000001713633537,0.));
#6868=IFCDIRECTION((0.,-1.,0.));
#6869=IFCDIRECTION((1.,0.,0.));
#6870=IFCAXIS2PLACEMENT3D(#6867,#6868,#6869);
#6871=IFCDIRECTION((0.,0.,-1.));
#6872=IFCEXTRUDEDAREASOLID(#6866,#6870,#6871,0.0099999997764825821);
#6873=IFCCARTESIANPOINTLIST2D(((0.,0.),(0.6061517596244812,0.),(0.6061517596244812,0.89999997615814209),(0.,0.89999997615814209)));
#6874=IFCINDEXEDPOLYCURVE(#6873,(IFCLINEINDEX((1,2,3,4,1))),$);
#6875=IFCCARTESIANPOINTLIST2D(((0.02500000037252903,0.05000000074505806),(0.55615175887942314,0.05000000074505806),(0.55615175887942314,0.84999997541308403),(0.02500000037252903,0.84999997541308403)));
#6876=IFCINDEXEDPOLYCURVE(#6875,(IFCLINEINDEX((1,2,3,4,1))),$);
#6877=IFCARBITRARYPROFILEDEFWITHVOIDS(.AREA.,$,#6874,(#6876));
#6878=IFCCARTESIANPOINT((0.59212952852249146,0.05000000074505806,0.));
#6879=IFCDIRECTION((0.,-1.,0.));
#6880=IFCDIRECTION((1.,0.,0.));
#6881=IFCAXIS2PLACEMENT3D(#6878,#6879,#6880);
#6882=IFCDIRECTION((0.,0.,-1.));
#6883=IFCEXTRUDEDAREASOLID(#6877,#6881,#6882,0.040000000968575478);
#6884=IFCCARTESIANPOINTLIST2D(((0.,0.),(0.58115175925195217,0.),(0.58115175925195217,0.84999997541308403),(0.,0.84999997541308403)));
#6885=IFCINDEXEDPOLYCURVE(#6884,(IFCLINEINDEX((1,2,3,4,1))),$);
#6886=IFCCARTESIANPOINTLIST2D(((0.035000000149011612,0.035000000149011612),(0.54615175910294056,0.035000000149011612),(0.54615175910294056,0.81499997526407242),(0.035000000149011612,0.81499997526407242)));
#6887=IFCINDEXEDPOLYCURVE(#6886,(IFCLINEINDEX((1,2,3,4,1))),$);
#6888=IFCARBITRARYPROFILEDEFWITHVOIDS(.AREA.,$,#6885,(#6887));
#6889=IFCCARTESIANPOINT((0.59212952852249146,0.090000001713633537,0.02500000037252903));
#6890=IFCDIRECTION((0.,-1.,0.));
#6891=IFCDIRECTION((1.,0.,0.));
#6892=IFCAXIS2PLACEMENT3D(#6889,#6890,#6891);
#6893=IFCDIRECTION((0.,0.,-1.));
#6894=IFCEXTRUDEDAREASOLID(#6888,#6892,#6893,0.035000000149011612);
#6895=IFCINDEXEDPOLYCURVE(#6896,(IFCLINEINDEX((1,2,3,4,1))),$);
#6896=IFCCARTESIANPOINTLIST2D(((0.035000000149011612,0.035000000149011612),(0.54615175910294056,0.035000000149011612),(0.54615175910294056,0.81499997526407242),(0.035000000149011612,0.81499997526407242)));
#6897=IFCARBITRARYCLOSEDPROFILEDEF(.AREA.,$,#6895);
#6898=IFCCARTESIANPOINT((0.59212952852249146,0.10250000178813934,0.02500000037252903));
#6899=IFCDIRECTION((0.,-1.,0.));
#6900=IFCDIRECTION((1.,0.,0.));
#6901=IFCAXIS2PLACEMENT3D(#6898,#6899,#6900);
#6902=IFCDIRECTION((0.,0.,-1.));
#6903=IFCEXTRUDEDAREASOLID(#6897,#6901,#6902,0.01);
#7247=IFCCARTESIANPOINTLIST3D(((0.,0.,0.),(1.2000000476837158,0.,0.),(1.2000000476837158,0.,0.89999997615814209),(0.,0.,0.89999997615814209)));
#7248=IFCINDEXEDPOLYCURVE(#7247,(IFCLINEINDEX((1,2,3,4,1))),$);
#7249=IFCSHAPEREPRESENTATION(#18,'Profile','Curve3D',(#7248));
#7250=IFCCARTESIANPOINTLIST2D(((0.60000002384185791,0.),(0.,0.),(0.,0.89999997615814209),(0.60000002384185791,0.89999997615814209),(0.60000002384185791,0.87499997578561306),(0.02500000037252903,0.87499997578561306),(0.02500000037252903,0.02500000037252903),(0.60000002384185791,0.02500000037252903)));
#7251=IFCINDEXEDPOLYCURVE(#7250,(IFCLINEINDEX((1,2,3,4,5,6,7,8,1))),$);
#7252=IFCARBITRARYCLOSEDPROFILEDEF(.AREA.,$,#7251);
#7253=IFCCARTESIANPOINT((0.,0.090000001713633537,0.));
#7254=IFCDIRECTION((0.,-1.,0.));
#7255=IFCDIRECTION((1.,0.,0.));
#7256=IFCAXIS2PLACEMENT3D(#7253,#7254,#7255);
#7257=IFCDIRECTION((0.,0.,-1.));
#7258=IFCEXTRUDEDAREASOLID(#7252,#7256,#7257,0.0099999997764825821);
#7259=IFCCARTESIANPOINTLIST2D(((0.,0.),(0.60000002384185791,0.),(0.60000002384185791,0.89999997615814209),(0.,0.89999997615814209)));
#7260=IFCINDEXEDPOLYCURVE(#7259,(IFCLINEINDEX((1,2,3,4,1))),$);
#7261=IFCCARTESIANPOINTLIST2D(((0.05000000074505806,0.05000000074505806),(0.57500002346932888,0.05000000074505806),(0.57500002346932888,0.84999997541308403),(0.05000000074505806,0.84999997541308403)));
#7262=IFCINDEXEDPOLYCURVE(#7261,(IFCLINEINDEX((1,2,3,4,1))),$);
#7263=IFCARBITRARYPROFILEDEFWITHVOIDS(.AREA.,$,#7260,(#7262));
#7264=IFCCARTESIANPOINT((0.,0.05000000074505806,0.));
#7265=IFCDIRECTION((0.,-1.,0.));
#7266=IFCDIRECTION((1.,0.,0.));
#7267=IFCAXIS2PLACEMENT3D(#7264,#7265,#7266);
#7268=IFCDIRECTION((0.,0.,-1.));
#7269=IFCEXTRUDEDAREASOLID(#7263,#7267,#7268,0.040000000968575478);
#7270=IFCCARTESIANPOINTLIST2D(((0.,0.),(0.57500002346932888,0.),(0.57500002346932888,0.84999997541308403),(0.,0.84999997541308403)));
#7271=IFCINDEXEDPOLYCURVE(#7270,(IFCLINEINDEX((1,2,3,4,1))),$);
#7272=IFCCARTESIANPOINTLIST2D(((0.035000000149011612,0.035000000149011612),(0.54000002332031727,0.035000000149011612),(0.54000002332031727,0.81499997526407242),(0.035000000149011612,0.81499997526407242)));
#7273=IFCINDEXEDPOLYCURVE(#7272,(IFCLINEINDEX((1,2,3,4,1))),$);
#7274=IFCARBITRARYPROFILEDEFWITHVOIDS(.AREA.,$,#7271,(#7273));
#7275=IFCCARTESIANPOINT((0.02500000037252903,0.090000001713633537,0.02500000037252903));
#7276=IFCDIRECTION((0.,-1.,0.));
#7277=IFCDIRECTION((1.,0.,0.));
#7278=IFCAXIS2PLACEMENT3D(#7275,#7276,#7277);
#7279=IFCDIRECTION((0.,0.,-1.));
#7280=IFCEXTRUDEDAREASOLID(#7274,#7278,#7279,0.035000000149011612);
#7281=IFCINDEXEDPOLYCURVE(#7282,(IFCLINEINDEX((1,2,3,4,1))),$);
#7282=IFCCARTESIANPOINTLIST2D(((0.035000000149011612,0.035000000149011612),(0.54000002332031727,0.035000000149011612),(0.54000002332031727,0.81499997526407242),(0.035000000149011612,0.81499997526407242)));
#7283=IFCARBITRARYCLOSEDPROFILEDEF(.AREA.,$,#7281);
#7284=IFCCARTESIANPOINT((0.02500000037252903,0.10250000178813934,0.02500000037252903));
#7285=IFCDIRECTION((0.,-1.,0.));
#7286=IFCDIRECTION((1.,0.,0.));
#7287=IFCAXIS2PLACEMENT3D(#7284,#7285,#7286);
#7288=IFCDIRECTION((0.,0.,-1.));
#7289=IFCEXTRUDEDAREASOLID(#7283,#7287,#7288,0.01);
#7290=IFCCARTESIANPOINTLIST2D(((0.,0.89999997615814209),(0.60000002384185791,0.89999997615814209),(0.60000002384185791,0.),(0.,0.),(0.,0.02500000037252903),(0.57500002346932888,0.02500000037252903),(0.57500002346932888,0.87499997578561306),(0.,0.87499997578561306)));
#7291=IFCINDEXEDPOLYCURVE(#7290,(IFCLINEINDEX((1,2,3,4,5,6,7,8,1))),$);
#7292=IFCARBITRARYCLOSEDPROFILEDEF(.AREA.,$,#7291);
#7293=IFCCARTESIANPOINT((0.60000002384185791,0.090000001713633537,0.));
#7294=IFCDIRECTION((0.,-1.,0.));
#7295=IFCDIRECTION((1.,0.,0.));
#7296=IFCAXIS2PLACEMENT3D(#7293,#7294,#7295);
#7297=IFCDIRECTION((0.,0.,-1.));
#7298=IFCEXTRUDEDAREASOLID(#7292,#7296,#7297,0.0099999997764825821);
#7299=IFCCARTESIANPOINTLIST2D(((0.,0.),(0.60000002384185791,0.),(0.60000002384185791,0.89999997615814209),(0.,0.89999997615814209)));
#7300=IFCINDEXEDPOLYCURVE(#7299,(IFCLINEINDEX((1,2,3,4,1))),$);
#7301=IFCCARTESIANPOINTLIST2D(((0.02500000037252903,0.05000000074505806),(0.55000002309679985,0.05000000074505806),(0.55000002309679985,0.84999997541308403),(0.02500000037252903,0.84999997541308403)));
#7302=IFCINDEXEDPOLYCURVE(#7301,(IFCLINEINDEX((1,2,3,4,1))),$);
#7303=IFCARBITRARYPROFILEDEFWITHVOIDS(.AREA.,$,#7300,(#7302));
#7304=IFCCARTESIANPOINT((0.60000002384185791,0.05000000074505806,0.));
#7305=IFCDIRECTION((0.,-1.,0.));
#7306=IFCDIRECTION((1.,0.,0.));
#7307=IFCAXIS2PLACEMENT3D(#7304,#7305,#7306);
#7308=IFCDIRECTION((0.,0.,-1.));
#7309=IFCEXTRUDEDAREASOLID(#7303,#7307,#7308,0.040000000968575478);
#7310=IFCCARTESIANPOINTLIST2D(((0.,0.),(0.57500002346932888,0.),(0.57500002346932888,0.84999997541308403),(0.,0.84999997541308403)));
#7311=IFCINDEXEDPOLYCURVE(#7310,(IFCLINEINDEX((1,2,3,4,1))),$);
#7312=IFCCARTESIANPOINTLIST2D(((0.035000000149011612,0.035000000149011612),(0.54000002332031727,0.035000000149011612),(0.54000002332031727,0.81499997526407242),(0.035000000149011612,0.81499997526407242)));
#7313=IFCINDEXEDPOLYCURVE(#7312,(IFCLINEINDEX((1,2,3,4,1))),$);
#7314=IFCARBITRARYPROFILEDEFWITHVOIDS(.AREA.,$,#7311,(#7313));
#7315=IFCCARTESIANPOINT((0.60000002384185791,0.090000001713633537,0.02500000037252903));
#7316=IFCDIRECTION((0.,-1.,0.));
#7317=IFCDIRECTION((1.,0.,0.));
#7318=IFCAXIS2PLACEMENT3D(#7315,#7316,#7317);
#7319=IFCDIRECTION((0.,0.,-1.));
#7320=IFCEXTRUDEDAREASOLID(#7314,#7318,#7319,0.035000000149011612);
#7321=IFCINDEXEDPOLYCURVE(#7322,(IFCLINEINDEX((1,2,3,4,1))),$);
#7322=IFCCARTESIANPOINTLIST2D(((0.035000000149011612,0.035000000149011612),(0.54000002332031727,0.035000000149011612),(0.54000002332031727,0.81499997526407242),(0.035000000149011612,0.81499997526407242)));
#7323=IFCARBITRARYCLOSEDPROFILEDEF(.AREA.,$,#7321);
#7324=IFCCARTESIANPOINT((0.60000002384185791,0.10250000178813934,0.02500000037252903));
#7325=IFCDIRECTION((0.,-1.,0.));
#7326=IFCDIRECTION((1.,0.,0.));
#7327=IFCAXIS2PLACEMENT3D(#7324,#7325,#7326);
#7328=IFCDIRECTION((0.,0.,-1.));
#7329=IFCEXTRUDEDAREASOLID(#7323,#7327,#7328,0.01);
#7330=IFCSHAPEREPRESENTATION(#11,'Body','SweptSolid',(#7258,#7269,#7280,#7289,#7298,#7309,#7320,#7329));
#7331=IFCCARTESIANPOINTLIST2D(((0.05000000074505806,0.05000000074505806),(0.57500002346932888,0.05000000074505806)));
#7332=IFCINDEXEDPOLYCURVE(#7331,$,$);
#7333=IFCCARTESIANPOINTLIST2D(((0.,0.10000000149011612),(0.02500000037252903,0.10000000149011612),(0.02500000037252903,0.090000001713633537),(0.05000000074505806,0.090000001713633537),(0.05000000074505806,0.05000000074505806),(0.,0.05000000074505806)));
#7334=IFCINDEXEDPOLYCURVE(#7333,(IFCLINEINDEX((1,2,3,4,5,6,1))),$);
#7335=IFCCARTESIANPOINTLIST2D(((0.60000002384185791,0.10000000149011612),(0.60000002384185791,0.10000000149011612),(0.60000002384185791,0.090000001713633537),(0.57500002346932888,0.090000001713633537),(0.57500002346932888,0.05000000074505806),(0.60000002384185791,0.05000000074505806)));
#7336=IFCINDEXEDPOLYCURVE(#7335,$,$);
#7337=IFCCARTESIANPOINTLIST2D(((0.02500000037252903,0.090000001713633537),(0.060000000521540642,0.090000001713633537),(0.060000000521540642,0.12500000186264515),(0.02500000037252903,0.12500000186264515)));
#7338=IFCINDEXEDPOLYCURVE(#7337,(IFCLINEINDEX((1,2,3,4,1))),$);
#7339=IFCINDEXEDPOLYCURVE(#7340,(IFCLINEINDEX((1,2,3,4,1))),$);
#7340=IFCCARTESIANPOINTLIST2D(((0.60000002384185791,0.090000001713633537),(0.5650000236928463,0.090000001713633537),(0.5650000236928463,0.12500000186264515),(0.60000002384185791,0.12500000186264515)));
#7341=IFCCARTESIANPOINTLIST2D(((0.060000000521540642,0.090000001713633537),(0.5650000236928463,0.090000001713633537)));
#7342=IFCINDEXEDPOLYCURVE(#7341,$,$);
#7343=IFCINDEXEDPOLYCURVE(#7344,$,$);
#7344=IFCCARTESIANPOINTLIST2D(((0.060000000521540642,0.12500000186264515),(0.5650000236928463,0.12500000186264515)));
#7345=IFCINDEXEDPOLYCURVE(#7346,$,$);
#7346=IFCCARTESIANPOINTLIST2D(((0.060000000521540642,0.10750000178813934),(0.5650000236928463,0.10750000178813934)));
#7347=IFCCARTESIANPOINTLIST2D(((0.62500002421438694,0.05000000074505806),(1.1500000469386578,0.05000000074505806)));
#7348=IFCINDEXEDPOLYCURVE(#7347,$,$);
#7349=IFCCARTESIANPOINTLIST2D(((0.60000002384185791,0.10000000149011612),(0.60000002384185791,0.10000000149011612),(0.60000002384185791,0.090000001713633537),(0.62500002421438694,0.090000001713633537),(0.62500002421438694,0.05000000074505806),(0.60000002384185791,0.05000000074505806)));
#7350=IFCINDEXEDPOLYCURVE(#7349,$,$);
#7351=IFCCARTESIANPOINTLIST2D(((1.2000000476837158,0.10000000149011612),(1.1750000473111868,0.10000000149011612),(1.1750000473111868,0.090000001713633537),(1.1500000469386578,0.090000001713633537),(1.1500000469386578,0.05000000074505806),(1.2000000476837158,0.05000000074505806)));
#7352=IFCINDEXEDPOLYCURVE(#7351,(IFCLINEINDEX((1,2,3,4,5,6,1))),$);
#7353=IFCCARTESIANPOINTLIST2D(((0.60000002384185791,0.090000001713633537),(0.63500002399086952,0.090000001713633537),(0.63500002399086952,0.12500000186264515),(0.60000002384185791,0.12500000186264515)));
#7354=IFCINDEXEDPOLYCURVE(#7353,(IFCLINEINDEX((1,2,3,4,1))),$);
#7355=IFCINDEXEDPOLYCURVE(#7356,(IFCLINEINDEX((1,2,3,4,1))),$);
#7356=IFCCARTESIANPOINTLIST2D(((1.1750000473111868,0.090000001713633537),(1.1400000471621752,0.090000001713633537),(1.1400000471621752,0.12500000186264515),(1.1750000473111868,0.12500000186264515)));
#7357=IFCCARTESIANPOINTLIST2D(((0.63500002399086952,0.090000001713633537),(1.1400000471621752,0.090000001713633537)));
#7358=IFCINDEXEDPOLYCURVE(#7357,$,$);
#7359=IFCINDEXEDPOLYCURVE(#7360,$,$);
#7360=IFCCARTESIANPOINTLIST2D(((0.63500002399086952,0.12500000186264515),(1.1400000471621752,0.12500000186264515)));
#7361=IFCINDEXEDPOLYCURVE(#7362,$,$);
#7362=IFCCARTESIANPOINTLIST2D(((0.63500002399086952,0.10750000178813934),(1.1400000471621752,0.10750000178813934)));
#7363=IFCSHAPEREPRESENTATION(#24,'Body','Curve2D',(#7332,#7334,#7336,#7338,#7339,#7342,#7343,#7345,#7348,#7350,#7352,#7354,#7355,#7358,#7359,#7361));
#7364=IFCCARTESIANPOINTLIST2D(((0.,0.),(1.2000000476837158,0.),(1.2000000476837158,0.89999997615814209),(0.,0.89999997615814209)));
#7365=IFCINDEXEDPOLYCURVE(#7364,(IFCLINEINDEX((1,2,3,4,1))),$);
#7366=IFCARBITRARYCLOSEDPROFILEDEF(.AREA.,$,#7365);
#7367=IFCCARTESIANPOINT((0.,-0.60000002384185791,0.));
#7368=IFCDIRECTION((0.,-1.,0.));
#7369=IFCDIRECTION((1.,0.,0.));
#7370=IFCAXIS2PLACEMENT3D(#7367,#7368,#7369);
#7371=IFCDIRECTION((0.,0.,-1.));
#7372=IFCEXTRUDEDAREASOLID(#7366,#7370,#7371,1.2);
#7373=IFCSHAPEREPRESENTATION(#11,'Body','SweptSolid',(#7372));
#7379=IFCCARTESIANPOINT((1.0481245281365257,3.7997961044311523E-07,1.));
#7380=IFCDIRECTION((0.,0.,1.));
#7381=IFCDIRECTION((0.99999999999997158,-2.3841857910155572E-07,0.));
#7382=IFCAXIS2PLACEMENT3D(#7379,#7380,#7381);
#7383=IFCLOCALPLACEMENT(#3293,#7382);
#7384=IFCCARTESIANPOINT((0.,0.,0.));
#7385=IFCDIRECTION((0.,0.,1.));
#7386=IFCDIRECTION((1.,0.,0.));
#7387=IFCAXIS2PLACEMENT3D(#7384,#7385,#7386);
#7388=IFCLOCALPLACEMENT(#7383,#7387);
#7389=IFCWINDOWTYPE('2B1tHXzhr9_QuI6_bq5GKm',$,'GUEST-2-GF',$,$,(#7390),(#7392,#7400,#7448),$,$,.WINDOW.,.SINGLE_PANEL.,$,$);
#7390=IFCPROPERTYSET('1wmjKqC7j8tOU62F2ANe4D',$,'BBIM_Window',$,(#7391));
#7391=IFCPROPERTYSINGLEVALUE('Data',$,IFCTEXT('{"window_type": "SINGLE_PANEL", "overall_height": 0.8999999761581421, "overall_width": 0.800000011920929, "lining_properties": {"lining_depth": 0.05000000074505806, "lining_thickness": 0.05000000074505806, "lining_offset": 0.05000000074505806, "lining_to_panel_offset_x": 0.02500000037252903, "lining_to_panel_offset_y": 0.02500000037252903}, "panel_properties": {"frame_depth": [0.03500000014901161, 0.03500000014901161, 0.03500000014901161], "frame_thickness": [0.03500000014901161, 0.03500000014901161, 0.03500000014901161]}}'),$);
#7392=IFCREPRESENTATIONMAP(#7393,#7553);
#7393=IFCAXIS2PLACEMENT3D(#7394,#7395,#7396);
#7394=IFCCARTESIANPOINT((0.,0.,0.));
#7395=IFCDIRECTION((0.,0.,1.));
#7396=IFCDIRECTION((1.,0.,0.));
#7400=IFCREPRESENTATIONMAP(#7401,#7596);
#7401=IFCAXIS2PLACEMENT3D(#7402,#7403,#7404);
#7402=IFCCARTESIANPOINT((0.,0.,0.));
#7403=IFCDIRECTION((0.,0.,1.));
#7404=IFCDIRECTION((1.,0.,0.));
#7448=IFCREPRESENTATIONMAP(#7449,#7619);
#7449=IFCAXIS2PLACEMENT3D(#7450,#7451,#7452);
#7450=IFCCARTESIANPOINT((0.,0.,0.));
#7451=IFCDIRECTION((0.,0.,1.));
#7452=IFCDIRECTION((1.,0.,0.));
#7470=IFCWINDOW('3VRKjkT_j48wMfT7jWruRW',$,'Window',$,$,#7644,#7480,$,0.89999997615814209,0.80000001192092896,$,.SINGLE_PANEL.,$);
#7472=IFCRELDEFINESBYTYPE('2R2t6X4Dv13h7MBzzwUKI0',$,$,$,(#7470),#7389);
#7473=IFCCARTESIANPOINT((0.,0.,0.));
#7474=IFCDIRECTION((1.,0.,0.));
#7475=IFCDIRECTION((0.,1.,0.));
#7476=IFCDIRECTION((0.,0.,1.));
#7477=IFCCARTESIANTRANSFORMATIONOPERATOR3D(#7474,#7475,#7473,1.,#7476);
#7478=IFCMAPPEDITEM(#7392,#7477);
#7479=IFCSHAPEREPRESENTATION(#18,'Profile','MappedRepresentation',(#7478));
#7480=IFCPRODUCTDEFINITIONSHAPE($,$,(#7479,#7487,#7494));
#7481=IFCCARTESIANPOINT((0.,0.,0.));
#7482=IFCDIRECTION((1.,0.,0.));
#7483=IFCDIRECTION((0.,1.,0.));
#7484=IFCDIRECTION((0.,0.,1.));
#7485=IFCCARTESIANTRANSFORMATIONOPERATOR3D(#7482,#7483,#7481,1.,#7484);
#7486=IFCMAPPEDITEM(#7400,#7485);
#7487=IFCSHAPEREPRESENTATION(#11,'Body','MappedRepresentation',(#7486));
#7488=IFCCARTESIANPOINT((0.,0.,0.));
#7489=IFCDIRECTION((1.,0.,0.));
#7490=IFCDIRECTION((0.,1.,0.));
#7491=IFCDIRECTION((0.,0.,1.));
#7492=IFCCARTESIANTRANSFORMATIONOPERATOR3D(#7489,#7490,#7488,1.,#7491);
#7493=IFCMAPPEDITEM(#7448,#7492);
#7494=IFCSHAPEREPRESENTATION(#24,'Body','MappedRepresentation',(#7493));
#7495=IFCOPENINGELEMENT('2_snRVz211ueMTV6jx01CL',$,'Opening',$,$,#7639,#7523,$,.OPENING.);
#7511=IFCCARTESIANPOINT((0.,0.,0.));
#7512=IFCDIRECTION((1.,0.,0.));
#7513=IFCDIRECTION((0.,0.,1.));
#7514=IFCAXIS2PLACEMENT3D(#7511,#7513,#7512);
#7515=IFCREPRESENTATIONMAP(#7514,#7629);
#7516=IFCCARTESIANPOINT((0.,0.,0.));
#7517=IFCDIRECTION((1.,0.,0.));
#7518=IFCDIRECTION((0.,1.,0.));
#7519=IFCDIRECTION((0.,0.,1.));
#7520=IFCCARTESIANTRANSFORMATIONOPERATOR3D(#7517,#7518,#7516,1.,#7519);
#7521=IFCMAPPEDITEM(#7515,#7520);
#7522=IFCSHAPEREPRESENTATION(#11,'Body','MappedRepresentation',(#7521));
#7523=IFCPRODUCTDEFINITIONSHAPE($,$,(#7522));
#7524=IFCRELVOIDSELEMENT('0DXWYRDZbB0wDkszeDVUJO',$,$,$,#2075,#7495);
#7530=IFCRELFILLSELEMENT('0po2ArqITCUvTsM2nyS4VW',$,$,$,#7495,#7470);
#7551=IFCCARTESIANPOINTLIST3D(((0.,0.,0.),(0.80000001192092896,0.,0.),(0.80000001192092896,0.,0.89999997615814209),(0.,0.,0.89999997615814209)));
#7552=IFCINDEXEDPOLYCURVE(#7551,(IFCLINEINDEX((1,2,3,4,1))),$);
#7553=IFCSHAPEREPRESENTATION(#18,'Profile','Curve3D',(#7552));
#7554=IFCCARTESIANPOINTLIST2D(((0.,0.),(0.80000001192092896,0.),(0.80000001192092896,0.89999997615814209),(0.,0.89999997615814209)));
#7555=IFCINDEXEDPOLYCURVE(#7554,(IFCLINEINDEX((1,2,3,4,1))),$);
#7556=IFCCARTESIANPOINTLIST2D(((0.02500000037252903,0.02500000037252903),(0.77500001154839993,0.02500000037252903),(0.77500001154839993,0.87499997578561306),(0.02500000037252903,0.87499997578561306)));
#7557=IFCINDEXEDPOLYCURVE(#7556,(IFCLINEINDEX((1,2,3,4,1))),$);
#7558=IFCARBITRARYPROFILEDEFWITHVOIDS(.AREA.,$,#7555,(#7557));
#7559=IFCCARTESIANPOINT((0.,0.090000001713633537,0.));
#7560=IFCDIRECTION((0.,-1.,0.));
#7561=IFCDIRECTION((1.,0.,0.));
#7562=IFCAXIS2PLACEMENT3D(#7559,#7560,#7561);
#7563=IFCDIRECTION((0.,0.,-1.));
#7564=IFCEXTRUDEDAREASOLID(#7558,#7562,#7563,0.0099999997764825821);
#7565=IFCCARTESIANPOINTLIST2D(((0.,0.),(0.80000001192092896,0.),(0.80000001192092896,0.89999997615814209),(0.,0.89999997615814209)));
#7566=IFCINDEXEDPOLYCURVE(#7565,(IFCLINEINDEX((1,2,3,4,1))),$);
#7567=IFCCARTESIANPOINTLIST2D(((0.05000000074505806,0.05000000074505806),(0.7500000111758709,0.05000000074505806),(0.7500000111758709,0.84999997541308403),(0.05000000074505806,0.84999997541308403)));
#7568=IFCINDEXEDPOLYCURVE(#7567,(IFCLINEINDEX((1,2,3,4,1))),$);
#7569=IFCARBITRARYPROFILEDEFWITHVOIDS(.AREA.,$,#7566,(#7568));
#7570=IFCCARTESIANPOINT((0.,0.05000000074505806,0.));
#7571=IFCDIRECTION((0.,-1.,0.));
#7572=IFCDIRECTION((1.,0.,0.));
#7573=IFCAXIS2PLACEMENT3D(#7570,#7571,#7572);
#7574=IFCDIRECTION((0.,0.,-1.));
#7575=IFCEXTRUDEDAREASOLID(#7569,#7573,#7574,0.040000000968575478);
#7576=IFCCARTESIANPOINTLIST2D(((0.,0.),(0.7500000111758709,0.),(0.7500000111758709,0.84999997541308403),(0.,0.84999997541308403)));
#7577=IFCINDEXEDPOLYCURVE(#7576,(IFCLINEINDEX((1,2,3,4,1))),$);
#7578=IFCCARTESIANPOINTLIST2D(((0.035000000149011612,0.035000000149011612),(0.71500001102685928,0.035000000149011612),(0.71500001102685928,0.81499997526407242),(0.035000000149011612,0.81499997526407242)));
#7579=IFCINDEXEDPOLYCURVE(#7578,(IFCLINEINDEX((1,2,3,4,1))),$);
#7580=IFCARBITRARYPROFILEDEFWITHVOIDS(.AREA.,$,#7577,(#7579));
#7581=IFCCARTESIANPOINT((0.02500000037252903,0.090000001713633537,0.02500000037252903));
#7582=IFCDIRECTION((0.,-1.,0.));
#7583=IFCDIRECTION((1.,0.,0.));
#7584=IFCAXIS2PLACEMENT3D(#7581,#7582,#7583);
#7585=IFCDIRECTION((0.,0.,-1.));
#7586=IFCEXTRUDEDAREASOLID(#7580,#7584,#7585,0.035000000149011612);
#7587=IFCINDEXEDPOLYCURVE(#7588,(IFCLINEINDEX((1,2,3,4,1))),$);
#7588=IFCCARTESIANPOINTLIST2D(((0.035000000149011612,0.035000000149011612),(0.71500001102685928,0.035000000149011612),(0.71500001102685928,0.81499997526407242),(0.035000000149011612,0.81499997526407242)));
#7589=IFCARBITRARYCLOSEDPROFILEDEF(.AREA.,$,#7587);
#7590=IFCCARTESIANPOINT((0.02500000037252903,0.10250000178813934,0.02500000037252903));
#7591=IFCDIRECTION((0.,-1.,0.));
#7592=IFCDIRECTION((1.,0.,0.));
#7593=IFCAXIS2PLACEMENT3D(#7590,#7591,#7592);
#7594=IFCDIRECTION((0.,0.,-1.));
#7595=IFCEXTRUDEDAREASOLID(#7589,#7593,#7594,0.01);
#7596=IFCSHAPEREPRESENTATION(#11,'Body','SweptSolid',(#7564,#7575,#7586,#7595));
#7597=IFCSHAPEREPRESENTATION(#11,'Body','SweptSolid',(#7564,#7575));
#7598=IFCSHAPEASPECT((#7597),'Lining',$,.T.,#7480);
#7599=IFCSHAPEREPRESENTATION(#11,'Body','SweptSolid',(#7586));
#7600=IFCSHAPEASPECT((#7599),'Framing',$,.T.,#7480);
#7601=IFCSHAPEREPRESENTATION(#11,'Body','SweptSolid',(#7595));
#7602=IFCSHAPEASPECT((#7601),'Glazing',$,.T.,#7480);
#7603=IFCCARTESIANPOINTLIST2D(((0.05000000074505806,0.05000000074505806),(0.7500000111758709,0.05000000074505806)));
#7604=IFCINDEXEDPOLYCURVE(#7603,$,$);
#7605=IFCCARTESIANPOINTLIST2D(((0.,0.10000000149011612),(0.02500000037252903,0.10000000149011612),(0.02500000037252903,0.090000001713633537),(0.05000000074505806,0.090000001713633537),(0.05000000074505806,0.05000000074505806),(0.,0.05000000074505806)));
#7606=IFCINDEXEDPOLYCURVE(#7605,(IFCLINEINDEX((1,2,3,4,5,6,1))),$);
#7607=IFCCARTESIANPOINTLIST2D(((0.80000001192092896,0.10000000149011612),(0.77500001154839993,0.10000000149011612),(0.77500001154839993,0.090000001713633537),(0.7500000111758709,0.090000001713633537),(0.7500000111758709,0.05000000074505806),(0.80000001192092896,0.05000000074505806)));
#7608=IFCINDEXEDPOLYCURVE(#7607,(IFCLINEINDEX((1,2,3,4,5,6,1))),$);
#7609=IFCCARTESIANPOINTLIST2D(((0.02500000037252903,0.090000001713633537),(0.060000000521540642,0.090000001713633537),(0.060000000521540642,0.12500000186264515),(0.02500000037252903,0.12500000186264515)));
#7610=IFCINDEXEDPOLYCURVE(#7609,(IFCLINEINDEX((1,2,3,4,1))),$);
#7611=IFCINDEXEDPOLYCURVE(#7612,(IFCLINEINDEX((1,2,3,4,1))),$);
#7612=IFCCARTESIANPOINTLIST2D(((0.77500001154839993,0.090000001713633537),(0.74000001139938831,0.090000001713633537),(0.74000001139938831,0.12500000186264515),(0.77500001154839993,0.12500000186264515)));
#7613=IFCCARTESIANPOINTLIST2D(((0.060000000521540642,0.090000001713633537),(0.74000001139938831,0.090000001713633537)));
#7614=IFCINDEXEDPOLYCURVE(#7613,$,$);
#7615=IFCINDEXEDPOLYCURVE(#7616,$,$);
#7616=IFCCARTESIANPOINTLIST2D(((0.060000000521540642,0.12500000186264515),(0.74000001139938831,0.12500000186264515)));
#7617=IFCINDEXEDPOLYCURVE(#7618,$,$);
#7618=IFCCARTESIANPOINTLIST2D(((0.060000000521540642,0.10750000178813934),(0.74000001139938831,0.10750000178813934)));
#7619=IFCSHAPEREPRESENTATION(#24,'Body','Curve2D',(#7604,#7606,#7608,#7610,#7611,#7614,#7615,#7617));
#7620=IFCCARTESIANPOINTLIST2D(((0.,0.),(0.80000001192092896,0.),(0.80000001192092896,0.89999997615814209),(0.,0.89999997615814209)));
#7621=IFCINDEXEDPOLYCURVE(#7620,(IFCLINEINDEX((1,2,3,4,1))),$);
#7622=IFCARBITRARYCLOSEDPROFILEDEF(.AREA.,$,#7621);
#7623=IFCCARTESIANPOINT((0.,-0.60000002384185791,0.));
#7624=IFCDIRECTION((0.,-1.,0.));
#7625=IFCDIRECTION((1.,0.,0.));
#7626=IFCAXIS2PLACEMENT3D(#7623,#7624,#7625);
#7627=IFCDIRECTION((0.,0.,-1.));
#7628=IFCEXTRUDEDAREASOLID(#7622,#7626,#7627,1.2);
#7629=IFCSHAPEREPRESENTATION(#11,'Body','SweptSolid',(#7628));
#7635=IFCCARTESIANPOINT((3.054920157998553,7.3058402705328263E-07,1.));
#7636=IFCDIRECTION((0.,0.,1.));
#7637=IFCDIRECTION((0.99999999999999289,1.1920928244535129E-07,0.));
#7638=IFCAXIS2PLACEMENT3D(#7635,#7636,#7637);
#7639=IFCLOCALPLACEMENT(#3242,#7638);
#7640=IFCCARTESIANPOINT((-4.4408920985006262E-16,0.,0.));
#7641=IFCDIRECTION((0.,0.,1.));
#7642=IFCDIRECTION((1.,0.,0.));
#7643=IFCAXIS2PLACEMENT3D(#7640,#7641,#7642);
#7644=IFCLOCALPLACEMENT(#7639,#7643);
#7645=IFCWINDOWTYPE('0_5MuYYEj5kxOQZj_KgS6Y',$,'MAID-GF',$,$,(#7646),(#7648,#7656,#7704),$,$,.WINDOW.,.SINGLE_PANEL.,$,$);
#7646=IFCPROPERTYSET('1coLmPJ9H0pwDq1MRu6uIz',$,'BBIM_Window',$,(#7647));
#7647=IFCPROPERTYSINGLEVALUE('Data',$,IFCTEXT('{"window_type": "SINGLE_PANEL", "overall_height": 0.8999999761581421, "overall_width": 0.800000011920929, "lining_properties": {"lining_depth": 0.05000000074505806, "lining_thickness": 0.05000000074505806, "lining_offset": 0.05000000074505806, "lining_to_panel_offset_x": 0.02500000037252903, "lining_to_panel_offset_y": 0.02500000037252903}, "panel_properties": {"frame_depth": [0.03500000014901161, 0.03500000014901161, 0.03500000014901161], "frame_thickness": [0.03500000014901161, 0.03500000014901161, 0.03500000014901161]}}'),$);
#7648=IFCREPRESENTATIONMAP(#7649,#7809);
#7649=IFCAXIS2PLACEMENT3D(#7650,#7651,#7652);
#7650=IFCCARTESIANPOINT((0.,0.,0.));
#7651=IFCDIRECTION((0.,0.,1.));
#7652=IFCDIRECTION((1.,0.,0.));
#7656=IFCREPRESENTATIONMAP(#7657,#7852);
#7657=IFCAXIS2PLACEMENT3D(#7658,#7659,#7660);
#7658=IFCCARTESIANPOINT((0.,0.,0.));
#7659=IFCDIRECTION((0.,0.,1.));
#7660=IFCDIRECTION((1.,0.,0.));
#7704=IFCREPRESENTATIONMAP(#7705,#7875);
#7705=IFCAXIS2PLACEMENT3D(#7706,#7707,#7708);
#7706=IFCCARTESIANPOINT((0.,0.,0.));
#7707=IFCDIRECTION((0.,0.,1.));
#7708=IFCDIRECTION((1.,0.,0.));
#7726=IFCWINDOW('21U0WL5yr0f8TZ9vybvZmf',$,'Window',$,$,#7900,#7736,$,0.89999997615814209,0.80000001192092896,$,.SINGLE_PANEL.,$);
#7728=IFCRELDEFINESBYTYPE('1BgRjoLMrDCPDChv7vRhcA',$,$,$,(#7726),#7645);
#7729=IFCCARTESIANPOINT((0.,0.,0.));
#7730=IFCDIRECTION((1.,0.,0.));
#7731=IFCDIRECTION((0.,1.,0.));
#7732=IFCDIRECTION((0.,0.,1.));
#7733=IFCCARTESIANTRANSFORMATIONOPERATOR3D(#7730,#7731,#7729,1.,#7732);
#7734=IFCMAPPEDITEM(#7648,#7733);
#7735=IFCSHAPEREPRESENTATION(#18,'Profile','MappedRepresentation',(#7734));
#7736=IFCPRODUCTDEFINITIONSHAPE($,$,(#7735,#7743,#7750));
#7737=IFCCARTESIANPOINT((0.,0.,0.));
#7738=IFCDIRECTION((1.,0.,0.));
#7739=IFCDIRECTION((0.,1.,0.));
#7740=IFCDIRECTION((0.,0.,1.));
#7741=IFCCARTESIANTRANSFORMATIONOPERATOR3D(#7738,#7739,#7737,1.,#7740);
#7742=IFCMAPPEDITEM(#7656,#7741);
#7743=IFCSHAPEREPRESENTATION(#11,'Body','MappedRepresentation',(#7742));
#7744=IFCCARTESIANPOINT((0.,0.,0.));
#7745=IFCDIRECTION((1.,0.,0.));
#7746=IFCDIRECTION((0.,1.,0.));
#7747=IFCDIRECTION((0.,0.,1.));
#7748=IFCCARTESIANTRANSFORMATIONOPERATOR3D(#7745,#7746,#7744,1.,#7747);
#7749=IFCMAPPEDITEM(#7704,#7748);
#7750=IFCSHAPEREPRESENTATION(#24,'Body','MappedRepresentation',(#7749));
#7751=IFCOPENINGELEMENT('1EcHR804n8LOfiUTb7MLQu',$,'Opening',$,$,#7895,#7779,$,.OPENING.);
#7767=IFCCARTESIANPOINT((0.,0.,0.));
#7768=IFCDIRECTION((1.,0.,0.));
#7769=IFCDIRECTION((0.,0.,1.));
#7770=IFCAXIS2PLACEMENT3D(#7767,#7769,#7768);
#7771=IFCREPRESENTATIONMAP(#7770,#7885);
#7772=IFCCARTESIANPOINT((0.,0.,0.));
#7773=IFCDIRECTION((1.,0.,0.));
#7774=IFCDIRECTION((0.,1.,0.));
#7775=IFCDIRECTION((0.,0.,1.));
#7776=IFCCARTESIANTRANSFORMATIONOPERATOR3D(#7773,#7774,#7772,1.,#7775);
#7777=IFCMAPPEDITEM(#7771,#7776);
#7778=IFCSHAPEREPRESENTATION(#11,'Body','MappedRepresentation',(#7777));
#7779=IFCPRODUCTDEFINITIONSHAPE($,$,(#7778));
#7780=IFCRELVOIDSELEMENT('2G$Di_hLX4vB32u9gXixqT',$,$,$,#2037,#7751);
#7786=IFCRELFILLSELEMENT('2$PDho9eTBCOKMnIrkGJQ_',$,$,$,#7751,#7726);
#7807=IFCCARTESIANPOINTLIST3D(((0.,0.,0.),(0.80000001192092896,0.,0.),(0.80000001192092896,0.,0.89999997615814209),(0.,0.,0.89999997615814209)));
#7808=IFCINDEXEDPOLYCURVE(#7807,(IFCLINEINDEX((1,2,3,4,1))),$);
#7809=IFCSHAPEREPRESENTATION(#18,'Profile','Curve3D',(#7808));
#7810=IFCCARTESIANPOINTLIST2D(((0.,0.),(0.80000001192092896,0.),(0.80000001192092896,0.89999997615814209),(0.,0.89999997615814209)));
#7811=IFCINDEXEDPOLYCURVE(#7810,(IFCLINEINDEX((1,2,3,4,1))),$);
#7812=IFCCARTESIANPOINTLIST2D(((0.02500000037252903,0.02500000037252903),(0.77500001154839993,0.02500000037252903),(0.77500001154839993,0.87499997578561306),(0.02500000037252903,0.87499997578561306)));
#7813=IFCINDEXEDPOLYCURVE(#7812,(IFCLINEINDEX((1,2,3,4,1))),$);
#7814=IFCARBITRARYPROFILEDEFWITHVOIDS(.AREA.,$,#7811,(#7813));
#7815=IFCCARTESIANPOINT((0.,0.090000001713633537,0.));
#7816=IFCDIRECTION((0.,-1.,0.));
#7817=IFCDIRECTION((1.,0.,0.));
#7818=IFCAXIS2PLACEMENT3D(#7815,#7816,#7817);
#7819=IFCDIRECTION((0.,0.,-1.));
#7820=IFCEXTRUDEDAREASOLID(#7814,#7818,#7819,0.0099999997764825821);
#7821=IFCCARTESIANPOINTLIST2D(((0.,0.),(0.80000001192092896,0.),(0.80000001192092896,0.89999997615814209),(0.,0.89999997615814209)));
#7822=IFCINDEXEDPOLYCURVE(#7821,(IFCLINEINDEX((1,2,3,4,1))),$);
#7823=IFCCARTESIANPOINTLIST2D(((0.05000000074505806,0.05000000074505806),(0.7500000111758709,0.05000000074505806),(0.7500000111758709,0.84999997541308403),(0.05000000074505806,0.84999997541308403)));
#7824=IFCINDEXEDPOLYCURVE(#7823,(IFCLINEINDEX((1,2,3,4,1))),$);
#7825=IFCARBITRARYPROFILEDEFWITHVOIDS(.AREA.,$,#7822,(#7824));
#7826=IFCCARTESIANPOINT((0.,0.05000000074505806,0.));
#7827=IFCDIRECTION((0.,-1.,0.));
#7828=IFCDIRECTION((1.,0.,0.));
#7829=IFCAXIS2PLACEMENT3D(#7826,#7827,#7828);
#7830=IFCDIRECTION((0.,0.,-1.));
#7831=IFCEXTRUDEDAREASOLID(#7825,#7829,#7830,0.040000000968575478);
#7832=IFCCARTESIANPOINTLIST2D(((0.,0.),(0.7500000111758709,0.),(0.7500000111758709,0.84999997541308403),(0.,0.84999997541308403)));
#7833=IFCINDEXEDPOLYCURVE(#7832,(IFCLINEINDEX((1,2,3,4,1))),$);
#7834=IFCCARTESIANPOINTLIST2D(((0.035000000149011612,0.035000000149011612),(0.71500001102685928,0.035000000149011612),(0.71500001102685928,0.81499997526407242),(0.035000000149011612,0.81499997526407242)));
#7835=IFCINDEXEDPOLYCURVE(#7834,(IFCLINEINDEX((1,2,3,4,1))),$);
#7836=IFCARBITRARYPROFILEDEFWITHVOIDS(.AREA.,$,#7833,(#7835));
#7837=IFCCARTESIANPOINT((0.02500000037252903,0.090000001713633537,0.02500000037252903));
#7838=IFCDIRECTION((0.,-1.,0.));
#7839=IFCDIRECTION((1.,0.,0.));
#7840=IFCAXIS2PLACEMENT3D(#7837,#7838,#7839);
#7841=IFCDIRECTION((0.,0.,-1.));
#7842=IFCEXTRUDEDAREASOLID(#7836,#7840,#7841,0.035000000149011612);
#7843=IFCINDEXEDPOLYCURVE(#7844,(IFCLINEINDEX((1,2,3,4,1))),$);
#7844=IFCCARTESIANPOINTLIST2D(((0.035000000149011612,0.035000000149011612),(0.71500001102685928,0.035000000149011612),(0.71500001102685928,0.81499997526407242),(0.035000000149011612,0.81499997526407242)));
#7845=IFCARBITRARYCLOSEDPROFILEDEF(.AREA.,$,#7843);
#7846=IFCCARTESIANPOINT((0.02500000037252903,0.10250000178813934,0.02500000037252903));
#7847=IFCDIRECTION((0.,-1.,0.));
#7848=IFCDIRECTION((1.,0.,0.));
#7849=IFCAXIS2PLACEMENT3D(#7846,#7847,#7848);
#7850=IFCDIRECTION((0.,0.,-1.));
#7851=IFCEXTRUDEDAREASOLID(#7845,#7849,#7850,0.01);
#7852=IFCSHAPEREPRESENTATION(#11,'Body','SweptSolid',(#7820,#7831,#7842,#7851));
#7853=IFCSHAPEREPRESENTATION(#11,'Body','SweptSolid',(#7820,#7831));
#7854=IFCSHAPEASPECT((#7853),'Lining',$,.T.,#7736);
#7855=IFCSHAPEREPRESENTATION(#11,'Body','SweptSolid',(#7842));
#7856=IFCSHAPEASPECT((#7855),'Framing',$,.T.,#7736);
#7857=IFCSHAPEREPRESENTATION(#11,'Body','SweptSolid',(#7851));
#7858=IFCSHAPEASPECT((#7857),'Glazing',$,.T.,#7736);
#7859=IFCCARTESIANPOINTLIST2D(((0.05000000074505806,0.05000000074505806),(0.7500000111758709,0.05000000074505806)));
#7860=IFCINDEXEDPOLYCURVE(#7859,$,$);
#7861=IFCCARTESIANPOINTLIST2D(((0.,0.10000000149011612),(0.02500000037252903,0.10000000149011612),(0.02500000037252903,0.090000001713633537),(0.05000000074505806,0.090000001713633537),(0.05000000074505806,0.05000000074505806),(0.,0.05000000074505806)));
#7862=IFCINDEXEDPOLYCURVE(#7861,(IFCLINEINDEX((1,2,3,4,5,6,1))),$);
#7863=IFCCARTESIANPOINTLIST2D(((0.80000001192092896,0.10000000149011612),(0.77500001154839993,0.10000000149011612),(0.77500001154839993,0.090000001713633537),(0.7500000111758709,0.090000001713633537),(0.7500000111758709,0.05000000074505806),(0.80000001192092896,0.05000000074505806)));
#7864=IFCINDEXEDPOLYCURVE(#7863,(IFCLINEINDEX((1,2,3,4,5,6,1))),$);
#7865=IFCCARTESIANPOINTLIST2D(((0.02500000037252903,0.090000001713633537),(0.060000000521540642,0.090000001713633537),(0.060000000521540642,0.12500000186264515),(0.02500000037252903,0.12500000186264515)));
#7866=IFCINDEXEDPOLYCURVE(#7865,(IFCLINEINDEX((1,2,3,4,1))),$);
#7867=IFCINDEXEDPOLYCURVE(#7868,(IFCLINEINDEX((1,2,3,4,1))),$);
#7868=IFCCARTESIANPOINTLIST2D(((0.77500001154839993,0.090000001713633537),(0.74000001139938831,0.090000001713633537),(0.74000001139938831,0.12500000186264515),(0.77500001154839993,0.12500000186264515)));
#7869=IFCCARTESIANPOINTLIST2D(((0.060000000521540642,0.090000001713633537),(0.74000001139938831,0.090000001713633537)));
#7870=IFCINDEXEDPOLYCURVE(#7869,$,$);
#7871=IFCINDEXEDPOLYCURVE(#7872,$,$);
#7872=IFCCARTESIANPOINTLIST2D(((0.060000000521540642,0.12500000186264515),(0.74000001139938831,0.12500000186264515)));
#7873=IFCINDEXEDPOLYCURVE(#7874,$,$);
#7874=IFCCARTESIANPOINTLIST2D(((0.060000000521540642,0.10750000178813934),(0.74000001139938831,0.10750000178813934)));
#7875=IFCSHAPEREPRESENTATION(#24,'Body','Curve2D',(#7860,#7862,#7864,#7866,#7867,#7870,#7871,#7873));
#7876=IFCCARTESIANPOINTLIST2D(((0.,0.),(0.80000001192092896,0.),(0.80000001192092896,0.89999997615814209),(0.,0.89999997615814209)));
#7877=IFCINDEXEDPOLYCURVE(#7876,(IFCLINEINDEX((1,2,3,4,1))),$);
#7878=IFCARBITRARYCLOSEDPROFILEDEF(.AREA.,$,#7877);
#7879=IFCCARTESIANPOINT((0.,-0.60000002384185791,0.));
#7880=IFCDIRECTION((0.,-1.,0.));
#7881=IFCDIRECTION((1.,0.,0.));
#7882=IFCAXIS2PLACEMENT3D(#7879,#7880,#7881);
#7883=IFCDIRECTION((0.,0.,-1.));
#7884=IFCEXTRUDEDAREASOLID(#7878,#7882,#7883,1.2);
#7885=IFCSHAPEREPRESENTATION(#11,'Body','SweptSolid',(#7884));
#7891=IFCCARTESIANPOINT((0.76778267236369124,7.5863984427826381E-08,1.));
#7892=IFCDIRECTION((0.,0.,1.));
#7893=IFCDIRECTION((0.99999999999995448,-3.0199159084529453E-07,0.));
#7894=IFCAXIS2PLACEMENT3D(#7891,#7892,#7893);
#7895=IFCLOCALPLACEMENT(#3197,#7894);
#7896=IFCCARTESIANPOINT((-1.1102230246251565E-16,0.,0.));
#7897=IFCDIRECTION((0.,0.,1.));
#7898=IFCDIRECTION((1.,-5.2939559203393771E-23,0.));
#7899=IFCAXIS2PLACEMENT3D(#7896,#7897,#7898);
#7900=IFCLOCALPLACEMENT(#7895,#7899);
#7901=IFCCARTESIANPOINT((0.,0.,3.));
#7902=IFCDIRECTION((0.,0.,1.));
#7903=IFCDIRECTION((1.,0.,0.));
#7904=IFCAXIS2PLACEMENT3D(#7901,#7902,#7903);
#7905=IFCLOCALPLACEMENT(#56,#7904);
#7906=IFCSLAB('06A4l0q0125ABaI5YwcoUc',$,'Slab',$,$,#7914,#7921,$,$);
#7907=IFCRELCONTAINEDINSPATIALSTRUCTURE('3mpfaI_e51$Qa9B3ZeDKyV',$,$,$,(#12290,#11470,#12907,#11570,#11394,#11372,#11495,#15525,#14298,#11595,#15460,#12766,#14763,#7906,#11520,#11420,#11445,#17228,#17163,#11620,#12696,#11545,#17098,#16968,#17033,#15684,#14579,#9093,#15590,#12587),#39);
#7908=IFCMATERIALLAYERSETUSAGE(#3431,.AXIS3.,.POSITIVE.,-0.10000000149011612,$);
#7909=IFCRELASSOCIATESMATERIAL('2FxXml$v96k8waiewKpXes',$,$,$,(#7906),#7908);
#7910=IFCCARTESIANPOINT((0.21894910931587219,-2.6199922561645508,0.));
#7911=IFCDIRECTION((0.,0.,1.));
#7912=IFCDIRECTION((1.,0.,0.));
#7913=IFCAXIS2PLACEMENT3D(#7910,#7911,#7912);
#7914=IFCLOCALPLACEMENT(#7905,#7913);
#7915=IFCCARTESIANPOINTLIST2D(((0.,0.),(4.0099964141845703,0.),(4.0099983215332031,9.1392555236816406),(0.54999828338623047,9.1392555236816406),(0.54999840259552002,7.6692562103271484),(-3.0000016689300537,7.6692566871643066),(-3.0000011920928955,2.519256591796875),(-2.6822090148925781E-07,2.519256591796875),(0.,0.)));
#7916=IFCINDEXEDPOLYCURVE(#7915,$,$);
#7917=IFCDIRECTION((0.,0.,1.));
#7918=IFCARBITRARYCLOSEDPROFILEDEF(.AREA.,$,#7916);
#7919=IFCEXTRUDEDAREASOLID(#7918,#7928,#7917,0.10000000000000001);
#7920=IFCSHAPEREPRESENTATION(#11,'Body','SweptSolid',(#7919));
#7921=IFCPRODUCTDEFINITIONSHAPE($,$,(#7920));
#7922=IFCPROPERTYSET('167y4X$$H3jxHX6riWJAyv',$,'EPset_Parametric',$,(#7924));
#7923=IFCRELDEFINESBYPROPERTIES('3wUUIvkiX3yehMw1tAarew',$,$,$,(#7906),#7922);
#7924=IFCPROPERTYSINGLEVALUE('Engine',$,IFCLABEL('Bonsai.DumbLayer3'),$);
#7925=IFCCARTESIANPOINT((-0.,-0.,-0.10000000149011612));
#7926=IFCDIRECTION((0.,0.,1.));
#7927=IFCDIRECTION((1.,0.,0.));
#7928=IFCAXIS2PLACEMENT3D(#7925,#7926,#7927);
#7929=IFCROOFTYPE('3VS7nw$W15UuArY_vn5Hab',$,'Unnamed',$,$,(#7930),(#7959,#7987),$,$,.HIP_ROOF.);
#7930=IFCPROPERTYSET('16rp0ystLFH85HK0gsNucb',$,'BBIM_Roof',$,(#7931));
#7931=IFCPROPERTYSINGLEVALUE('Data',$,IFCTEXT('{"roof_type": "HIP/GABLE ROOF", "generation_method": "ANGLE", "roof_thickness": 0.10000000149011612, "rafter_edge_angle": 1.5707963705062866, "angle": 0.1745329201221466, "percentage": 17.63269805908203, "path_data": {"edges": [[0, 1], [1, 2], [2, 3], [3, 0]], "verts": [[-5.0, -5.0, 0.0], [-5.0, 5.0, 0.0], [5.0, 5.0, 0.0], [5.0, -5.0, 0.0]]}}'),$);
#7955=IFCCARTESIANPOINT((0.,0.,0.));
#7956=IFCDIRECTION((1.,0.,0.));
#7957=IFCDIRECTION((0.,0.,1.));
#7958=IFCAXIS2PLACEMENT3D(#7955,#7957,#7956);
#7959=IFCREPRESENTATIONMAP(#7958,#7978);
#7960=IFCINDEXEDPOLYGONALFACE((3,1,2));
#7961=IFCINDEXEDPOLYGONALFACE((2,4,3));
#7962=IFCINDEXEDPOLYGONALFACE((1,3,5));
#7963=IFCINDEXEDPOLYGONALFACE((4,5,3));
#7964=IFCINDEXEDPOLYGONALFACE((6,7,8));
#7965=IFCINDEXEDPOLYGONALFACE((8,2,1));
#7966=IFCINDEXEDPOLYGONALFACE((8,1,6));
#7967=IFCINDEXEDPOLYGONALFACE((8,7,9));
#7968=IFCINDEXEDPOLYGONALFACE((2,8,9));
#7969=IFCINDEXEDPOLYGONALFACE((2,9,4));
#7970=IFCINDEXEDPOLYGONALFACE((10,7,6));
#7971=IFCINDEXEDPOLYGONALFACE((6,1,5));
#7972=IFCINDEXEDPOLYGONALFACE((6,5,10));
#7973=IFCINDEXEDPOLYGONALFACE((9,7,10));
#7974=IFCINDEXEDPOLYGONALFACE((4,9,10));
#7975=IFCINDEXEDPOLYGONALFACE((4,10,5));
#7976=IFCCARTESIANPOINTLIST3D(((-5.,-5.,0.),(5.,-5.,0.),(0.,0.,0.88163489103317261),(5.,5.,0.),(-5.,5.,0.),(-5.,-5.,-0.10154265910387039),(0.,0.,0.78009223937988281),(5.,-5.,-0.10154265910387039),(5.,5.,-0.10154265910387039),(-5.,5.,-0.10154265910387039)));
#7977=IFCPOLYGONALFACESET(#7976,.T.,(#7960,#7961,#7962,#7963,#7964,#7965,#7966,#7967,#7968,#7969,#7970,#7971,#7972,#7973,#7974,#7975),$);
#7978=IFCSHAPEREPRESENTATION(#11,'Body','Tessellation',(#7977));
#7980=IFCCARTESIANPOINT((-5.,-5.,-0.10154265910387039));
#7981=IFCBOUNDINGBOX(#7980,10.,10.,0.9831775426864624);
#7982=IFCSHAPEREPRESENTATION(#13,'Box','BoundingBox',(#7981));
#7983=IFCCARTESIANPOINT((0.,0.,0.));
#7984=IFCDIRECTION((1.,0.,0.));
#7985=IFCDIRECTION((0.,0.,1.));
#7986=IFCAXIS2PLACEMENT3D(#7983,#7985,#7984);
#7987=IFCREPRESENTATIONMAP(#7986,#7982);
#9093=IFCSLAB('3xXrdeBln7fuH9iX4RiwNs',$,'Slab',$,$,#9100,#9107,$,$);
#9094=IFCMATERIALLAYERSETUSAGE(#3431,.AXIS3.,.POSITIVE.,-0.10000000149011612,$);
#9095=IFCRELASSOCIATESMATERIAL('2TPdQoIALD2xM8HbjFmxy2',$,$,$,(#9093),#9094);
#9096=IFCCARTESIANPOINT((-3.2940373420715332,5.5401263236999512,0.));
#9097=IFCDIRECTION((0.,0.,1.));
#9098=IFCDIRECTION((1.,0.,0.));
#9099=IFCAXIS2PLACEMENT3D(#9096,#9097,#9098);
#9100=IFCLOCALPLACEMENT(#7905,#9099);
#9101=IFCCARTESIANPOINTLIST2D(((0.,0.),(7.152557373046875E-07,-8.6499996185302734),(7.5100002288818359,-8.6393566131591797),(7.5100021362304688,0.9700007438659668),(3.4599995613098145,0.9700007438659668),(3.4599997997283936,0.0055556297302246094),(0.,0.)));
#9102=IFCINDEXEDPOLYCURVE(#9101,$,$);
#9103=IFCDIRECTION((0.,0.,1.));
#9104=IFCARBITRARYCLOSEDPROFILEDEF(.AREA.,$,#9102);
#9105=IFCEXTRUDEDAREASOLID(#9104,#9114,#9103,0.10000000000000001);
#9106=IFCSHAPEREPRESENTATION(#11,'Body','SweptSolid',(#9105));
#9107=IFCPRODUCTDEFINITIONSHAPE($,$,(#9106));
#9108=IFCPROPERTYSET('2WKPx4EIr35e86_DASm2pw',$,'EPset_Parametric',$,(#9110));
#9109=IFCRELDEFINESBYPROPERTIES('3rlEQI6mT9SORwPDAR6GTt',$,$,$,(#9093),#9108);
#9110=IFCPROPERTYSINGLEVALUE('Engine',$,IFCLABEL('Bonsai.DumbLayer3'),$);
#9111=IFCCARTESIANPOINT((-0.,-0.,-0.10000000149011612));
#9112=IFCDIRECTION((0.,0.,1.));
#9113=IFCDIRECTION((1.,0.,0.));
#9114=IFCAXIS2PLACEMENT3D(#9111,#9112,#9113);
#9570=IFCCARTESIANPOINTLIST2D(((0.,0.),(0.099999992450210157,0.10000000000000001),(9.0392555161319503,0.10000000000000001),(9.1392555149394621,0.)));
#9571=IFCINDEXEDPOLYCURVE(#9570,(IFCLINEINDEX((1,2,3,4,1))),$);
#9572=IFCARBITRARYCLOSEDPROFILEDEF(.AREA.,$,#9571);
#9573=IFCCARTESIANPOINT((0.,0.,0.));
#9574=IFCDIRECTION((0.,0.,1.));
#9575=IFCDIRECTION((1.,0.,0.));
#9576=IFCAXIS2PLACEMENT3D(#9573,#9574,#9575);
#9577=IFCDIRECTION((0.,0.,1.));
#9578=IFCEXTRUDEDAREASOLID(#9572,#9576,#9577,3.);
#9579=IFCSHAPEREPRESENTATION(#11,'Body','SweptSolid',(#9578));
#9580=IFCCARTESIANPOINTLIST2D(((0.,0.),(9.1392555149394621,0.)));
#9581=IFCINDEXEDPOLYCURVE(#9580,$,$);
#9582=IFCSHAPEREPRESENTATION(#23,'Axis','Curve2D',(#9581));
#9583=IFCCARTESIANPOINTLIST2D(((0.,0.),(0.10000001629206913,0.10000000000000001),(1.5699996146447948,0.10000000000000001),(1.4699995983527256,0.)));
#9584=IFCINDEXEDPOLYCURVE(#9583,(IFCLINEINDEX((1,2,3,4,1))),$);
#9585=IFCARBITRARYCLOSEDPROFILEDEF(.AREA.,$,#9584);
#9586=IFCCARTESIANPOINT((0.,0.,0.));
#9587=IFCDIRECTION((0.,0.,1.));
#9588=IFCDIRECTION((1.,0.,0.));
#9589=IFCAXIS2PLACEMENT3D(#9586,#9587,#9588);
#9590=IFCDIRECTION((0.,0.,1.));
#9591=IFCEXTRUDEDAREASOLID(#9585,#9589,#9590,3.);
#9592=IFCSHAPEREPRESENTATION(#11,'Body','SweptSolid',(#9591));
#9593=IFCCARTESIANPOINTLIST2D(((0.,0.),(1.4699995983527256,0.)));
#9594=IFCINDEXEDPOLYCURVE(#9593,$,$);
#9595=IFCSHAPEREPRESENTATION(#23,'Axis','Curve2D',(#9594));
#9596=IFCCARTESIANPOINTLIST2D(((0.,0.),(0.,0.10000000000000001),(2.5192566231885305,0.10000000000000001),(2.6192566156387405,0.)));
#9597=IFCINDEXEDPOLYCURVE(#9596,(IFCLINEINDEX((1,2,3,4,1))),$);
#9598=IFCARBITRARYCLOSEDPROFILEDEF(.AREA.,$,#9597);
#9599=IFCCARTESIANPOINT((0.,0.,0.));
#9600=IFCDIRECTION((0.,0.,1.));
#9601=IFCDIRECTION((1.,0.,0.));
#9602=IFCAXIS2PLACEMENT3D(#9599,#9600,#9601);
#9603=IFCDIRECTION((0.,0.,1.));
#9604=IFCEXTRUDEDAREASOLID(#9598,#9602,#9603,3.);
#9605=IFCSHAPEREPRESENTATION(#11,'Body','SweptSolid',(#9604));
#9606=IFCCARTESIANPOINTLIST2D(((0.,0.),(2.6192566156387405,0.)));
#9607=IFCINDEXEDPOLYCURVE(#9606,$,$);
#9608=IFCSHAPEREPRESENTATION(#23,'Axis','Curve2D',(#9607));
#9609=IFCCARTESIANPOINTLIST2D(((0.,0.),(0.,0.10000000000000001),(2.2999995367572037,0.10000000000000001),(2.2999995594065732,0.)));
#9610=IFCINDEXEDPOLYCURVE(#9609,(IFCLINEINDEX((1,2,3,4,1))),$);
#9611=IFCARBITRARYCLOSEDPROFILEDEF(.AREA.,$,#9610);
#9612=IFCCARTESIANPOINT((0.,0.,0.));
#9613=IFCDIRECTION((0.,0.,1.));
#9614=IFCDIRECTION((1.,0.,0.));
#9615=IFCAXIS2PLACEMENT3D(#9612,#9613,#9614);
#9616=IFCDIRECTION((0.,0.,1.));
#9617=IFCEXTRUDEDAREASOLID(#9611,#9615,#9616,3.);
#9618=IFCSHAPEREPRESENTATION(#11,'Body','SweptSolid',(#9617));
#9619=IFCCARTESIANPOINTLIST2D(((0.,0.),(2.3999995594065764,0.)));
#9620=IFCINDEXEDPOLYCURVE(#9619,$,$);
#9621=IFCSHAPEREPRESENTATION(#23,'Axis','Curve2D',(#9620));
#9622=IFCCARTESIANPOINTLIST2D(((0.,0.),(0.099999992450210171,0.10000000000000001),(3.0000008535793956,0.10000000000000001),(3.0000008535793956,0.)));
#9623=IFCINDEXEDPOLYCURVE(#9622,(IFCLINEINDEX((1,2,3,4,1))),$);
#9624=IFCARBITRARYCLOSEDPROFILEDEF(.AREA.,$,#9623);
#9625=IFCCARTESIANPOINT((0.,0.,0.));
#9626=IFCDIRECTION((0.,0.,1.));
#9627=IFCDIRECTION((1.,0.,0.));
#9628=IFCAXIS2PLACEMENT3D(#9625,#9626,#9627);
#9629=IFCDIRECTION((0.,0.,1.));
#9630=IFCEXTRUDEDAREASOLID(#9624,#9628,#9629,3.);
#9631=IFCSHAPEREPRESENTATION(#11,'Body','SweptSolid',(#9630));
#9632=IFCCARTESIANPOINTLIST2D(((0.,0.),(3.0000008535793956,0.)));
#9633=IFCINDEXEDPOLYCURVE(#9632,$,$);
#9634=IFCSHAPEREPRESENTATION(#23,'Axis','Curve2D',(#9633));
#9661=IFCCARTESIANPOINTLIST2D(((0.100000000000004,0.),(0.10000002821300003,0.10000000000000001),(1.5841807558500738,0.10000000000000001),(1.4841806974379015,0.)));
#9662=IFCINDEXEDPOLYCURVE(#9661,(IFCLINEINDEX((1,2,3,4,1))),$);
#9663=IFCARBITRARYCLOSEDPROFILEDEF(.AREA.,$,#9662);
#9664=IFCCARTESIANPOINT((0.,0.,0.));
#9665=IFCDIRECTION((0.,0.,1.));
#9666=IFCDIRECTION((1.,0.,0.));
#9667=IFCAXIS2PLACEMENT3D(#9664,#9665,#9666);
#9668=IFCDIRECTION((0.,0.,1.));
#9669=IFCEXTRUDEDAREASOLID(#9663,#9667,#9668,3.);
#9670=IFCSHAPEREPRESENTATION(#11,'Body','SweptSolid',(#9669));
#9671=IFCCARTESIANPOINTLIST2D(((0.,0.),(1.4841806974379015,0.)));
#9672=IFCINDEXEDPOLYCURVE(#9671,$,$);
#9673=IFCSHAPEREPRESENTATION(#23,'Axis','Curve2D',(#9672));
#9726=IFCCARTESIANPOINTLIST2D(((0.,0.),(-0.10000001629206913,0.10000000000000001),(3.4500000470061147,0.10000000000000001),(3.5500000632981838,0.)));
#9727=IFCINDEXEDPOLYCURVE(#9726,(IFCLINEINDEX((1,2,3,4,1))),$);
#9728=IFCARBITRARYCLOSEDPROFILEDEF(.AREA.,$,#9727);
#9729=IFCCARTESIANPOINT((0.,0.,0.));
#9730=IFCDIRECTION((0.,0.,1.));
#9731=IFCDIRECTION((1.,0.,0.));
#9732=IFCAXIS2PLACEMENT3D(#9729,#9730,#9731);
#9733=IFCDIRECTION((0.,0.,1.));
#9734=IFCEXTRUDEDAREASOLID(#9728,#9732,#9733,3.);
#9735=IFCSHAPEREPRESENTATION(#11,'Body','SweptSolid',(#9734));
#9736=IFCCARTESIANPOINTLIST2D(((0.,0.),(3.5500000632981838,0.)));
#9737=IFCINDEXEDPOLYCURVE(#9736,$,$);
#9738=IFCSHAPEREPRESENTATION(#23,'Axis','Curve2D',(#9737));
#9752=IFCCARTESIANPOINTLIST2D(((0.,0.),(0.,0.10000000000000001),(2.5500001724277883,0.10000000000000001),(2.6500001950771614,0.)));
#9753=IFCINDEXEDPOLYCURVE(#9752,(IFCLINEINDEX((1,2,3,4,1))),$);
#9754=IFCARBITRARYCLOSEDPROFILEDEF(.AREA.,$,#9753);
#9755=IFCCARTESIANPOINT((0.,0.,0.));
#9756=IFCDIRECTION((0.,0.,1.));
#9757=IFCDIRECTION((1.,0.,0.));
#9758=IFCAXIS2PLACEMENT3D(#9755,#9756,#9757);
#9759=IFCDIRECTION((0.,0.,1.));
#9760=IFCEXTRUDEDAREASOLID(#9754,#9758,#9759,3.);
#9761=IFCSHAPEREPRESENTATION(#11,'Body','SweptSolid',(#9760));
#9762=IFCCARTESIANPOINTLIST2D(((0.,0.),(2.6500001950771614,0.)));
#9763=IFCINDEXEDPOLYCURVE(#9762,$,$);
#9764=IFCSHAPEREPRESENTATION(#23,'Axis','Curve2D',(#9763));
#9765=IFCCARTESIANPOINTLIST2D(((0.,0.),(0.10000001629206913,0.10000000000000001),(5.0499999228214891,0.10000000000000001),(5.1499999152716995,0.)));
#9766=IFCINDEXEDPOLYCURVE(#9765,(IFCLINEINDEX((1,2,3,4,1))),$);
#9767=IFCARBITRARYCLOSEDPROFILEDEF(.AREA.,$,#9766);
#9768=IFCCARTESIANPOINT((0.,0.,0.));
#9769=IFCDIRECTION((0.,0.,1.));
#9770=IFCDIRECTION((1.,0.,0.));
#9771=IFCAXIS2PLACEMENT3D(#9768,#9769,#9770);
#9772=IFCDIRECTION((0.,0.,1.));
#9773=IFCEXTRUDEDAREASOLID(#9767,#9771,#9772,3.);
#9774=IFCSHAPEREPRESENTATION(#11,'Body','SweptSolid',(#9773));
#9775=IFCCARTESIANPOINTLIST2D(((0.,0.),(5.1499999152716995,0.)));
#9776=IFCINDEXEDPOLYCURVE(#9775,$,$);
#9777=IFCSHAPEREPRESENTATION(#23,'Axis','Curve2D',(#9776));
#9804=IFCCARTESIANPOINTLIST2D(((0.,0.),(0.10000002264937295,0.10000000000000001),(3.0000012201065043,0.10000000000000001),(3.0000012125567141,0.)));
#9805=IFCINDEXEDPOLYCURVE(#9804,(IFCLINEINDEX((1,2,3,4,1))),$);
#9806=IFCARBITRARYCLOSEDPROFILEDEF(.AREA.,$,#9805);
#9807=IFCCARTESIANPOINT((0.,0.,0.));
#9808=IFCDIRECTION((0.,0.,1.));
#9809=IFCDIRECTION((1.,0.,0.));
#9810=IFCAXIS2PLACEMENT3D(#9807,#9808,#9809);
#9811=IFCDIRECTION((0.,0.,1.));
#9812=IFCEXTRUDEDAREASOLID(#9806,#9810,#9811,3.);
#9813=IFCSHAPEREPRESENTATION(#11,'Body','SweptSolid',(#9812));
#9814=IFCCARTESIANPOINTLIST2D(((0.,0.),(3.1000012125567147,0.)));
#9815=IFCINDEXEDPOLYCURVE(#9814,$,$);
#9816=IFCSHAPEREPRESENTATION(#23,'Axis','Curve2D',(#9815));
#9830=IFCCARTESIANPOINTLIST2D(((0.,0.),(-0.10000005841217217,0.10000000000000001),(1.952752585252695,0.10000000000000001),(1.9527525928024845,0.)));
#9831=IFCINDEXEDPOLYCURVE(#9830,(IFCLINEINDEX((1,2,3,4,1))),$);
#9832=IFCARBITRARYCLOSEDPROFILEDEF(.AREA.,$,#9831);
#9833=IFCCARTESIANPOINT((0.,0.,0.));
#9834=IFCDIRECTION((0.,0.,1.));
#9835=IFCDIRECTION((1.,0.,0.));
#9836=IFCAXIS2PLACEMENT3D(#9833,#9834,#9835);
#9837=IFCDIRECTION((0.,0.,1.));
#9838=IFCEXTRUDEDAREASOLID(#9832,#9836,#9837,3.);
#9839=IFCSHAPEREPRESENTATION(#11,'Body','SweptSolid',(#9838));
#9840=IFCCARTESIANPOINTLIST2D(((0.,0.),(1.9527525928024845,0.)));
#9841=IFCINDEXEDPOLYCURVE(#9840,$,$);
#9842=IFCSHAPEREPRESENTATION(#23,'Axis','Curve2D',(#9841));
#9843=IFCCARTESIANPOINTLIST2D(((0.,0.),(0.09999999880751248,0.10000000000000001),(3.3599990429756557,0.10000000000000001),(3.4599990592677248,0.)));
#9844=IFCINDEXEDPOLYCURVE(#9843,(IFCLINEINDEX((1,2,3,4,1))),$);
#9845=IFCARBITRARYCLOSEDPROFILEDEF(.AREA.,$,#9844);
#9846=IFCCARTESIANPOINT((0.,0.,0.));
#9847=IFCDIRECTION((0.,0.,1.));
#9848=IFCDIRECTION((1.,0.,0.));
#9849=IFCAXIS2PLACEMENT3D(#9846,#9847,#9848);
#9850=IFCDIRECTION((0.,0.,1.));
#9851=IFCEXTRUDEDAREASOLID(#9845,#9849,#9850,3.);
#9852=IFCSHAPEREPRESENTATION(#11,'Body','SweptSolid',(#9851));
#9853=IFCCARTESIANPOINTLIST2D(((0.,0.),(3.4599990592677248,0.)));
#9854=IFCINDEXEDPOLYCURVE(#9853,$,$);
#9855=IFCSHAPEREPRESENTATION(#23,'Axis','Curve2D',(#9854));
#9856=IFCCARTESIANPOINTLIST2D(((0.,0.),(0.099999992450210171,0.10000000000000001),(3.9099969317481338,0.10000000000000001),(4.0099969241983437,0.)));
#9857=IFCINDEXEDPOLYCURVE(#9856,(IFCLINEINDEX((1,2,3,4,1))),$);
#9858=IFCARBITRARYCLOSEDPROFILEDEF(.AREA.,$,#9857);
#9859=IFCCARTESIANPOINT((0.,0.,0.));
#9860=IFCDIRECTION((0.,0.,1.));
#9861=IFCDIRECTION((1.,0.,0.));
#9862=IFCAXIS2PLACEMENT3D(#9859,#9860,#9861);
#9863=IFCDIRECTION((0.,0.,1.));
#9864=IFCEXTRUDEDAREASOLID(#9858,#9862,#9863,3.);
#9865=IFCSHAPEREPRESENTATION(#11,'Body','SweptSolid',(#9864));
#9866=IFCCARTESIANPOINTLIST2D(((0.,0.),(4.0099969241983437,0.)));
#9867=IFCINDEXEDPOLYCURVE(#9866,$,$);
#9868=IFCSHAPEREPRESENTATION(#23,'Axis','Curve2D',(#9867));
#10805=IFCWALLTYPE('0MIaTGWIzEZhaIJWwwoy6B',$,'WALL-2F-1',$,$,(#10806),$,$,$,.SOLIDWALL.);
#10806=IFCPROPERTYSET('2tWDyUpJT7wvg6OFHdeuRU',$,'EPset_Parametric',$,(#10807));
#10807=IFCPROPERTYSINGLEVALUE('LayerSetDirection',$,IFCLABEL('AXIS2'),$);
#10808=IFCRELASSOCIATESMATERIAL('2oyLgT9lL6h9_wxD6GPRhB',$,$,$,(#10805),#10809);
#10809=IFCMATERIALLAYERSET((#10810),$,$);
#10810=IFCMATERIALLAYER(#81,0.15000000596046448,$,$,$,$,$);
#11372=IFCSLAB('0KyySFhoz68uyOWm$GSyuZ',$,'Slab',$,$,#11379,#11386,$,$);
#11373=IFCMATERIALLAYERSETUSAGE(#3431,.AXIS3.,.POSITIVE.,-0.10000000149011612,$);
#11374=IFCRELASSOCIATESMATERIAL('1pOjZIGPH1bPXbKLQeSZRu',$,$,$,(#11372),#11373);
#11375=IFCCARTESIANPOINT((-3.3021886348724365,-1.39960777759552,0.));
#11376=IFCDIRECTION((0.,0.,1.));
#11377=IFCDIRECTION((1.,0.,0.));
#11378=IFCAXIS2PLACEMENT3D(#11375,#11376,#11377);
#11379=IFCLOCALPLACEMENT(#7905,#11378);
#11380=IFCCARTESIANPOINTLIST2D(((0.,0.),(0.,-0.22000002861022949),(3.559999942779541,-0.21999979019165039),(3.559999942779541,-0.79999959468841553),(5.130000114440918,-0.79999959468841553),(5.130000114440918,-1.7099994421005249),(7.5199995040893555,-1.7099992036819458),(7.5199985504150391,7.9200010299682617),(3.5099985599517822,7.9200000762939453),(3.5099987983703613,6.9499998092651367),(0.0099987983703613281,6.9500002861022949),(0.,0.)));
#11381=IFCINDEXEDPOLYCURVE(#11380,$,$);
#11382=IFCDIRECTION((0.,0.,1.));
#11383=IFCARBITRARYCLOSEDPROFILEDEF(.AREA.,$,#11381);
#11384=IFCEXTRUDEDAREASOLID(#11383,#11393,#11382,0.10000000000000001);
#11385=IFCSHAPEREPRESENTATION(#11,'Body','SweptSolid',(#11384));
#11386=IFCPRODUCTDEFINITIONSHAPE($,$,(#11385));
#11387=IFCPROPERTYSET('2Ixj8szoX6Ywg7sN1rGc2I',$,'EPset_Parametric',$,(#11389));
#11388=IFCRELDEFINESBYPROPERTIES('1J4MK6zK9AVRd5YjZDV0zd',$,$,$,(#11372),#11387);
#11389=IFCPROPERTYSINGLEVALUE('Engine',$,IFCLABEL('Bonsai.DumbLayer3'),$);
#11390=IFCCARTESIANPOINT((-0.,-0.,-0.10000000149011612));
#11391=IFCDIRECTION((0.,0.,1.));
#11392=IFCDIRECTION((1.,0.,0.));
#11393=IFCAXIS2PLACEMENT3D(#11390,#11391,#11392);
#11394=IFCWALL('0$iFgLYGj8vwjC7Zbf1Q1Z',$,'Wall',$,$,#12094,#11401,$,$);
#11395=IFCRELDEFINESBYTYPE('10to0E$fbBcxACNzDiD6Mz',$,$,$,(#11420,#11570,#11470,#11394,#11620,#11520,#11545,#11445,#11595,#11495,#12290),#10805);
#11396=IFCMATERIALLAYERSETUSAGE(#10809,.AXIS2.,.POSITIVE.,0.,$);
#11397=IFCRELASSOCIATESMATERIAL('13GZeL41rAZ80g7laXI2Au',$,$,$,(#11394),#11396);
#11401=IFCPRODUCTDEFINITIONSHAPE($,$,(#14167,#14164));
#11417=IFCPROPERTYSET('3u1xr3MQHEKxSthhxe81iq',$,'EPset_Parametric',$,(#11419));
#11418=IFCRELDEFINESBYPROPERTIES('1gnRxznHv95uedVMCXXof4',$,$,$,(#11394),#11417);
#11419=IFCPROPERTYSINGLEVALUE('Engine',$,IFCLABEL('Bonsai.DumbLayer2'),$);
#11420=IFCWALL('0EX3Aj6pjDTv3GNBAoXSJK',$,'Wall',$,$,#11793,#11426,$,$);
#11421=IFCMATERIALLAYERSETUSAGE(#10809,.AXIS2.,.POSITIVE.,0.,$);
#11422=IFCRELASSOCIATESMATERIAL('28JgM$EV11ywtGJ1YpKYH1',$,$,$,(#11420),#11421);
#11426=IFCPRODUCTDEFINITIONSHAPE($,$,(#14258,#14255));
#11442=IFCPROPERTYSET('0TB1cLzVH9HQ_EVuaM3Suj',$,'EPset_Parametric',$,(#11444));
#11443=IFCRELDEFINESBYPROPERTIES('1IFyYgjWb6Xh$kEKExaHya',$,$,$,(#11420),#11442);
#11444=IFCPROPERTYSINGLEVALUE('Engine',$,IFCLABEL('Bonsai.DumbLayer2'),$);
#11445=IFCWALL('3n_mymPBn9SxkywZ1kvD70',$,'Wall',$,$,#11825,#11451,$,$);
#11446=IFCMATERIALLAYERSETUSAGE(#10809,.AXIS2.,.POSITIVE.,0.,$);
#11447=IFCRELASSOCIATESMATERIAL('0qe71PHKz8SxBE9t8SZ0qK',$,$,$,(#11445),#11446);
#11451=IFCPRODUCTDEFINITIONSHAPE($,$,(#14180,#14177));
#11467=IFCPROPERTYSET('3ByjqjzeT5eAAO7bQ4GTHk',$,'EPset_Parametric',$,(#11469));
#11468=IFCRELDEFINESBYPROPERTIES('2Ks$6ycnz0LfINqm1CDc0S',$,$,$,(#11445),#11467);
#11469=IFCPROPERTYSINGLEVALUE('Engine',$,IFCLABEL('Bonsai.DumbLayer2'),$);
#11470=IFCWALL('1pU13qWCXDXgGrDUGAb3$h',$,'Wall',$,$,#11857,#11476,$,$);
#11471=IFCMATERIALLAYERSETUSAGE(#10809,.AXIS2.,.POSITIVE.,0.,$);
#11472=IFCRELASSOCIATESMATERIAL('3SuIyFVNPBKhuk2Pn8oet_',$,$,$,(#11470),#11471);
#11476=IFCPRODUCTDEFINITIONSHAPE($,$,(#14219,#14216));
#11492=IFCPROPERTYSET('3AQI_E2vzDrOYBmRf2WqSr',$,'EPset_Parametric',$,(#11494));
#11493=IFCRELDEFINESBYPROPERTIES('3OTpbGNsH2q8eff44r8Dpe',$,$,$,(#11470),#11492);
#11494=IFCPROPERTYSINGLEVALUE('Engine',$,IFCLABEL('Bonsai.DumbLayer2'),$);
#11495=IFCWALL('3nSks_oVj97QAmZu94SyEp',$,'Wall',$,$,#11889,#11501,$,$);
#11496=IFCMATERIALLAYERSETUSAGE(#10809,.AXIS2.,.POSITIVE.,0.,$);
#11497=IFCRELASSOCIATESMATERIAL('3WeNj39ebBUP9jlvAVY7mj',$,$,$,(#11495),#11496);
#11501=IFCPRODUCTDEFINITIONSHAPE($,$,(#14206,#14203));
#11517=IFCPROPERTYSET('3soTKFRAz00AGsB0ExDJSJ',$,'EPset_Parametric',$,(#11519));
#11518=IFCRELDEFINESBYPROPERTIES('2S9OgPmDzCKe8aiJyFQNWV',$,$,$,(#11495),#11517);
#11519=IFCPROPERTYSINGLEVALUE('Engine',$,IFCLABEL('Bonsai.DumbLayer2'),$);
#11520=IFCWALL('3uTgG0ZTH429y1gUNy9gWd',$,'Wall',$,$,#11921,#11526,$,$);
#11521=IFCMATERIALLAYERSETUSAGE(#10809,.AXIS2.,.POSITIVE.,0.,$);
#11522=IFCRELASSOCIATESMATERIAL('0hxLetC6nEF9mMB9liNgX5',$,$,$,(#11520),#11521);
#11526=IFCPRODUCTDEFINITIONSHAPE($,$,(#14141,#14138));
#11542=IFCPROPERTYSET('03C2X_Jw9BlwEJ7UlOv5$F',$,'EPset_Parametric',$,(#11544));
#11543=IFCRELDEFINESBYPROPERTIES('0Z6YGD08b6VwAKN0zKxdnj',$,$,$,(#11520),#11542);
#11544=IFCPROPERTYSINGLEVALUE('Engine',$,IFCLABEL('Bonsai.DumbLayer2'),$);
#11545=IFCWALL('1hMGgp25XEtQcZE5KqN4MV',$,'Wall',$,$,#11953,#11551,$,$);
#11546=IFCMATERIALLAYERSETUSAGE(#10809,.AXIS2.,.POSITIVE.,0.,$);
#11547=IFCRELASSOCIATESMATERIAL('01CcJUGLrFFwd_TBQe$cUX',$,$,$,(#11545),#11546);
#11551=IFCPRODUCTDEFINITIONSHAPE($,$,(#14193,#14190));
#11567=IFCPROPERTYSET('3j8eCOZO1Esx6GSY3509IB',$,'EPset_Parametric',$,(#11569));
#11568=IFCRELDEFINESBYPROPERTIES('1qbJ3cyjPFjBBJHPQiIGwR',$,$,$,(#11545),#11567);
#11569=IFCPROPERTYSINGLEVALUE('Engine',$,IFCLABEL('Bonsai.DumbLayer2'),$);
#11570=IFCWALL('1Y3Jat7gT8L9dYQ9FcP_oI',$,'Wall',$,$,#11985,#11576,$,$);
#11571=IFCMATERIALLAYERSETUSAGE(#10809,.AXIS2.,.POSITIVE.,0.,$);
#11572=IFCRELASSOCIATESMATERIAL('3FofN2hZ94xQdzk6TAqn4V',$,$,$,(#11570),#11571);
#11576=IFCPRODUCTDEFINITIONSHAPE($,$,(#14154,#14151));
#11592=IFCPROPERTYSET('2mvuUQf8H1rw5k9CKFgZIL',$,'EPset_Parametric',$,(#11594));
#11593=IFCRELDEFINESBYPROPERTIES('05d3FKYybEpvA7LUvxMV6L',$,$,$,(#11570),#11592);
#11594=IFCPROPERTYSINGLEVALUE('Engine',$,IFCLABEL('Bonsai.DumbLayer2'),$);
#11595=IFCWALL('33OCzoh_n85wqjUuuL2QDz',$,'Wall',$,$,#12017,#11601,$,$);
#11596=IFCMATERIALLAYERSETUSAGE(#10809,.AXIS2.,.POSITIVE.,0.,$);
#11597=IFCRELASSOCIATESMATERIAL('2x6PFRP6rARQDPJ3VYzGhV',$,$,$,(#11595),#11596);
#11601=IFCPRODUCTDEFINITIONSHAPE($,$,(#14128,#14125));
#11617=IFCPROPERTYSET('3lmPCdu$zAsPBSUb3JGKbk',$,'EPset_Parametric',$,(#11619));
#11618=IFCRELDEFINESBYPROPERTIES('1ddTLGbPn10he5b9_kmgib',$,$,$,(#11595),#11617);
#11619=IFCPROPERTYSINGLEVALUE('Engine',$,IFCLABEL('Bonsai.DumbLayer2'),$);
#11620=IFCWALL('1jGnmJUSP0$wtYebgdPg38',$,'Wall',$,$,#12049,#11626,$,$);
#11621=IFCMATERIALLAYERSETUSAGE(#10809,.AXIS2.,.POSITIVE.,0.,$);
#11622=IFCRELASSOCIATESMATERIAL('1i3ulgg1H9Zhc3dhJNqaRB',$,$,$,(#11620),#11621);
#11626=IFCPRODUCTDEFINITIONSHAPE($,$,(#14245,#14242));
#11642=IFCPROPERTYSET('1dRi_69TX4MOFn8Z$G4tg8',$,'EPset_Parametric',$,(#11644));
#11643=IFCRELDEFINESBYPROPERTIES('1mtpsvOOL49RuM1bm991uO',$,$,$,(#11620),#11642);
#11644=IFCPROPERTYSINGLEVALUE('Engine',$,IFCLABEL('Bonsai.DumbLayer2'),$);
#11775=IFCRELCONNECTSPATHELEMENTS('3tWzFOh6906Rrrb$Zp7Z93',$,$,$,$,#11420,#11394,(),(),.ATEND.,.ATSTART.);
#11789=IFCCARTESIANPOINT((-3.302188867230599,-1.6196078060732917,0.));
#11790=IFCDIRECTION((0.,0.,1.));
#11791=IFCDIRECTION((0.99999983751648402,-0.00057005877373347477,0.));
#11792=IFCAXIS2PLACEMENT3D(#11789,#11790,#11791);
#11793=IFCLOCALPLACEMENT(#7905,#11792);
#11807=IFCRELCONNECTSPATHELEMENTS('3bihgpWE92QOMf5NGA9zv8',$,$,$,$,#11445,#11420,(),(),.ATEND.,.ATSTART.);
#11821=IFCCARTESIANPOINT((0.25781130790711532,-1.6216372157373675,0.));
#11822=IFCDIRECTION((0.,0.,1.));
#11823=IFCDIRECTION((-4.3711388286737889E-08,-0.99999999999999911,0.));
#11824=IFCAXIS2PLACEMENT3D(#11821,#11822,#11823);
#11825=IFCLOCALPLACEMENT(#7905,#11824);
#11839=IFCRELCONNECTSPATHELEMENTS('3oXQnGn7v93QCKl_BMBIOd',$,$,$,$,#11470,#11445,(),(),.ATEND.,.ATSTART.);
#11853=IFCCARTESIANPOINT((0.25781128264323744,-2.1996073723690883,0.));
#11854=IFCDIRECTION((0.,0.,1.));
#11855=IFCDIRECTION((0.99999431979108522,0.0033705171064448646,0.));
#11856=IFCAXIS2PLACEMENT3D(#11853,#11854,#11855);
#11857=IFCLOCALPLACEMENT(#7905,#11856);
#11871=IFCRELCONNECTSPATHELEMENTS('3PHvpBfvn0GAK8gNKOEEKa',$,$,$,$,#11495,#11470,(),(),.ATEND.,.ATSTART.);
#11885=IFCCARTESIANPOINT((1.826706051956283,-2.1943193556738674,0.));
#11886=IFCDIRECTION((0.,0.,1.));
#11887=IFCDIRECTION((0.0012077844996874918,-0.99999927062803518,0.));
#11888=IFCAXIS2PLACEMENT3D(#11885,#11886,#11887);
#11889=IFCLOCALPLACEMENT(#7905,#11888);
#11903=IFCRELCONNECTSPATHELEMENTS('0q7VRsSj1FlPAwZrPXSL4l',$,$,$,$,#11520,#11495,(),(),.ATEND.,.ATSTART.);
#11917=IFCCARTESIANPOINT((1.8278115232575007,-3.1096072196960449,0.));
#11918=IFCDIRECTION((0.,0.,1.));
#11919=IFCDIRECTION((1.,0.,0.));
#11920=IFCAXIS2PLACEMENT3D(#11917,#11918,#11919);
#11921=IFCLOCALPLACEMENT(#7905,#11920);
#11935=IFCRELCONNECTSPATHELEMENTS('2oJuJ6IFL8gfiqzHqRbUeA',$,$,$,$,#11545,#11520,(),(),.ATEND.,.ATSTART.);
#11949=IFCCARTESIANPOINT((4.2178106307983221,-3.1096072196960454,0.));
#11950=IFCDIRECTION((0.,0.,1.));
#11951=IFCDIRECTION((7.5497901264043123E-08,0.99999999999999722,0.));
#11952=IFCAXIS2PLACEMENT3D(#11949,#11950,#11951);
#11953=IFCLOCALPLACEMENT(#7905,#11952);
#11967=IFCRELCONNECTSPATHELEMENTS('1CV4Ghf3D8xedtFstnCJBT',$,$,$,$,#11570,#11545,(),(),.ATEND.,.ATSTART.);
#11981=IFCCARTESIANPOINT((4.2178113578431553,6.5203933715822853,0.));
#11982=IFCDIRECTION((0.,0.,1.));
#11983=IFCDIRECTION((-0.99999999999998868,-1.5099580252808492E-07,0.));
#11984=IFCAXIS2PLACEMENT3D(#11981,#11982,#11983);
#11985=IFCLOCALPLACEMENT(#7905,#11984);
#11999=IFCRELCONNECTSPATHELEMENTS('2vfumH3n1CXvc26pOV4CYD',$,$,$,$,#11595,#11570,(),(),.ATEND.,.ATSTART.);
#12013=IFCCARTESIANPOINT((0.20780992464545245,6.5203927660889009,0.));
#12014=IFCDIRECTION((0.,0.,1.));
#12015=IFCDIRECTION((0.0012461699059663344,-0.99999922352998138,0.));
#12016=IFCAXIS2PLACEMENT3D(#12013,#12014,#12015);
#12017=IFCLOCALPLACEMENT(#7905,#12016);
#12031=IFCRELCONNECTSPATHELEMENTS('0gjQpxsRr1$x0sgeFjdejq',$,$,$,$,#11620,#11595,(),(),.ATEND.,.ATSTART.);
#12045=IFCCARTESIANPOINT((0.20902595946205224,5.5445756912556803,0.));
#12046=IFCDIRECTION((0.,0.,1.));
#12047=IFCDIRECTION((-0.99999861939348611,0.001661689237406063,0.));
#12048=IFCAXIS2PLACEMENT3D(#12045,#12046,#12047);
#12049=IFCLOCALPLACEMENT(#7905,#12048);
#12063=IFCRELCONNECTSPATHELEMENTS('1FpikthYHCAu9ByPzN3nTH',$,$,$,$,#11620,#11394,(),(),.ATSTART.,.ATEND.);
#12090=IFCCARTESIANPOINT((-3.2921899065518465,5.5503936320103575,0.));
#12091=IFCDIRECTION((0.,0.,1.));
#12092=IFCDIRECTION((-0.0013945535495643281,-0.99999902760972592,0.));
#12093=IFCAXIS2PLACEMENT3D(#12090,#12091,#12092);
#12094=IFCLOCALPLACEMENT(#7905,#12093);
#12290=IFCWALL('1PaD5Thvv6K8oJ9BCWwuUn',$,'Wall',$,$,#12346,#12296,$,$);
#12291=IFCMATERIALLAYERSETUSAGE(#10809,.AXIS2.,.POSITIVE.,0.,$);
#12292=IFCRELASSOCIATESMATERIAL('15LDeBsVf8iRLht_tfpB_Y',$,$,$,(#12290),#12291);
#12296=IFCPRODUCTDEFINITIONSHAPE($,$,(#14846,#14843));
#12312=IFCPROPERTYSET('38SQSf6V9BxRRkTi8Waukh',$,'EPset_Parametric',$,(#12314));
#12313=IFCRELDEFINESBYPROPERTIES('3Fh7EiJLn0TRC3w81igQUF',$,$,$,(#12290),#12312);
#12314=IFCPROPERTYSINGLEVALUE('Engine',$,IFCLABEL('Bonsai.DumbLayer2'),$);
#12328=IFCRELCONNECTSPATHELEMENTS('251_QEIqP2NPFwv1XloVa7',$,$,$,$,#12290,#11545,(),(),.ATPATH.,.ATSTART.);
#12342=IFCCARTESIANPOINT((4.2178112460873241,5.0401425249241152,0.));
#12343=IFCDIRECTION((0.,0.,1.));
#12344=IFCDIRECTION((-0.99999999999999623,8.7422776573475527E-08,0.));
#12345=IFCAXIS2PLACEMENT3D(#12342,#12343,#12344);
#12346=IFCLOCALPLACEMENT(#7905,#12345);
#12360=IFCWALLTYPE('2VwLU$NG1EMO$gGqu7$fAf',$,'WALL-2F-2',$,$,(#12361),$,$,$,.SOLIDWALL.);
#12361=IFCPROPERTYSET('1OFTdE6i14gxnHUd__PMaB',$,'EPset_Parametric',$,(#12362));
#12362=IFCPROPERTYSINGLEVALUE('LayerSetDirection',$,IFCLABEL('AXIS2'),$);
#12363=IFCRELASSOCIATESMATERIAL('0lUnQg309AMxVGPtJwxIMQ',$,$,$,(#12360),#12364);
#12364=IFCMATERIALLAYERSET((#12365),$,$);
#12365=IFCMATERIALLAYER(#81,0.10000000149011612,$,$,$,$,$);
#12587=IFCWALL('20wwiY1HfBnxfNgWKSPxio',$,'Wall',$,$,#12599,#12594,$,$);
#12588=IFCRELDEFINESBYTYPE('3t8A4IjFX3_BeOKzX1G0Q0',$,$,$,(#12696,#12766,#12587,#14298),#12360);
#12589=IFCMATERIALLAYERSETUSAGE(#12364,.AXIS2.,.POSITIVE.,0.,$);
#12590=IFCRELASSOCIATESMATERIAL('0ROUjtdpvDIQY0Y8DZmzts',$,$,$,(#12587),#12589);
#12594=IFCPRODUCTDEFINITIONSHAPE($,$,(#14873,#14870));
#12595=IFCCARTESIANPOINT((0.35978308320045471,-1.4716953039169312,0.));
#12596=IFCDIRECTION((0.,0.,1.));
#12597=IFCDIRECTION((7.5497901264043109E-08,0.99999999999999711,0.));
#12598=IFCAXIS2PLACEMENT3D(#12595,#12596,#12597);
#12599=IFCLOCALPLACEMENT(#7905,#12598);
#12610=IFCPROPERTYSET('2RVE0khHD39hfcy1W7t9kC',$,'EPset_Parametric',$,(#12612));
#12611=IFCRELDEFINESBYPROPERTIES('2C_bjW7IDAmAfO0pyNfb0e',$,$,$,(#12587),#12610);
#12612=IFCPROPERTYSINGLEVALUE('Engine',$,IFCLABEL('Bonsai.DumbLayer2'),$);
#12696=IFCWALL('0RLSttiMP2YRbGWGsjgtkN',$,'Wall',$,$,#12752,#12702,$,$);
#12697=IFCMATERIALLAYERSETUSAGE(#12364,.AXIS2.,.POSITIVE.,0.,$);
#12698=IFCRELASSOCIATESMATERIAL('3vQiuLfYP12eGlwnVHCynM',$,$,$,(#12696),#12697);
#12702=IFCPRODUCTDEFINITIONSHAPE($,$,(#14900,#14897));
#12718=IFCPROPERTYSET('0_MhlsrmD6lAkQiBMHcZtI',$,'EPset_Parametric',$,(#12720));
#12719=IFCRELDEFINESBYPROPERTIES('2u04FQnBH5ihOxZzgb0sDq',$,$,$,(#12696),#12718);
#12720=IFCPROPERTYSINGLEVALUE('Engine',$,IFCLABEL('Bonsai.DumbLayer2'),$);
#12734=IFCRELCONNECTSPATHELEMENTS('3dyT0JKuL5PBntj0w_Uknp',$,$,$,$,#12696,#11620,(),(),.ATPATH.,.ATSTART.);
#12748=IFCCARTESIANPOINT((0.25846644176389943,5.5444935364249242,0.));
#12749=IFCDIRECTION((0.,0.,1.));
#12750=IFCDIRECTION((7.5497901264043123E-08,-0.99999999999999722,0.));
#12751=IFCAXIS2PLACEMENT3D(#12748,#12749,#12750);
#12752=IFCLOCALPLACEMENT(#7905,#12751);
#12766=IFCWALL('2ZbePPqCH47w9bfMLBM4bh',$,'Wall',$,$,#12887,#12772,$,$);
#12767=IFCMATERIALLAYERSETUSAGE(#12364,.AXIS2.,.POSITIVE.,0.,$);
#12768=IFCRELASSOCIATESMATERIAL('1sX0QqRrn83xr_aiCsjeNw',$,$,$,(#12766),#12767);
#12772=IFCPRODUCTDEFINITIONSHAPE($,$,(#14913,#14910));
#12788=IFCPROPERTYSET('27dY3OJsf3qvDR1L35vnzi',$,'EPset_Parametric',$,(#12790));
#12789=IFCRELDEFINESBYPROPERTIES('1GcFLxjvPCoA6Qdgc1rJMq',$,$,$,(#12766),#12788);
#12790=IFCPROPERTYSINGLEVALUE('Engine',$,IFCLABEL('Bonsai.DumbLayer2'),$);
#12869=IFCRELCONNECTSPATHELEMENTS('29NIFeqInDEw$kQPX60RsD',$,$,$,$,#12766,#11394,(),(),.ATPATH.,.ATSTART.);
#12883=IFCCARTESIANPOINT((-3.2963863229113568,2.5412497520446777,0.));
#12884=IFCDIRECTION((0.,0.,1.));
#12885=IFCDIRECTION((1.,0.,0.));
#12886=IFCAXIS2PLACEMENT3D(#12883,#12884,#12885);
#12887=IFCLOCALPLACEMENT(#7905,#12886);
#12901=IFCWALLTYPE('1YYfkcdOn1W9nPATPgVjap',$,'THINWALL-2F-1',$,$,(#12902),$,$,$,.SOLIDWALL.);
#12902=IFCPROPERTYSET('1wVtzHYInAqPiaWm37aNk4',$,'EPset_Parametric',$,(#12903));
#12903=IFCPROPERTYSINGLEVALUE('LayerSetDirection',$,IFCLABEL('AXIS2'),$);
#12904=IFCRELASSOCIATESMATERIAL('1idg7TtEvAcflbcT_s3akS',$,$,$,(#12901),#12905);
#12905=IFCMATERIALLAYERSET((#12906),$,$);
#12906=IFCMATERIALLAYER(#81,0.05000000074505806,$,$,$,$,$);
#12907=IFCWALL('1htxIRCtjAAQRm2bK7L96O',$,'Wall',$,$,#12919,#12914,$,$);
#12908=IFCRELDEFINESBYTYPE('2TpgHLIBr2AfO8WKvrmNJt',$,$,$,(#12907),#12901);
#12909=IFCMATERIALLAYERSETUSAGE(#12905,.AXIS2.,.POSITIVE.,0.,$);
#12910=IFCRELASSOCIATESMATERIAL('3QgWpCIrX6vwVi7YzJFd_q',$,$,$,(#12907),#12909);
#12914=IFCPRODUCTDEFINITIONSHAPE($,$,(#13894,#13891));
#12915=IFCCARTESIANPOINT((0.40781131386756897,-1.4717227220535278,0.));
#12916=IFCDIRECTION((0.,0.,1.));
#12917=IFCDIRECTION((7.5497901264043109E-08,0.99999999999999711,0.));
#12918=IFCAXIS2PLACEMENT3D(#12915,#12916,#12917);
#12919=IFCLOCALPLACEMENT(#7905,#12918);
#12930=IFCPROPERTYSET('0MX_17As93Zfrh_TggML0v',$,'EPset_Parametric',$,(#12932));
#12931=IFCRELDEFINESBYPROPERTIES('1ZqJrCD1b2QhtVF6z4pyfU',$,$,$,(#12907),#12930);
#12932=IFCPROPERTYSINGLEVALUE('Engine',$,IFCLABEL('Bonsai.DumbLayer2'),$);
#13882=IFCCARTESIANPOINTLIST2D(((0.,0.),(0.,0.05000000074505806),(1.8632229230801971,0.05000000074505806),(1.8632229268550924,0.)));
#13883=IFCINDEXEDPOLYCURVE(#13882,(IFCLINEINDEX((1,2,3,4,1))),$);
#13884=IFCARBITRARYCLOSEDPROFILEDEF(.AREA.,$,#13883);
#13885=IFCCARTESIANPOINT((0.,0.,0.));
#13886=IFCDIRECTION((0.,0.,1.));
#13887=IFCDIRECTION((1.,0.,0.));
#13888=IFCAXIS2PLACEMENT3D(#13885,#13886,#13887);
#13889=IFCDIRECTION((0.,0.,1.));
#13890=IFCEXTRUDEDAREASOLID(#13884,#13888,#13889,3.);
#13891=IFCSHAPEREPRESENTATION(#11,'Body','SweptSolid',(#13890));
#13892=IFCCARTESIANPOINTLIST2D(((0.,0.),(1.8632229268550924,0.)));
#13893=IFCINDEXEDPOLYCURVE(#13892,$,$);
#13894=IFCSHAPEREPRESENTATION(#23,'Axis','Curve2D',(#13893));
#14116=IFCCARTESIANPOINTLIST2D(((0.,0.),(0.15018702539189746,0.15000000596046448),(1.1262546529443922,0.15000000596046448),(0.97581783252651177,0.)));
#14117=IFCINDEXEDPOLYCURVE(#14116,(IFCLINEINDEX((1,2,3,4,1))),$);
#14118=IFCARBITRARYCLOSEDPROFILEDEF(.AREA.,$,#14117);
#14119=IFCCARTESIANPOINT((0.,0.,0.));
#14120=IFCDIRECTION((0.,0.,1.));
#14121=IFCDIRECTION((1.,0.,0.));
#14122=IFCAXIS2PLACEMENT3D(#14119,#14120,#14121);
#14123=IFCDIRECTION((0.,0.,1.));
#14124=IFCEXTRUDEDAREASOLID(#14118,#14122,#14123,3.);
#14125=IFCSHAPEREPRESENTATION(#11,'Body','SweptSolid',(#14124));
#14126=IFCCARTESIANPOINTLIST2D(((0.,0.),(0.97581783252651177,0.)));
#14127=IFCINDEXEDPOLYCURVE(#14126,$,$);
#14128=IFCSHAPEREPRESENTATION(#23,'Axis','Curve2D',(#14127));
#14129=IFCCARTESIANPOINTLIST2D(((0.,0.),(0.14981894755205255,0.15000000596046448),(2.2399991129050418,0.15000000596046448),(2.3899991075408211,0.)));
#14130=IFCINDEXEDPOLYCURVE(#14129,(IFCLINEINDEX((1,2,3,4,1))),$);
#14131=IFCARBITRARYCLOSEDPROFILEDEF(.AREA.,$,#14130);
#14132=IFCCARTESIANPOINT((0.,0.,0.));
#14133=IFCDIRECTION((0.,0.,1.));
#14134=IFCDIRECTION((1.,0.,0.));
#14135=IFCAXIS2PLACEMENT3D(#14132,#14133,#14134);
#14136=IFCDIRECTION((0.,0.,1.));
#14137=IFCEXTRUDEDAREASOLID(#14131,#14135,#14136,3.);
#14138=IFCSHAPEREPRESENTATION(#11,'Body','SweptSolid',(#14137));
#14139=IFCCARTESIANPOINTLIST2D(((0.,0.),(2.3899991075408211,0.)));
#14140=IFCINDEXEDPOLYCURVE(#14139,$,$);
#14141=IFCSHAPEREPRESENTATION(#23,'Axis','Curve2D',(#14140));
#14142=IFCCARTESIANPOINTLIST2D(((0.,0.),(0.15000003993452524,0.15000000596046448),(3.8598144078058514,0.15000000596046448),(4.0100014331977487,0.)));
#14143=IFCINDEXEDPOLYCURVE(#14142,(IFCLINEINDEX((1,2,3,4,1))),$);
#14144=IFCARBITRARYCLOSEDPROFILEDEF(.AREA.,$,#14143);
#14145=IFCCARTESIANPOINT((0.,0.,0.));
#14146=IFCDIRECTION((0.,0.,1.));
#14147=IFCDIRECTION((1.,0.,0.));
#14148=IFCAXIS2PLACEMENT3D(#14145,#14146,#14147);
#14149=IFCDIRECTION((0.,0.,1.));
#14150=IFCEXTRUDEDAREASOLID(#14144,#14148,#14149,3.);
#14151=IFCSHAPEREPRESENTATION(#11,'Body','SweptSolid',(#14150));
#14152=IFCCARTESIANPOINTLIST2D(((0.,0.),(4.0100014331977487,0.)));
#14153=IFCINDEXEDPOLYCURVE(#14152,$,$);
#14154=IFCSHAPEREPRESENTATION(#23,'Axis','Curve2D',(#14153));
#14155=IFCCARTESIANPOINTLIST2D(((0.,0.),(0.15004008171521421,0.15000000596046448),(7.0198846788727014,0.15000000596046448),(7.1700084101300918,0.)));
#14156=IFCINDEXEDPOLYCURVE(#14155,(IFCLINEINDEX((1,2,3,4,1))),$);
#14157=IFCARBITRARYCLOSEDPROFILEDEF(.AREA.,$,#14156);
#14158=IFCCARTESIANPOINT((0.,0.,0.));
#14159=IFCDIRECTION((0.,0.,1.));
#14160=IFCDIRECTION((1.,0.,0.));
#14161=IFCAXIS2PLACEMENT3D(#14158,#14159,#14160);
#14162=IFCDIRECTION((0.,0.,1.));
#14163=IFCEXTRUDEDAREASOLID(#14157,#14161,#14162,3.);
#14164=IFCSHAPEREPRESENTATION(#11,'Body','SweptSolid',(#14163));
#14165=IFCCARTESIANPOINTLIST2D(((0.,0.),(7.1700084101300918,0.)));
#14166=IFCINDEXEDPOLYCURVE(#14165,$,$);
#14167=IFCSHAPEREPRESENTATION(#23,'Axis','Curve2D',(#14166));
#14168=IFCCARTESIANPOINTLIST2D(((0.,0.),(-0.14991452805261826,0.15000000596046448),(0.42746371159830415,0.15000000596046448),(0.57797015663172147,0.)));
#14169=IFCINDEXEDPOLYCURVE(#14168,(IFCLINEINDEX((1,2,3,4,1))),$);
#14170=IFCARBITRARYCLOSEDPROFILEDEF(.AREA.,$,#14169);
#14171=IFCCARTESIANPOINT((0.,0.,0.));
#14172=IFCDIRECTION((0.,0.,1.));
#14173=IFCDIRECTION((1.,0.,0.));
#14174=IFCAXIS2PLACEMENT3D(#14171,#14172,#14173);
#14175=IFCDIRECTION((0.,0.,1.));
#14176=IFCEXTRUDEDAREASOLID(#14170,#14174,#14175,3.);
#14177=IFCSHAPEREPRESENTATION(#11,'Body','SweptSolid',(#14176));
#14178=IFCCARTESIANPOINTLIST2D(((0.,0.),(0.57797015663172147,0.)));
#14179=IFCINDEXEDPOLYCURVE(#14178,$,$);
#14180=IFCSHAPEREPRESENTATION(#23,'Axis','Curve2D',(#14179));
#14181=IFCCARTESIANPOINTLIST2D(((0.,0.),(0.14999999463577926,0.15000000596046448),(9.4800005513438315,0.15000000596046448),(9.6300005912783568,0.)));
#14182=IFCINDEXEDPOLYCURVE(#14181,(IFCLINEINDEX((1,2,3,4,1))),$);
#14183=IFCARBITRARYCLOSEDPROFILEDEF(.AREA.,$,#14182);
#14184=IFCCARTESIANPOINT((0.,0.,0.));
#14185=IFCDIRECTION((0.,0.,1.));
#14186=IFCDIRECTION((1.,0.,0.));
#14187=IFCAXIS2PLACEMENT3D(#14184,#14185,#14186);
#14188=IFCDIRECTION((0.,0.,1.));
#14189=IFCEXTRUDEDAREASOLID(#14183,#14187,#14188,3.);
#14190=IFCSHAPEREPRESENTATION(#11,'Body','SweptSolid',(#14189));
#14191=IFCCARTESIANPOINTLIST2D(((0.,0.),(9.6300005912783568,0.)));
#14192=IFCINDEXEDPOLYCURVE(#14191,$,$);
#14193=IFCSHAPEREPRESENTATION(#23,'Axis','Curve2D',(#14192));
#14194=IFCCARTESIANPOINTLIST2D(((0.,0.),(-0.15032476809198922,0.15000000596046448),(0.76546958405591981,0.15000000596046448),(0.9152885316079723,0.)));
#14195=IFCINDEXEDPOLYCURVE(#14194,(IFCLINEINDEX((1,2,3,4,1))),$);
#14196=IFCARBITRARYCLOSEDPROFILEDEF(.AREA.,$,#14195);
#14197=IFCCARTESIANPOINT((0.,0.,0.));
#14198=IFCDIRECTION((0.,0.,1.));
#14199=IFCDIRECTION((1.,0.,0.));
#14200=IFCAXIS2PLACEMENT3D(#14197,#14198,#14199);
#14201=IFCDIRECTION((0.,0.,1.));
#14202=IFCEXTRUDEDAREASOLID(#14196,#14200,#14201,3.);
#14203=IFCSHAPEREPRESENTATION(#11,'Body','SweptSolid',(#14202));
#14204=IFCCARTESIANPOINTLIST2D(((0.,0.),(0.9152885316079723,0.)));
#14205=IFCINDEXEDPOLYCURVE(#14204,$,$);
#14206=IFCSHAPEREPRESENTATION(#23,'Axis','Curve2D',(#14205));
#14207=IFCCARTESIANPOINTLIST2D(((0.,0.),(0.15050644503341737,0.15000000596046448),(1.7192284491057104,0.15000000596046448),(1.5689036810137211,0.)));
#14208=IFCINDEXEDPOLYCURVE(#14207,(IFCLINEINDEX((1,2,3,4,1))),$);
#14209=IFCARBITRARYCLOSEDPROFILEDEF(.AREA.,$,#14208);
#14210=IFCCARTESIANPOINT((0.,0.,0.));
#14211=IFCDIRECTION((0.,0.,1.));
#14212=IFCDIRECTION((1.,0.,0.));
#14213=IFCAXIS2PLACEMENT3D(#14210,#14211,#14212);
#14214=IFCDIRECTION((0.,0.,1.));
#14215=IFCEXTRUDEDAREASOLID(#14209,#14213,#14214,3.);
#14216=IFCSHAPEREPRESENTATION(#11,'Body','SweptSolid',(#14215));
#14217=IFCCARTESIANPOINTLIST2D(((0.,0.),(1.5689036810137211,0.)));
#14218=IFCINDEXEDPOLYCURVE(#14217,$,$);
#14219=IFCSHAPEREPRESENTATION(#23,'Axis','Curve2D',(#14218));
#14233=IFCCARTESIANPOINTLIST2D(((0.,0.),(-0.15043682041788062,0.15000000596046448),(3.3511806181067896,0.15000000596046448),(3.5012206998220039,0.)));
#14234=IFCINDEXEDPOLYCURVE(#14233,(IFCLINEINDEX((1,2,3,4,1))),$);
#14235=IFCARBITRARYCLOSEDPROFILEDEF(.AREA.,$,#14234);
#14236=IFCCARTESIANPOINT((0.,0.,0.));
#14237=IFCDIRECTION((0.,0.,1.));
#14238=IFCDIRECTION((1.,0.,0.));
#14239=IFCAXIS2PLACEMENT3D(#14236,#14237,#14238);
#14240=IFCDIRECTION((0.,0.,1.));
#14241=IFCEXTRUDEDAREASOLID(#14235,#14239,#14240,3.);
#14242=IFCSHAPEREPRESENTATION(#11,'Body','SweptSolid',(#14241));
#14243=IFCCARTESIANPOINTLIST2D(((0.,0.),(3.5012206998220039,0.)));
#14244=IFCINDEXEDPOLYCURVE(#14243,$,$);
#14245=IFCSHAPEREPRESENTATION(#23,'Axis','Curve2D',(#14244));
#14246=IFCCARTESIANPOINTLIST2D(((0.,0.),(0.15012373125739026,0.15000000596046448),(3.7099152816317718,0.15000000596046448),(3.5600007535791538,0.)));
#14247=IFCINDEXEDPOLYCURVE(#14246,(IFCLINEINDEX((1,2,3,4,1))),$);
#14248=IFCARBITRARYCLOSEDPROFILEDEF(.AREA.,$,#14247);
#14249=IFCCARTESIANPOINT((0.,0.,0.));
#14250=IFCDIRECTION((0.,0.,1.));
#14251=IFCDIRECTION((1.,0.,0.));
#14252=IFCAXIS2PLACEMENT3D(#14249,#14250,#14251);
#14253=IFCDIRECTION((0.,0.,1.));
#14254=IFCEXTRUDEDAREASOLID(#14248,#14252,#14253,3.);
#14255=IFCSHAPEREPRESENTATION(#11,'Body','SweptSolid',(#14254));
#14256=IFCCARTESIANPOINTLIST2D(((0.,0.),(3.5600007535791538,0.)));
#14257=IFCINDEXEDPOLYCURVE(#14256,$,$);
#14258=IFCSHAPEREPRESENTATION(#23,'Axis','Curve2D',(#14257));
#14298=IFCWALL('0lxyPIYCL3LwsK_PkwD0E$',$,'Wall',$,$,#14309,#14304,$,$);
#14299=IFCMATERIALLAYERSETUSAGE(#12364,.AXIS2.,.POSITIVE.,0.,$);
#14300=IFCRELASSOCIATESMATERIAL('3dVp$lSZL6QxWZksyuf7iH',$,$,$,(#14298),#14299);
#14304=IFCPRODUCTDEFINITIONSHAPE($,$,(#14349,#14346));
#14305=IFCCARTESIANPOINT((4.0693783760070801,0.4927230179309845,0.));
#14306=IFCDIRECTION((0.,0.,1.));
#14307=IFCDIRECTION((-0.99999999999999623,8.7422776573475527E-08,0.));
#14308=IFCAXIS2PLACEMENT3D(#14305,#14306,#14307);
#14309=IFCLOCALPLACEMENT(#7905,#14308);
#14320=IFCPROPERTYSET('2r2PE6_I93jfF1Uk1Tkr4C',$,'EPset_Parametric',$,(#14322));
#14321=IFCRELDEFINESBYPROPERTIES('056YotpN99Zf8Uh$Oqeor4',$,$,$,(#14298),#14320);
#14322=IFCPROPERTYSINGLEVALUE('Engine',$,IFCLABEL('Bonsai.DumbLayer2'),$);
#14336=IFCRELCONNECTSPATHELEMENTS('2klfq68kLAp9vTwP2ErcB6',$,$,$,$,#14298,#12587,(),(),.ATPATH.,.ATEND.);
#14337=IFCCARTESIANPOINTLIST2D(((0.,0.),(0.,0.10000000149011612),(3.7095951433046666,0.10000000149011612),(3.709595144497154,0.)));
#14338=IFCINDEXEDPOLYCURVE(#14337,(IFCLINEINDEX((1,2,3,4,1))),$);
#14339=IFCARBITRARYCLOSEDPROFILEDEF(.AREA.,$,#14338);
#14340=IFCCARTESIANPOINT((0.,0.,0.));
#14341=IFCDIRECTION((0.,0.,1.));
#14342=IFCDIRECTION((1.,0.,0.));
#14343=IFCAXIS2PLACEMENT3D(#14340,#14341,#14342);
#14344=IFCDIRECTION((0.,0.,1.));
#14345=IFCEXTRUDEDAREASOLID(#14339,#14343,#14344,3.);
#14346=IFCSHAPEREPRESENTATION(#11,'Body','SweptSolid',(#14345));
#14347=IFCCARTESIANPOINTLIST2D(((0.,0.),(3.709595144497154,0.)));
#14348=IFCINDEXEDPOLYCURVE(#14347,$,$);
#14349=IFCSHAPEREPRESENTATION(#23,'Axis','Curve2D',(#14348));
#14363=IFCDOORTYPE('3zcgln6pLFDAJU8vGYO5RU',$,'BALCONY-BED-2F',$,$,(#14364),(#14366,#14374,#14452),$,$,.DOOR.,.SINGLE_SWING_LEFT.,$,$);
#14364=IFCPROPERTYSET('0sOyLJ74f1The4C2jhKVl7',$,'BBIM_Door',$,(#14365));
#14365=IFCPROPERTYSINGLEVALUE('Data',$,IFCTEXT('{"door_type": "SINGLE_SWING_LEFT", "overall_height": 2.0, "overall_width": 0.8999999761581421, "lining_properties": {"lining_depth": 0.05000000074505806, "lining_thickness": 0.05000000074505806, "lining_offset": 0.0, "lining_to_panel_offset_x": 0.02500000037252903, "lining_to_panel_offset_y": 0.02500000037252903, "transom_thickness": 0.0, "casing_thickness": 0.07500000298023224, "casing_depth": 0.004999999888241291, "threshold_thickness": 0.02500000037252903, "threshold_depth": 0.10000000149011612, "threshold_offset": 0.0}, "panel_properties": {"panel_depth": 0.03500000014901161, "panel_width_ratio": 1.0}}'),$);
#14366=IFCREPRESENTATIONMAP(#14367,#14371);
#14367=IFCAXIS2PLACEMENT3D(#14368,#14369,#14370);
#14368=IFCCARTESIANPOINT((0.,0.,0.));
#14369=IFCDIRECTION((0.,0.,1.));
#14370=IFCDIRECTION((1.,0.,0.));
#14371=IFCSHAPEREPRESENTATION(#18,'Profile','Curve3D',(#14372));
#14372=IFCINDEXEDPOLYCURVE(#14373,(IFCLINEINDEX((1,2,3,4,1))),$);
#14373=IFCCARTESIANPOINTLIST3D(((0.,0.,0.),(0.89999997615814209,0.,0.),(0.89999997615814209,0.,2.),(0.,0.,2.)));
#14374=IFCREPRESENTATIONMAP(#14375,#14379);
#14375=IFCAXIS2PLACEMENT3D(#14376,#14377,#14378);
#14376=IFCCARTESIANPOINT((0.,0.,0.));
#14377=IFCDIRECTION((0.,0.,1.));
#14378=IFCDIRECTION((1.,0.,0.));
#14379=IFCSHAPEREPRESENTATION(#11,'Body','SweptSolid',(#14380,#14389,#14398,#14407,#14416,#14425,#14434,#14443));
#14380=IFCEXTRUDEDAREASOLID(#14381,#14384,#14388,0.02500000037252903);
#14381=IFCARBITRARYCLOSEDPROFILEDEF(.AREA.,$,#14382);
#14382=IFCINDEXEDPOLYCURVE(#14383,(IFCLINEINDEX((1,2,3,4,5,6,7,8,1))),$);
#14383=IFCCARTESIANPOINTLIST2D(((0.,0.),(0.,2.),(0.89999997615814209,2.),(0.89999997615814209,0.),(0.87499997578561306,0.),(0.87499997578561306,1.974999999627471),(0.02500000037252903,1.974999999627471),(0.02500000037252903,0.)));
#14384=IFCAXIS2PLACEMENT3D(#14385,#14386,#14387);
#14385=IFCCARTESIANPOINT((0.,0.02500000037252903,0.));
#14386=IFCDIRECTION((0.,-1.,0.));
#14387=IFCDIRECTION((1.,0.,0.));
#14388=IFCDIRECTION((0.,0.,-1.));
#14389=IFCEXTRUDEDAREASOLID(#14390,#14393,#14397,0.02500000037252903);
#14390=IFCARBITRARYCLOSEDPROFILEDEF(.AREA.,$,#14391);
#14391=IFCINDEXEDPOLYCURVE(#14392,(IFCLINEINDEX((1,2,3,4,5,6,7,8,1))),$);
#14392=IFCCARTESIANPOINTLIST2D(((0.,0.),(0.,2.),(0.89999997615814209,2.),(0.89999997615814209,0.),(0.84999997541308403,0.),(0.84999997541308403,1.9499999992549419),(0.05000000074505806,1.9499999992549419),(0.05000000074505806,0.)));
#14393=IFCAXIS2PLACEMENT3D(#14394,#14395,#14396);
#14394=IFCCARTESIANPOINT((0.,0.,0.));
#14395=IFCDIRECTION((0.,-1.,0.));
#14396=IFCDIRECTION((1.,0.,0.));
#14397=IFCDIRECTION((0.,0.,-1.));
#14398=IFCEXTRUDEDAREASOLID(#14399,#14402,#14406,1.9499999992549419);
#14399=IFCARBITRARYCLOSEDPROFILEDEF(.AREA.,$,#14400);
#14400=IFCINDEXEDPOLYCURVE(#14401,(IFCLINEINDEX((1,2,3,4,1))),$);
#14401=IFCCARTESIANPOINTLIST2D(((0.,0.),(0.84999997541308403,0.),(0.84999997541308403,0.035000000149011612),(0.,0.035000000149011612)));
#14402=IFCAXIS2PLACEMENT3D(#14403,#14404,#14405);
#14403=IFCCARTESIANPOINT((0.02500000037252903,0.02500000037252903,0.02500000037252903));
#14404=IFCDIRECTION((0.,0.,1.));
#14405=IFCDIRECTION((1.,0.,0.));
#14406=IFCDIRECTION((0.,0.,1.));
#14407=IFCEXTRUDEDAREASOLID(#14408,#14411,#14415,0.02);
#14408=IFCARBITRARYCLOSEDPROFILEDEF(.AREA.,$,#14409);
#14409=IFCINDEXEDPOLYCURVE(#14410,(IFCLINEINDEX((1,2,3,4,5,6,1))),$);
#14410=IFCCARTESIANPOINTLIST2D(((0.,0.),(0.,-0.040000000000000001),(-0.11999999999999988,-0.040000000000000001),(-0.11999999999999988,-0.02),(-0.020000000000000018,-0.02),(-0.020000000000000018,0.)));
#14411=IFCAXIS2PLACEMENT3D(#14412,#14413,#14414);
#14412=IFCCARTESIANPOINT((0.82499997578561302,0.02500000037252903,1.015000000372529));
#14413=IFCDIRECTION((0.,0.,1.));
#14414=IFCDIRECTION((1.,0.,0.));
#14415=IFCDIRECTION((0.,0.,1.));
#14416=IFCEXTRUDEDAREASOLID(#14417,#14420,#14424,0.02);
#14417=IFCARBITRARYCLOSEDPROFILEDEF(.AREA.,$,#14418);
#14418=IFCINDEXEDPOLYCURVE(#14419,(IFCLINEINDEX((1,2,3,4,5,6,1))),$);
#14419=IFCCARTESIANPOINTLIST2D(((0.,0.),(0.,0.040000000000000008),(-0.11999999999999988,0.040000000000000008),(-0.11999999999999988,0.020000000000000004),(-0.020000000000000018,0.020000000000000004),(-0.020000000000000018,0.)));
#14420=IFCAXIS2PLACEMENT3D(#14421,#14422,#14423);
#14421=IFCCARTESIANPOINT((0.82499997578561302,0.060000000521540642,1.015000000372529));
#14422=IFCDIRECTION((0.,0.,1.));
#14423=IFCDIRECTION((1.,0.,0.));
#14424=IFCDIRECTION((0.,0.,1.));
#14425=IFCEXTRUDEDAREASOLID(#14426,#14429,#14433,0.02500000037252903);
#14426=IFCARBITRARYCLOSEDPROFILEDEF(.AREA.,$,#14427);
#14427=IFCINDEXEDPOLYCURVE(#14428,(IFCLINEINDEX((1,2,3,4,1))),$);
#14428=IFCCARTESIANPOINTLIST2D(((0.,0.),(0.79999997466802597,0.),(0.79999997466802597,0.10000000149011612),(0.,0.10000000149011612)));
#14429=IFCAXIS2PLACEMENT3D(#14430,#14431,#14432);
#14430=IFCCARTESIANPOINT((0.05000000074505806,0.,0.));
#14431=IFCDIRECTION((0.,0.,1.));
#14432=IFCDIRECTION((1.,0.,0.));
#14433=IFCDIRECTION((0.,0.,1.));
#14434=IFCEXTRUDEDAREASOLID(#14435,#14438,#14442,0.004999999888241291);
#14435=IFCARBITRARYCLOSEDPROFILEDEF(.AREA.,$,#14436);
#14436=IFCINDEXEDPOLYCURVE(#14437,(IFCLINEINDEX((1,2,3,4,5,6,7,8,1))),$);
#14437=IFCCARTESIANPOINTLIST2D(((0.,0.),(0.,2.0250000022351742),(0.94999998062849045,2.0250000022351742),(0.94999998062849045,0.),(0.87499997764825821,0.),(0.87499997764825821,1.9499999992549419),(0.075000002980232239,1.9499999992549419),(0.075000002980232239,0.)));
#14438=IFCAXIS2PLACEMENT3D(#14439,#14440,#14441);
#14439=IFCCARTESIANPOINT((-0.025000002235174179,-0.004999999888241291,0.));
#14440=IFCDIRECTION((0.,-1.,0.));
#14441=IFCDIRECTION((1.,0.,0.));
#14442=IFCDIRECTION((0.,0.,-1.));
#14443=IFCEXTRUDEDAREASOLID(#14444,#14447,#14451,0.004999999888241291);
#14444=IFCARBITRARYCLOSEDPROFILEDEF(.AREA.,$,#14445);
#14445=IFCINDEXEDPOLYCURVE(#14446,(IFCLINEINDEX((1,2,3,4,5,6,7,8,1))),$);
#14446=IFCCARTESIANPOINTLIST2D(((0.,0.),(0.,2.0250000022351742),(0.94999998062849045,2.0250000022351742),(0.94999998062849045,0.),(0.89999997802078724,0.),(0.89999997802078724,1.974999999627471),(0.050000002607703209,1.974999999627471),(0.050000002607703209,0.)));
#14447=IFCAXIS2PLACEMENT3D(#14448,#14449,#14450);
#14448=IFCCARTESIANPOINT((-0.025000002235174179,0.05000000074505806,0.));
#14449=IFCDIRECTION((0.,-1.,0.));
#14450=IFCDIRECTION((1.,0.,0.));
#14451=IFCDIRECTION((0.,0.,-1.));
#14452=IFCREPRESENTATIONMAP(#14453,#14457);
#14453=IFCAXIS2PLACEMENT3D(#14454,#14455,#14456);
#14454=IFCCARTESIANPOINT((0.,0.,0.));
#14455=IFCDIRECTION((0.,0.,1.));
#14456=IFCDIRECTION((1.,0.,0.));
#14457=IFCSHAPEREPRESENTATION(#24,'Body','Curve2D',(#14458,#14460,#14462,#14469));
#14458=IFCINDEXEDPOLYCURVE(#14459,(IFCLINEINDEX((1,2,3,4,5,6,1))),$);
#14459=IFCCARTESIANPOINTLIST2D(((0.,0.),(0.,0.05000000074505806),(0.02500000037252903,0.05000000074505806),(0.02500000037252903,0.02500000037252903),(0.05000000074505806,0.02500000037252903),(0.05000000074505806,0.)));
#14460=IFCINDEXEDPOLYCURVE(#14461,(IFCLINEINDEX((1,2,3,4,5,6,1))),$);
#14461=IFCCARTESIANPOINTLIST2D(((0.89999997615814209,0.),(0.89999997615814209,0.05000000074505806),(0.87499997578561306,0.05000000074505806),(0.87499997578561306,0.02500000037252903),(0.84999997541308403,0.02500000037252903),(0.84999997541308403,0.)));
#14462=IFCTRIMMEDCURVE(#14463,(#14467),(#14468),.T.,.CARTESIAN.);
#14463=IFCELLIPSE(#14464,0.81499997526407242,0.84999997541308403);
#14464=IFCAXIS2PLACEMENT2D(#14465,#14466);
#14465=IFCCARTESIANPOINT((0.060000000521540642,0.05000000074505806));
#14466=IFCDIRECTION((1.,0.));
#14467=IFCCARTESIANPOINT((0.87499997578561306,0.05000000074505806));
#14468=IFCCARTESIANPOINT((0.060000000521540642,0.89999997615814209));
#14469=IFCINDEXEDPOLYCURVE(#14470,(IFCLINEINDEX((1,2,3,4,1))),$);
#14470=IFCCARTESIANPOINTLIST2D(((0.02500000037252903,0.05000000074505806),(0.060000000521540642,0.05000000074505806),(0.060000000521540642,0.89999997615814209),(0.02500000037252903,0.89999997615814209)));
#14471=IFCDOORTYPE('0JNqM7Nfz5xBJz_AOwsUub',$,'BALCONY-BED2-2F',$,$,(#14472),(#14474,#14482,#14560),$,$,.DOOR.,.SINGLE_SWING_LEFT.,$,$);
#14472=IFCPROPERTYSET('2Ba3PLKPH1u82CgkyRwSN9',$,'BBIM_Door',$,(#14473));
#14473=IFCPROPERTYSINGLEVALUE('Data',$,IFCTEXT('{"door_type": "SINGLE_SWING_LEFT", "overall_height": 2.0, "overall_width": 0.8999999761581421, "lining_properties": {"lining_depth": 0.05000000074505806, "lining_thickness": 0.05000000074505806, "lining_offset": 0.0, "lining_to_panel_offset_x": 0.02500000037252903, "lining_to_panel_offset_y": 0.02500000037252903, "transom_thickness": 0.0, "casing_thickness": 0.07500000298023224, "casing_depth": 0.004999999888241291, "threshold_thickness": 0.02500000037252903, "threshold_depth": 0.10000000149011612, "threshold_offset": 0.0}, "panel_properties": {"panel_depth": 0.03500000014901161, "panel_width_ratio": 1.0}}'),$);
#14474=IFCREPRESENTATIONMAP(#14475,#14646);
#14475=IFCAXIS2PLACEMENT3D(#14476,#14477,#14478);
#14476=IFCCARTESIANPOINT((0.,0.,0.));
#14477=IFCDIRECTION((0.,0.,1.));
#14478=IFCDIRECTION((1.,0.,0.));
#14482=IFCREPRESENTATIONMAP(#14483,#14719);
#14483=IFCAXIS2PLACEMENT3D(#14484,#14485,#14486);
#14484=IFCCARTESIANPOINT((0.,0.,0.));
#14485=IFCDIRECTION((0.,0.,1.));
#14486=IFCDIRECTION((1.,0.,0.));
#14560=IFCREPRESENTATIONMAP(#14561,#14737);
#14561=IFCAXIS2PLACEMENT3D(#14562,#14563,#14564);
#14562=IFCCARTESIANPOINT((0.,0.,0.));
#14563=IFCDIRECTION((0.,0.,1.));
#14564=IFCDIRECTION((1.,0.,0.));
#14579=IFCDOOR('3d2m1bRDn9KOjgpOHCxcFO',$,'Door',$,$,#14762,#14588,$,2.,0.89999997615814209,$,.SINGLE_SWING_LEFT.,$);
#14580=IFCRELDEFINESBYTYPE('0Uop0efzbFfuRwqLugI6Ct',$,$,$,(#14579),#14471);
#14581=IFCCARTESIANPOINT((0.,0.,0.));
#14582=IFCDIRECTION((1.,0.,0.));
#14583=IFCDIRECTION((0.,1.,0.));
#14584=IFCDIRECTION((0.,0.,1.));
#14585=IFCCARTESIANTRANSFORMATIONOPERATOR3D(#14582,#14583,#14581,1.,#14584);
#14586=IFCMAPPEDITEM(#14474,#14585);
#14587=IFCSHAPEREPRESENTATION(#18,'Profile','MappedRepresentation',(#14586));
#14588=IFCPRODUCTDEFINITIONSHAPE($,$,(#14587,#14595,#14602));
#14589=IFCCARTESIANPOINT((0.,0.,0.));
#14590=IFCDIRECTION((1.,0.,0.));
#14591=IFCDIRECTION((0.,1.,0.));
#14592=IFCDIRECTION((0.,0.,1.));
#14593=IFCCARTESIANTRANSFORMATIONOPERATOR3D(#14590,#14591,#14589,1.,#14592);
#14594=IFCMAPPEDITEM(#14482,#14593);
#14595=IFCSHAPEREPRESENTATION(#11,'Body','MappedRepresentation',(#14594));
#14596=IFCCARTESIANPOINT((0.,0.,0.));
#14597=IFCDIRECTION((1.,0.,0.));
#14598=IFCDIRECTION((0.,1.,0.));
#14599=IFCDIRECTION((0.,0.,1.));
#14600=IFCCARTESIANTRANSFORMATIONOPERATOR3D(#14597,#14598,#14596,1.,#14599);
#14601=IFCMAPPEDITEM(#14560,#14600);
#14602=IFCSHAPEREPRESENTATION(#24,'Body','MappedRepresentation',(#14601));
#14603=IFCOPENINGELEMENT('2so_ly0L53ARoOMurLKlkm',$,'Opening',$,$,#14757,#14631,$,.OPENING.);
#14619=IFCCARTESIANPOINT((0.,0.,0.));
#14620=IFCDIRECTION((1.,0.,0.));
#14621=IFCDIRECTION((0.,0.,1.));
#14622=IFCAXIS2PLACEMENT3D(#14619,#14621,#14620);
#14623=IFCREPRESENTATIONMAP(#14622,#14747);
#14624=IFCCARTESIANPOINT((0.,0.,0.));
#14625=IFCDIRECTION((1.,0.,0.));
#14626=IFCDIRECTION((0.,1.,0.));
#14627=IFCDIRECTION((0.,0.,1.));
#14628=IFCCARTESIANTRANSFORMATIONOPERATOR3D(#14625,#14626,#14624,1.,#14627);
#14629=IFCMAPPEDITEM(#14623,#14628);
#14630=IFCSHAPEREPRESENTATION(#11,'Body','MappedRepresentation',(#14629));
#14631=IFCPRODUCTDEFINITIONSHAPE($,$,(#14630));
#14632=IFCRELVOIDSELEMENT('0bwmCGJhf7dwwUrTzYIyK4',$,$,$,#11470,#14603);
#14638=IFCRELFILLSELEMENT('0ZnHXvH8L1BfOASIHiQvmL',$,$,$,#14603,#14579);
#14644=IFCCARTESIANPOINTLIST3D(((0.,0.,0.),(0.89999997615814209,0.,0.),(0.89999997615814209,0.,2.),(0.,0.,2.)));
#14645=IFCINDEXEDPOLYCURVE(#14644,(IFCLINEINDEX((1,2,3,4,1))),$);
#14646=IFCSHAPEREPRESENTATION(#18,'Profile','Curve3D',(#14645));
#14647=IFCCARTESIANPOINTLIST2D(((0.,0.),(0.,2.),(0.89999997615814209,2.),(0.89999997615814209,0.),(0.87499997578561306,0.),(0.87499997578561306,1.974999999627471),(0.02500000037252903,1.974999999627471),(0.02500000037252903,0.)));
#14648=IFCINDEXEDPOLYCURVE(#14647,(IFCLINEINDEX((1,2,3,4,5,6,7,8,1))),$);
#14649=IFCARBITRARYCLOSEDPROFILEDEF(.AREA.,$,#14648);
#14650=IFCCARTESIANPOINT((0.,0.02500000037252903,0.));
#14651=IFCDIRECTION((0.,-1.,0.));
#14652=IFCDIRECTION((1.,0.,0.));
#14653=IFCAXIS2PLACEMENT3D(#14650,#14651,#14652);
#14654=IFCDIRECTION((0.,0.,-1.));
#14655=IFCEXTRUDEDAREASOLID(#14649,#14653,#14654,0.02500000037252903);
#14656=IFCCARTESIANPOINTLIST2D(((0.,0.),(0.,2.),(0.89999997615814209,2.),(0.89999997615814209,0.),(0.84999997541308403,0.),(0.84999997541308403,1.9499999992549419),(0.05000000074505806,1.9499999992549419),(0.05000000074505806,0.)));
#14657=IFCINDEXEDPOLYCURVE(#14656,(IFCLINEINDEX((1,2,3,4,5,6,7,8,1))),$);
#14658=IFCARBITRARYCLOSEDPROFILEDEF(.AREA.,$,#14657);
#14659=IFCCARTESIANPOINT((0.,0.,0.));
#14660=IFCDIRECTION((0.,-1.,0.));
#14661=IFCDIRECTION((1.,0.,0.));
#14662=IFCAXIS2PLACEMENT3D(#14659,#14660,#14661);
#14663=IFCDIRECTION((0.,0.,-1.));
#14664=IFCEXTRUDEDAREASOLID(#14658,#14662,#14663,0.02500000037252903);
#14665=IFCCARTESIANPOINTLIST2D(((0.,0.),(0.79999997466802597,0.),(0.79999997466802597,0.10000000149011612),(0.,0.10000000149011612)));
#14666=IFCINDEXEDPOLYCURVE(#14665,(IFCLINEINDEX((1,2,3,4,1))),$);
#14667=IFCARBITRARYCLOSEDPROFILEDEF(.AREA.,$,#14666);
#14668=IFCCARTESIANPOINT((0.05000000074505806,0.,0.));
#14669=IFCDIRECTION((0.,0.,1.));
#14670=IFCDIRECTION((1.,0.,0.));
#14671=IFCAXIS2PLACEMENT3D(#14668,#14669,#14670);
#14672=IFCDIRECTION((0.,0.,1.));
#14673=IFCEXTRUDEDAREASOLID(#14667,#14671,#14672,0.02500000037252903);
#14674=IFCCARTESIANPOINTLIST2D(((0.,0.),(0.,2.0250000022351742),(0.94999998062849045,2.0250000022351742),(0.94999998062849045,0.),(0.87499997764825821,0.),(0.87499997764825821,1.9499999992549419),(0.075000002980232239,1.9499999992549419),(0.075000002980232239,0.)));
#14675=IFCINDEXEDPOLYCURVE(#14674,(IFCLINEINDEX((1,2,3,4,5,6,7,8,1))),$);
#14676=IFCARBITRARYCLOSEDPROFILEDEF(.AREA.,$,#14675);
#14677=IFCCARTESIANPOINT((-0.025000002235174179,-0.004999999888241291,0.));
#14678=IFCDIRECTION((0.,-1.,0.));
#14679=IFCDIRECTION((1.,0.,0.));
#14680=IFCAXIS2PLACEMENT3D(#14677,#14678,#14679);
#14681=IFCDIRECTION((0.,0.,-1.));
#14682=IFCEXTRUDEDAREASOLID(#14676,#14680,#14681,0.004999999888241291);
#14683=IFCCARTESIANPOINTLIST2D(((0.,0.),(0.,2.0250000022351742),(0.94999998062849045,2.0250000022351742),(0.94999998062849045,0.),(0.89999997802078724,0.),(0.89999997802078724,1.974999999627471),(0.050000002607703209,1.974999999627471),(0.050000002607703209,0.)));
#14684=IFCINDEXEDPOLYCURVE(#14683,(IFCLINEINDEX((1,2,3,4,5,6,7,8,1))),$);
#14685=IFCARBITRARYCLOSEDPROFILEDEF(.AREA.,$,#14684);
#14686=IFCCARTESIANPOINT((-0.025000002235174179,0.05000000074505806,0.));
#14687=IFCDIRECTION((0.,-1.,0.));
#14688=IFCDIRECTION((1.,0.,0.));
#14689=IFCAXIS2PLACEMENT3D(#14686,#14687,#14688);
#14690=IFCDIRECTION((0.,0.,-1.));
#14691=IFCEXTRUDEDAREASOLID(#14685,#14689,#14690,0.004999999888241291);
#14692=IFCCARTESIANPOINTLIST2D(((0.,0.),(0.84999997541308403,0.),(0.84999997541308403,0.035000000149011612),(0.,0.035000000149011612)));
#14693=IFCINDEXEDPOLYCURVE(#14692,(IFCLINEINDEX((1,2,3,4,1))),$);
#14694=IFCARBITRARYCLOSEDPROFILEDEF(.AREA.,$,#14693);
#14695=IFCCARTESIANPOINT((0.02500000037252903,0.02500000037252903,0.02500000037252903));
#14696=IFCDIRECTION((0.,0.,1.));
#14697=IFCDIRECTION((1.,0.,0.));
#14698=IFCAXIS2PLACEMENT3D(#14695,#14696,#14697);
#14699=IFCDIRECTION((0.,0.,1.));
#14700=IFCEXTRUDEDAREASOLID(#14694,#14698,#14699,1.9499999992549419);
#14701=IFCCARTESIANPOINTLIST2D(((0.,0.),(0.,-0.040000000000000001),(-0.11999999999999988,-0.040000000000000001),(-0.11999999999999988,-0.02),(-0.020000000000000018,-0.02),(-0.020000000000000018,0.)));
#14702=IFCINDEXEDPOLYCURVE(#14701,(IFCLINEINDEX((1,2,3,4,5,6,1))),$);
#14703=IFCARBITRARYCLOSEDPROFILEDEF(.AREA.,$,#14702);
#14704=IFCCARTESIANPOINT((0.82499997578561302,0.02500000037252903,1.015000000372529));
#14705=IFCDIRECTION((0.,0.,1.));
#14706=IFCDIRECTION((1.,0.,0.));
#14707=IFCAXIS2PLACEMENT3D(#14704,#14705,#14706);
#14708=IFCDIRECTION((0.,0.,1.));
#14709=IFCEXTRUDEDAREASOLID(#14703,#14707,#14708,0.02);
#14710=IFCEXTRUDEDAREASOLID(#14711,#14714,#14718,0.02);
#14711=IFCARBITRARYCLOSEDPROFILEDEF(.AREA.,$,#14712);
#14712=IFCINDEXEDPOLYCURVE(#14713,(IFCLINEINDEX((1,2,3,4,5,6,1))),$);
#14713=IFCCARTESIANPOINTLIST2D(((0.,0.),(0.,0.040000000000000008),(-0.11999999999999988,0.040000000000000008),(-0.11999999999999988,0.020000000000000004),(-0.020000000000000018,0.020000000000000004),(-0.020000000000000018,0.)));
#14714=IFCAXIS2PLACEMENT3D(#14715,#14716,#14717);
#14715=IFCCARTESIANPOINT((0.82499997578561302,0.060000000521540642,1.015000000372529));
#14716=IFCDIRECTION((0.,0.,1.));
#14717=IFCDIRECTION((1.,0.,0.));
#14718=IFCDIRECTION((0.,0.,1.));
#14719=IFCSHAPEREPRESENTATION(#11,'Body','SweptSolid',(#14655,#14664,#14700,#14709,#14710,#14673,#14682,#14691));
#14720=IFCSHAPEREPRESENTATION(#11,'Body','SweptSolid',(#14655,#14664,#14673,#14682,#14691));
#14721=IFCSHAPEASPECT((#14720),'Lining',$,.T.,#14588);
#14722=IFCSHAPEREPRESENTATION(#11,'Body','SweptSolid',(#14700,#14709,#14710));
#14723=IFCSHAPEASPECT((#14722),'Framing',$,.T.,#14588);
#14724=IFCCARTESIANPOINTLIST2D(((0.,0.),(0.,0.05000000074505806),(0.02500000037252903,0.05000000074505806),(0.02500000037252903,0.02500000037252903),(0.05000000074505806,0.02500000037252903),(0.05000000074505806,0.)));
#14725=IFCINDEXEDPOLYCURVE(#14724,(IFCLINEINDEX((1,2,3,4,5,6,1))),$);
#14726=IFCINDEXEDPOLYCURVE(#14727,(IFCLINEINDEX((1,2,3,4,5,6,1))),$);
#14727=IFCCARTESIANPOINTLIST2D(((0.89999997615814209,0.),(0.89999997615814209,0.05000000074505806),(0.87499997578561306,0.05000000074505806),(0.87499997578561306,0.02500000037252903),(0.84999997541308403,0.02500000037252903),(0.84999997541308403,0.)));
#14728=IFCDIRECTION((1.,0.));
#14729=IFCCARTESIANPOINT((0.060000000521540642,0.05000000074505806));
#14730=IFCAXIS2PLACEMENT2D(#14729,#14728);
#14731=IFCELLIPSE(#14730,0.81499997526407242,0.84999997541308403);
#14732=IFCCARTESIANPOINT((0.87499997578561306,0.05000000074505806));
#14733=IFCCARTESIANPOINT((0.060000000521540642,0.89999997615814209));
#14734=IFCTRIMMEDCURVE(#14731,(#14732),(#14733),.T.,.CARTESIAN.);
#14735=IFCCARTESIANPOINTLIST2D(((0.02500000037252903,0.05000000074505806),(0.060000000521540642,0.05000000074505806),(0.060000000521540642,0.89999997615814209),(0.02500000037252903,0.89999997615814209)));
#14736=IFCINDEXEDPOLYCURVE(#14735,(IFCLINEINDEX((1,2,3,4,1))),$);
#14737=IFCSHAPEREPRESENTATION(#24,'Body','Curve2D',(#14725,#14726,#14734,#14736));
#14738=IFCCARTESIANPOINTLIST2D(((0.,0.),(0.89999997615814209,0.),(0.89999997615814209,2.),(0.,2.)));
#14739=IFCINDEXEDPOLYCURVE(#14738,(IFCLINEINDEX((1,2,3,4,1))),$);
#14740=IFCARBITRARYCLOSEDPROFILEDEF(.AREA.,$,#14739);
#14741=IFCCARTESIANPOINT((0.,-0.60000002384185791,0.));
#14742=IFCDIRECTION((0.,-1.,0.));
#14743=IFCDIRECTION((1.,0.,0.));
#14744=IFCAXIS2PLACEMENT3D(#14741,#14742,#14743);
#14745=IFCDIRECTION((0.,0.,-1.));
#14746=IFCEXTRUDEDAREASOLID(#14740,#14744,#14745,1.2);
#14747=IFCSHAPEREPRESENTATION(#11,'Body','SweptSolid',(#14746));
#14753=IFCCARTESIANPOINT((0.23205793903390687,0.065000284207058279,0.));
#14754=IFCDIRECTION((0.,0.,1.));
#14755=IFCDIRECTION((0.99999999999998468,-1.748548171627215E-07,0.));
#14756=IFCAXIS2PLACEMENT3D(#14753,#14754,#14755);
#14757=IFCLOCALPLACEMENT(#11857,#14756);
#14758=IFCCARTESIANPOINT((0.,4.4408920985006262E-16,0.));
#14759=IFCDIRECTION((0.,0.,1.));
#14760=IFCDIRECTION((0.99999999999999989,-4.3368086899420177E-19,0.));
#14761=IFCAXIS2PLACEMENT3D(#14758,#14759,#14760);
#14762=IFCLOCALPLACEMENT(#14757,#14761);
#14763=IFCDOOR('1NywCKMNP4khaL9LyTs6C7',$,'Door',$,$,#14832,#14772,$,2.,0.89999997615814209,$,$,$);
#14764=IFCRELDEFINESBYTYPE('1I55RA5ffAE8kJrFd4SnbO',$,$,$,(#14763),#14363);
#14765=IFCCARTESIANPOINT((0.,0.,0.));
#14766=IFCDIRECTION((1.,0.,0.));
#14767=IFCDIRECTION((0.,1.,0.));
#14768=IFCDIRECTION((0.,0.,1.));
#14769=IFCCARTESIANTRANSFORMATIONOPERATOR3D(#14766,#14767,#14765,1.,#14768);
#14770=IFCMAPPEDITEM(#14366,#14769);
#14771=IFCSHAPEREPRESENTATION(#18,'Profile','MappedRepresentation',(#14770));
#14772=IFCPRODUCTDEFINITIONSHAPE($,$,(#14771,#14779,#14786));
#14773=IFCCARTESIANPOINT((0.,0.,0.));
#14774=IFCDIRECTION((1.,0.,0.));
#14775=IFCDIRECTION((0.,1.,0.));
#14776=IFCDIRECTION((0.,0.,1.));
#14777=IFCCARTESIANTRANSFORMATIONOPERATOR3D(#14774,#14775,#14773,1.,#14776);
#14778=IFCMAPPEDITEM(#14374,#14777);
#14779=IFCSHAPEREPRESENTATION(#11,'Body','MappedRepresentation',(#14778));
#14780=IFCCARTESIANPOINT((0.,0.,0.));
#14781=IFCDIRECTION((1.,0.,0.));
#14782=IFCDIRECTION((0.,1.,0.));
#14783=IFCDIRECTION((0.,0.,1.));
#14784=IFCCARTESIANTRANSFORMATIONOPERATOR3D(#14781,#14782,#14780,1.,#14783);
#14785=IFCMAPPEDITEM(#14452,#14784);
#14786=IFCSHAPEREPRESENTATION(#24,'Body','MappedRepresentation',(#14785));
#14787=IFCOPENINGELEMENT('31m$qzwfL33AuGdJJj6J2P',$,'Opening',$,$,#14821,#14815,$,.OPENING.);
#14793=IFCCARTESIANPOINTLIST2D(((0.,0.),(0.89999997615814209,0.),(0.89999997615814209,2.),(0.,2.)));
#14794=IFCINDEXEDPOLYCURVE(#14793,(IFCLINEINDEX((1,2,3,4,1))),$);
#14795=IFCARBITRARYCLOSEDPROFILEDEF(.AREA.,$,#14794);
#14796=IFCCARTESIANPOINT((0.,-0.60000002384185791,0.));
#14797=IFCDIRECTION((0.,-1.,0.));
#14798=IFCDIRECTION((1.,0.,0.));
#14799=IFCAXIS2PLACEMENT3D(#14796,#14797,#14798);
#14800=IFCDIRECTION((0.,0.,-1.));
#14801=IFCEXTRUDEDAREASOLID(#14795,#14799,#14800,1.2);
#14802=IFCSHAPEREPRESENTATION(#11,'Body','SweptSolid',(#14801));
#14803=IFCCARTESIANPOINT((0.,0.,0.));
#14804=IFCDIRECTION((1.,0.,0.));
#14805=IFCDIRECTION((0.,0.,1.));
#14806=IFCAXIS2PLACEMENT3D(#14803,#14805,#14804);
#14807=IFCREPRESENTATIONMAP(#14806,#14802);
#14808=IFCCARTESIANPOINT((0.,0.,0.));
#14809=IFCDIRECTION((1.,0.,0.));
#14810=IFCDIRECTION((0.,1.,0.));
#14811=IFCDIRECTION((0.,0.,1.));
#14812=IFCCARTESIANTRANSFORMATIONOPERATOR3D(#14809,#14810,#14808,1.,#14811);
#14813=IFCMAPPEDITEM(#14807,#14812);
#14814=IFCSHAPEREPRESENTATION(#11,'Body','MappedRepresentation',(#14813));
#14815=IFCPRODUCTDEFINITIONSHAPE($,$,(#14814));
#14816=IFCRELVOIDSELEMENT('3VPInyG9TCeRqew_TX418a',$,$,$,#11420,#14787);
#14817=IFCCARTESIANPOINT((2.3948420540429192,1.5808222508795211E-08,0.));
#14818=IFCDIRECTION((0.,0.,1.));
#14819=IFCDIRECTION((1.,-9.2185809224924753E-11,0.));
#14820=IFCAXIS2PLACEMENT3D(#14817,#14818,#14819);
#14821=IFCLOCALPLACEMENT(#11793,#14820);
#14822=IFCRELFILLSELEMENT('1gkmuxftnAv8HWw__g2fNU',$,$,$,#14787,#14763);
#14828=IFCCARTESIANPOINT((-0.89999988419223143,3.814968470017277E-07,0.));
#14829=IFCDIRECTION((0.,0.,1.));
#14830=IFCDIRECTION((0.99999999999997147,-2.3844277371922601E-07,0.));
#14831=IFCAXIS2PLACEMENT3D(#14828,#14829,#14830);
#14832=IFCLOCALPLACEMENT(#14821,#14831);
#14833=IFCRELCONNECTSPATHELEMENTS('122keHle1BkP$w0LddxVWh',$,$,$,$,#12290,#12696,(),(),.ATPATH.,.ATEND.);
#14834=IFCCARTESIANPOINTLIST2D(((0.15000000596046448,0.),(0.15000000417173312,0.15000000596046448),(3.8593447403178018,0.15000000596046448),(3.8593447647559045,0.)));
#14835=IFCINDEXEDPOLYCURVE(#14834,(IFCLINEINDEX((1,2,3,4,1))),$);
#14836=IFCARBITRARYCLOSEDPROFILEDEF(.AREA.,$,#14835);
#14837=IFCCARTESIANPOINT((0.,0.,0.));
#14838=IFCDIRECTION((0.,0.,1.));
#14839=IFCDIRECTION((1.,0.,0.));
#14840=IFCAXIS2PLACEMENT3D(#14837,#14838,#14839);
#14841=IFCDIRECTION((0.,0.,1.));
#14842=IFCEXTRUDEDAREASOLID(#14836,#14840,#14841,3.);
#14843=IFCSHAPEREPRESENTATION(#11,'Body','SweptSolid',(#14842));
#14844=IFCCARTESIANPOINTLIST2D(((0.,0.),(3.9593447662460219,0.)));
#14845=IFCINDEXEDPOLYCURVE(#14844,$,$);
#14846=IFCSHAPEREPRESENTATION(#23,'Axis','Curve2D',(#14845));
#14860=IFCRELCONNECTSPATHELEMENTS('06e115xAH9WPhNbmK2en6K',$,$,$,$,#12587,#12766,(),(),.ATPATH.,.ATEND.);
#14861=IFCCARTESIANPOINTLIST2D(((0.,0.),(0.,0.10000000149011612),(4.0129450484118294,0.10000000149011612),(4.0129450559616204,0.)));
#14862=IFCINDEXEDPOLYCURVE(#14861,(IFCLINEINDEX((1,2,3,4,1))),$);
#14863=IFCARBITRARYCLOSEDPROFILEDEF(.AREA.,$,#14862);
#14864=IFCCARTESIANPOINT((0.,0.,0.));
#14865=IFCDIRECTION((0.,0.,1.));
#14866=IFCDIRECTION((1.,0.,0.));
#14867=IFCAXIS2PLACEMENT3D(#14864,#14865,#14866);
#14868=IFCDIRECTION((0.,0.,1.));
#14869=IFCEXTRUDEDAREASOLID(#14863,#14867,#14868,3.);
#14870=IFCSHAPEREPRESENTATION(#11,'Body','SweptSolid',(#14869));
#14871=IFCCARTESIANPOINTLIST2D(((0.,0.),(4.0129450559616204,0.)));
#14872=IFCINDEXEDPOLYCURVE(#14871,$,$);
#14873=IFCSHAPEREPRESENTATION(#23,'Axis','Curve2D',(#14872));
#14887=IFCRELCONNECTSPATHELEMENTS('2uM3mj79n9x81ZycKUcKJn',$,$,$,$,#12696,#12766,(),(),.ATPATH.,.ATEND.);
#14888=IFCCARTESIANPOINTLIST2D(((0.15000021307055428,0.),(0.15016638977599631,0.10000000149011612),(2.9032437904399284,0.10000000149011612),(2.9032437828901383,0.)));
#14889=IFCINDEXEDPOLYCURVE(#14888,(IFCLINEINDEX((1,2,3,4,1))),$);
#14890=IFCARBITRARYCLOSEDPROFILEDEF(.AREA.,$,#14889);
#14891=IFCCARTESIANPOINT((0.,0.,0.));
#14892=IFCDIRECTION((0.,0.,1.));
#14893=IFCDIRECTION((1.,0.,0.));
#14894=IFCAXIS2PLACEMENT3D(#14891,#14892,#14893);
#14895=IFCDIRECTION((0.,0.,1.));
#14896=IFCEXTRUDEDAREASOLID(#14890,#14894,#14895,3.);
#14897=IFCSHAPEREPRESENTATION(#11,'Body','SweptSolid',(#14896));
#14898=IFCCARTESIANPOINTLIST2D(((0.,0.),(3.0032437843802544,0.)));
#14899=IFCINDEXEDPOLYCURVE(#14898,$,$);
#14900=IFCSHAPEREPRESENTATION(#23,'Axis','Curve2D',(#14899));
#14901=IFCCARTESIANPOINTLIST2D(((0.15000015181915322,0.),(0.15013960731179288,0.10000000149011612),(3.6600001522388013,0.10000000149011612),(3.6600001522388013,0.)));
#14902=IFCINDEXEDPOLYCURVE(#14901,(IFCLINEINDEX((1,2,3,4,1))),$);
#14903=IFCARBITRARYCLOSEDPROFILEDEF(.AREA.,$,#14902);
#14904=IFCCARTESIANPOINT((0.,0.,0.));
#14905=IFCDIRECTION((0.,0.,1.));
#14906=IFCDIRECTION((1.,0.,0.));
#14907=IFCAXIS2PLACEMENT3D(#14904,#14905,#14906);
#14908=IFCDIRECTION((0.,0.,1.));
#14909=IFCEXTRUDEDAREASOLID(#14903,#14907,#14908,3.);
#14910=IFCSHAPEREPRESENTATION(#11,'Body','SweptSolid',(#14909));
#14911=IFCCARTESIANPOINTLIST2D(((0.,0.),(3.6600001522388013,0.)));
#14912=IFCINDEXEDPOLYCURVE(#14911,$,$);
#14913=IFCSHAPEREPRESENTATION(#23,'Axis','Curve2D',(#14912));
#14914=IFCDOORTYPE('3DvME2mT12nfnc9oAxqGw4',$,'FAM-BED2-2F',$,$,(#14915),(#14917,#14925,#15003),$,$,.DOOR.,.SINGLE_SWING_LEFT.,$,$);
#14915=IFCPROPERTYSET('3YlZIUd5T6QeZjn0NhrukW',$,'BBIM_Door',$,(#14916));
#14916=IFCPROPERTYSINGLEVALUE('Data',$,IFCTEXT('{"door_type": "SINGLE_SWING_RIGHT", "overall_height": 2.0, "overall_width": 0.8302819728851318, "lining_properties": {"lining_depth": 0.05000000074505806, "lining_thickness": 0.05000000074505806, "lining_offset": 0.0, "lining_to_panel_offset_x": 0.02500000037252903, "lining_to_panel_offset_y": 0.02500000037252903, "transom_thickness": 0.0, "casing_thickness": 0.07500000298023224, "casing_depth": 0.004999999888241291, "threshold_thickness": 0.02500000037252903, "threshold_depth": 0.10000000149011612, "threshold_offset": 0.0}, "panel_properties": {"panel_depth": 0.03500000014901161, "panel_width_ratio": 1.0}}'),$);
#14917=IFCREPRESENTATIONMAP(#14918,#15751);
#14918=IFCAXIS2PLACEMENT3D(#14919,#14920,#14921);
#14919=IFCCARTESIANPOINT((0.,0.,0.));
#14920=IFCDIRECTION((0.,0.,1.));
#14921=IFCDIRECTION((1.,0.,0.));
#14925=IFCREPRESENTATIONMAP(#14926,#15824);
#14926=IFCAXIS2PLACEMENT3D(#14927,#14928,#14929);
#14927=IFCCARTESIANPOINT((0.,0.,0.));
#14928=IFCDIRECTION((0.,0.,1.));
#14929=IFCDIRECTION((1.,0.,0.));
#15003=IFCREPRESENTATIONMAP(#15004,#15842);
#15004=IFCAXIS2PLACEMENT3D(#15005,#15006,#15007);
#15005=IFCCARTESIANPOINT((0.,0.,0.));
#15006=IFCDIRECTION((0.,0.,1.));
#15007=IFCDIRECTION((1.,0.,0.));
#15022=IFCDOORTYPE('0727tMwqbD0962jHgSE$BV',$,'FAM-MBED-2F',$,$,(#15023),(#15025,#15033,#15111),$,$,.DOOR.,.SINGLE_SWING_LEFT.,$,$);
#15023=IFCPROPERTYSET('1KEJo7xRr2KRgV29irACtd',$,'BBIM_Door',$,(#15024));
#15024=IFCPROPERTYSINGLEVALUE('Data',$,IFCTEXT('{"door_type": "SINGLE_SWING_RIGHT", "overall_height": 2.0, "overall_width": 0.8999999761581421, "lining_properties": {"lining_depth": 0.05000000074505806, "lining_thickness": 0.05000000074505806, "lining_offset": 0.0, "lining_to_panel_offset_x": 0.02500000037252903, "lining_to_panel_offset_y": 0.02500000037252903, "transom_thickness": 0.0, "casing_thickness": 0.07500000298023224, "casing_depth": 0.004999999888241291, "threshold_thickness": 0.02500000037252903, "threshold_depth": 0.10000000149011612, "threshold_offset": 0.0}, "panel_properties": {"panel_depth": 0.03500000014901161, "panel_width_ratio": 1.0}}'),$);
#15025=IFCREPRESENTATIONMAP(#15026,#16104);
#15026=IFCAXIS2PLACEMENT3D(#15027,#15028,#15029);
#15027=IFCCARTESIANPOINT((0.,0.,0.));
#15028=IFCDIRECTION((0.,0.,1.));
#15029=IFCDIRECTION((1.,0.,0.));
#15033=IFCREPRESENTATIONMAP(#15034,#16177);
#15034=IFCAXIS2PLACEMENT3D(#15035,#15036,#15037);
#15035=IFCCARTESIANPOINT((0.,0.,0.));
#15036=IFCDIRECTION((0.,0.,1.));
#15037=IFCDIRECTION((1.,0.,0.));
#15111=IFCREPRESENTATIONMAP(#15112,#16191);
#15112=IFCAXIS2PLACEMENT3D(#15113,#15114,#15115);
#15113=IFCCARTESIANPOINT((0.,0.,0.));
#15114=IFCDIRECTION((0.,0.,1.));
#15115=IFCDIRECTION((1.,0.,0.));
#15130=IFCDOORTYPE('3fTtqVzBn2PwiXAw9iOfGP',$,'FAM-BED1-2F',$,$,(#15131),(#15133,#15141,#15219),$,$,.DOOR.,.SINGLE_SWING_LEFT.,$,$);
#15131=IFCPROPERTYSET('28SAc7f$zCZ9P4Kjmfeqy4',$,'BBIM_Door',$,(#15132));
#15132=IFCPROPERTYSINGLEVALUE('Data',$,IFCTEXT('{"door_type": "SINGLE_SWING_LEFT", "overall_height": 2.0, "overall_width": 0.8999999761581421, "lining_properties": {"lining_depth": 0.05000000074505806, "lining_thickness": 0.05000000074505806, "lining_offset": 0.0, "lining_to_panel_offset_x": 0.02500000037252903, "lining_to_panel_offset_y": 0.02500000037252903, "transom_thickness": 0.0, "casing_thickness": 0.07500000298023224, "casing_depth": 0.004999999888241291, "threshold_thickness": 0.02500000037252903, "threshold_depth": 0.10000000149011612, "threshold_offset": 0.0}, "panel_properties": {"panel_depth": 0.03500000014901161, "panel_width_ratio": 1.0}}'),$);
#15133=IFCREPRESENTATIONMAP(#15134,#16219);
#15134=IFCAXIS2PLACEMENT3D(#15135,#15136,#15137);
#15135=IFCCARTESIANPOINT((0.,0.,0.));
#15136=IFCDIRECTION((0.,0.,1.));
#15137=IFCDIRECTION((1.,0.,0.));
#15141=IFCREPRESENTATIONMAP(#15142,#16292);
#15142=IFCAXIS2PLACEMENT3D(#15143,#15144,#15145);
#15143=IFCCARTESIANPOINT((0.,0.,0.));
#15144=IFCDIRECTION((0.,0.,1.));
#15145=IFCDIRECTION((1.,0.,0.));
#15219=IFCREPRESENTATIONMAP(#15220,#16310);
#15220=IFCAXIS2PLACEMENT3D(#15221,#15222,#15223);
#15221=IFCCARTESIANPOINT((0.,0.,0.));
#15222=IFCDIRECTION((0.,0.,1.));
#15223=IFCDIRECTION((1.,0.,0.));
#15238=IFCDOORTYPE('2A6$j8NeH50fVIeMf2cCfh',$,'FAM-TB2-2F',$,$,(#15239),(#15241,#15249,#15327),$,$,.DOOR.,.SINGLE_SWING_LEFT.,$,$);
#15239=IFCPROPERTYSET('3_1JUiWWj5pPMppBqFbb2f',$,'BBIM_Door',$,(#15240));
#15240=IFCPROPERTYSINGLEVALUE('Data',$,IFCTEXT('{"door_type": "SINGLE_SWING_LEFT", "overall_height": 2.0, "overall_width": 0.6589024066925049, "lining_properties": {"lining_depth": 0.05000000074505806, "lining_thickness": 0.05000000074505806, "lining_offset": 0.0, "lining_to_panel_offset_x": 0.02500000037252903, "lining_to_panel_offset_y": 0.02500000037252903, "transom_thickness": 0.0, "casing_thickness": 0.07500000298023224, "casing_depth": 0.004999999888241291, "threshold_thickness": 0.02500000037252903, "threshold_depth": 0.10000000149011612, "threshold_offset": 0.0}, "panel_properties": {"panel_depth": 0.03500000014901161, "panel_width_ratio": 1.0}}'),$);
#15241=IFCREPRESENTATIONMAP(#15242,#16338);
#15242=IFCAXIS2PLACEMENT3D(#15243,#15244,#15245);
#15243=IFCCARTESIANPOINT((0.,0.,0.));
#15244=IFCDIRECTION((0.,0.,1.));
#15245=IFCDIRECTION((1.,0.,0.));
#15249=IFCREPRESENTATIONMAP(#15250,#16411);
#15250=IFCAXIS2PLACEMENT3D(#15251,#15252,#15253);
#15251=IFCCARTESIANPOINT((0.,0.,0.));
#15252=IFCDIRECTION((0.,0.,1.));
#15253=IFCDIRECTION((1.,0.,0.));
#15327=IFCREPRESENTATIONMAP(#15328,#16429);
#15328=IFCAXIS2PLACEMENT3D(#15329,#15330,#15331);
#15329=IFCCARTESIANPOINT((0.,0.,0.));
#15330=IFCDIRECTION((0.,0.,1.));
#15331=IFCDIRECTION((1.,0.,0.));
#15460=IFCDOOR('1cTvj_1fr1XxWQL23A67sa',$,'Door',$,$,#16335,#15469,$,2.,0.89999997615814209,$,.SINGLE_SWING_LEFT.,$);
#15461=IFCRELDEFINESBYTYPE('3IhQb$_hP2hw2ycI2T9GFz',$,$,$,(#15460),#15130);
#15462=IFCCARTESIANPOINT((0.,0.,0.));
#15463=IFCDIRECTION((1.,0.,0.));
#15464=IFCDIRECTION((0.,1.,0.));
#15465=IFCDIRECTION((0.,0.,1.));
#15466=IFCCARTESIANTRANSFORMATIONOPERATOR3D(#15463,#15464,#15462,1.,#15465);
#15467=IFCMAPPEDITEM(#15133,#15466);
#15468=IFCSHAPEREPRESENTATION(#18,'Profile','MappedRepresentation',(#15467));
#15469=IFCPRODUCTDEFINITIONSHAPE($,$,(#15468,#15476,#15483));
#15470=IFCCARTESIANPOINT((0.,0.,0.));
#15471=IFCDIRECTION((1.,0.,0.));
#15472=IFCDIRECTION((0.,1.,0.));
#15473=IFCDIRECTION((0.,0.,1.));
#15474=IFCCARTESIANTRANSFORMATIONOPERATOR3D(#15471,#15472,#15470,1.,#15473);
#15475=IFCMAPPEDITEM(#15141,#15474);
#15476=IFCSHAPEREPRESENTATION(#11,'Body','MappedRepresentation',(#15475));
#15477=IFCCARTESIANPOINT((0.,0.,0.));
#15478=IFCDIRECTION((1.,0.,0.));
#15479=IFCDIRECTION((0.,1.,0.));
#15480=IFCDIRECTION((0.,0.,1.));
#15481=IFCCARTESIANTRANSFORMATIONOPERATOR3D(#15478,#15479,#15477,1.,#15480);
#15482=IFCMAPPEDITEM(#15219,#15481);
#15483=IFCSHAPEREPRESENTATION(#24,'Body','MappedRepresentation',(#15482));
#15484=IFCOPENINGELEMENT('03t4qIBKD7rvblAjE5cIeE',$,'Opening',$,$,#16330,#15512,$,.OPENING.);
#15500=IFCCARTESIANPOINT((0.,0.,0.));
#15501=IFCDIRECTION((1.,0.,0.));
#15502=IFCDIRECTION((0.,0.,1.));
#15503=IFCAXIS2PLACEMENT3D(#15500,#15502,#15501);
#15504=IFCREPRESENTATIONMAP(#15503,#16320);
#15505=IFCCARTESIANPOINT((0.,0.,0.));
#15506=IFCDIRECTION((1.,0.,0.));
#15507=IFCDIRECTION((0.,1.,0.));
#15508=IFCDIRECTION((0.,0.,1.));
#15509=IFCCARTESIANTRANSFORMATIONOPERATOR3D(#15506,#15507,#15505,1.,#15508);
#15510=IFCMAPPEDITEM(#15504,#15509);
#15511=IFCSHAPEREPRESENTATION(#11,'Body','MappedRepresentation',(#15510));
#15512=IFCPRODUCTDEFINITIONSHAPE($,$,(#15511));
#15513=IFCRELVOIDSELEMENT('3c5n8h9jbFQBZktcEM9_2D',$,$,$,#12696,#15484);
#15519=IFCRELFILLSELEMENT('3BQmrBvaX77htgNU$A_J5F',$,$,$,#15484,#15460);
#15525=IFCDOOR('01rUEStXr8mP7FpExo3qPu',$,'Door',$,$,#16216,#15534,$,2.,0.89999997615814209,$,.SINGLE_SWING_RIGHT.,$);
#15526=IFCRELDEFINESBYTYPE('3d0DCBKhHCrvyEqclPhCWU',$,$,$,(#15525),#15022);
#15527=IFCCARTESIANPOINT((0.,0.,0.));
#15528=IFCDIRECTION((1.,0.,0.));
#15529=IFCDIRECTION((0.,1.,0.));
#15530=IFCDIRECTION((0.,0.,1.));
#15531=IFCCARTESIANTRANSFORMATIONOPERATOR3D(#15528,#15529,#15527,1.,#15530);
#15532=IFCMAPPEDITEM(#15025,#15531);
#15533=IFCSHAPEREPRESENTATION(#18,'Profile','MappedRepresentation',(#15532));
#15534=IFCPRODUCTDEFINITIONSHAPE($,$,(#15533,#15541,#15548));
#15535=IFCCARTESIANPOINT((0.,0.,0.));
#15536=IFCDIRECTION((1.,0.,0.));
#15537=IFCDIRECTION((0.,1.,0.));
#15538=IFCDIRECTION((0.,0.,1.));
#15539=IFCCARTESIANTRANSFORMATIONOPERATOR3D(#15536,#15537,#15535,1.,#15538);
#15540=IFCMAPPEDITEM(#15033,#15539);
#15541=IFCSHAPEREPRESENTATION(#11,'Body','MappedRepresentation',(#15540));
#15542=IFCCARTESIANPOINT((0.,0.,0.));
#15543=IFCDIRECTION((1.,0.,0.));
#15544=IFCDIRECTION((0.,1.,0.));
#15545=IFCDIRECTION((0.,0.,1.));
#15546=IFCCARTESIANTRANSFORMATIONOPERATOR3D(#15543,#15544,#15542,1.,#15545);
#15547=IFCMAPPEDITEM(#15111,#15546);
#15548=IFCSHAPEREPRESENTATION(#24,'Body','MappedRepresentation',(#15547));
#15549=IFCOPENINGELEMENT('2x9qIlruz3FviCK0ex94VU',$,'Opening',$,$,#16211,#15577,$,.OPENING.);
#15565=IFCCARTESIANPOINT((0.,0.,0.));
#15566=IFCDIRECTION((1.,0.,0.));
#15567=IFCDIRECTION((0.,0.,1.));
#15568=IFCAXIS2PLACEMENT3D(#15565,#15567,#15566);
#15569=IFCREPRESENTATIONMAP(#15568,#16201);
#15570=IFCCARTESIANPOINT((0.,0.,0.));
#15571=IFCDIRECTION((1.,0.,0.));
#15572=IFCDIRECTION((0.,1.,0.));
#15573=IFCDIRECTION((0.,0.,1.));
#15574=IFCCARTESIANTRANSFORMATIONOPERATOR3D(#15571,#15572,#15570,1.,#15573);
#15575=IFCMAPPEDITEM(#15569,#15574);
#15576=IFCSHAPEREPRESENTATION(#11,'Body','MappedRepresentation',(#15575));
#15577=IFCPRODUCTDEFINITIONSHAPE($,$,(#15576));
#15578=IFCRELVOIDSELEMENT('1x4tyDm$L0JvEQNcH0__Uc',$,$,$,#12587,#15549);
#15584=IFCRELFILLSELEMENT('0fTP_zUwT5bQvNu2JEnr7s',$,$,$,#15549,#15525);
#15590=IFCDOOR('1Hfb_0kk1EUxM0kpWNWsuw',$,'Door',$,$,#16454,#15599,$,2.,0.65890240669250488,$,.SINGLE_SWING_LEFT.,$);
#15591=IFCRELDEFINESBYTYPE('1g5poST8H3dhzocb2xMmR1',$,$,$,(#15590),#15238);
#15592=IFCCARTESIANPOINT((0.,0.,0.));
#15593=IFCDIRECTION((1.,0.,0.));
#15594=IFCDIRECTION((0.,1.,0.));
#15595=IFCDIRECTION((0.,0.,1.));
#15596=IFCCARTESIANTRANSFORMATIONOPERATOR3D(#15593,#15594,#15592,1.,#15595);
#15597=IFCMAPPEDITEM(#15241,#15596);
#15598=IFCSHAPEREPRESENTATION(#18,'Profile','MappedRepresentation',(#15597));
#15599=IFCPRODUCTDEFINITIONSHAPE($,$,(#15598,#15606,#15613));
#15600=IFCCARTESIANPOINT((0.,0.,0.));
#15601=IFCDIRECTION((1.,0.,0.));
#15602=IFCDIRECTION((0.,1.,0.));
#15603=IFCDIRECTION((0.,0.,1.));
#15604=IFCCARTESIANTRANSFORMATIONOPERATOR3D(#15601,#15602,#15600,1.,#15603);
#15605=IFCMAPPEDITEM(#15249,#15604);
#15606=IFCSHAPEREPRESENTATION(#11,'Body','MappedRepresentation',(#15605));
#15607=IFCCARTESIANPOINT((0.,0.,0.));
#15608=IFCDIRECTION((1.,0.,0.));
#15609=IFCDIRECTION((0.,1.,0.));
#15610=IFCDIRECTION((0.,0.,1.));
#15611=IFCCARTESIANTRANSFORMATIONOPERATOR3D(#15608,#15609,#15607,1.,#15610);
#15612=IFCMAPPEDITEM(#15327,#15611);
#15613=IFCSHAPEREPRESENTATION(#24,'Body','MappedRepresentation',(#15612));
#15614=IFCOPENINGELEMENT('0YjqY1Xdz2$QXGJFDoecnR',$,'Opening',$,$,#16449,#15642,$,.OPENING.);
#15630=IFCCARTESIANPOINT((0.,0.,0.));
#15631=IFCDIRECTION((1.,0.,0.));
#15632=IFCDIRECTION((0.,0.,1.));
#15633=IFCAXIS2PLACEMENT3D(#15630,#15632,#15631);
#15634=IFCREPRESENTATIONMAP(#15633,#16439);
#15635=IFCCARTESIANPOINT((0.,0.,0.));
#15636=IFCDIRECTION((1.,0.,0.));
#15637=IFCDIRECTION((0.,1.,0.));
#15638=IFCDIRECTION((0.,0.,1.));
#15639=IFCCARTESIANTRANSFORMATIONOPERATOR3D(#15636,#15637,#15635,1.,#15638);
#15640=IFCMAPPEDITEM(#15634,#15639);
#15641=IFCSHAPEREPRESENTATION(#11,'Body','MappedRepresentation',(#15640));
#15642=IFCPRODUCTDEFINITIONSHAPE($,$,(#15641));
#15643=IFCRELVOIDSELEMENT('2PmXJUhNn2DQ3BfTA1Axjj',$,$,$,#12290,#15614);
#15649=IFCRELFILLSELEMENT('1k5o79CkLD0vtm72n7kEbH',$,$,$,#15614,#15590);
#15684=IFCDOOR('35yuERFBf8ywsthh9qdZw2',$,'Door',$,$,#15867,#15693,$,2.,0.83028197288513184,$,.SINGLE_SWING_RIGHT.,$);
#15685=IFCRELDEFINESBYTYPE('1ixw5Zwqf2fO4kG_3TS5C2',$,$,$,(#15684),#14914);
#15686=IFCCARTESIANPOINT((0.,0.,0.));
#15687=IFCDIRECTION((1.,0.,0.));
#15688=IFCDIRECTION((0.,1.,0.));
#15689=IFCDIRECTION((0.,0.,1.));
#15690=IFCCARTESIANTRANSFORMATIONOPERATOR3D(#15687,#15688,#15686,1.,#15689);
#15691=IFCMAPPEDITEM(#14917,#15690);
#15692=IFCSHAPEREPRESENTATION(#18,'Profile','MappedRepresentation',(#15691));
#15693=IFCPRODUCTDEFINITIONSHAPE($,$,(#15692,#15700,#15707));
#15694=IFCCARTESIANPOINT((0.,0.,0.));
#15695=IFCDIRECTION((1.,0.,0.));
#15696=IFCDIRECTION((0.,1.,0.));
#15697=IFCDIRECTION((0.,0.,1.));
#15698=IFCCARTESIANTRANSFORMATIONOPERATOR3D(#15695,#15696,#15694,1.,#15697);
#15699=IFCMAPPEDITEM(#14925,#15698);
#15700=IFCSHAPEREPRESENTATION(#11,'Body','MappedRepresentation',(#15699));
#15701=IFCCARTESIANPOINT((0.,0.,0.));
#15702=IFCDIRECTION((1.,0.,0.));
#15703=IFCDIRECTION((0.,1.,0.));
#15704=IFCDIRECTION((0.,0.,1.));
#15705=IFCCARTESIANTRANSFORMATIONOPERATOR3D(#15702,#15703,#15701,1.,#15704);
#15706=IFCMAPPEDITEM(#15003,#15705);
#15707=IFCSHAPEREPRESENTATION(#24,'Body','MappedRepresentation',(#15706));
#15708=IFCOPENINGELEMENT('2Qv95saojD9eITkvSLWlOM',$,'Opening',$,$,#15862,#15736,$,.OPENING.);
#15724=IFCCARTESIANPOINT((0.,0.,0.));
#15725=IFCDIRECTION((1.,0.,0.));
#15726=IFCDIRECTION((0.,0.,1.));
#15727=IFCAXIS2PLACEMENT3D(#15724,#15726,#15725);
#15728=IFCREPRESENTATIONMAP(#15727,#15852);
#15729=IFCCARTESIANPOINT((0.,0.,0.));
#15730=IFCDIRECTION((1.,0.,0.));
#15731=IFCDIRECTION((0.,1.,0.));
#15732=IFCDIRECTION((0.,0.,1.));
#15733=IFCCARTESIANTRANSFORMATIONOPERATOR3D(#15730,#15731,#15729,1.,#15732);
#15734=IFCMAPPEDITEM(#15728,#15733);
#15735=IFCSHAPEREPRESENTATION(#11,'Body','MappedRepresentation',(#15734));
#15736=IFCPRODUCTDEFINITIONSHAPE($,$,(#15735));
#15737=IFCRELVOIDSELEMENT('338jZ3eHbF2fPHeLLXpaoR',$,$,$,#14298,#15708);
#15743=IFCRELFILLSELEMENT('1Kark7TE17uB0Z3NDoFQmA',$,$,$,#15708,#15684);
#15749=IFCCARTESIANPOINTLIST3D(((0.,0.,0.),(0.83028197288513184,0.,0.),(0.83028197288513184,0.,2.),(0.,0.,2.)));
#15750=IFCINDEXEDPOLYCURVE(#15749,(IFCLINEINDEX((1,2,3,4,1))),$);
#15751=IFCSHAPEREPRESENTATION(#18,'Profile','Curve3D',(#15750));
#15752=IFCCARTESIANPOINTLIST2D(((0.,0.),(0.,2.),(0.83028197288513184,2.),(0.83028197288513184,0.),(0.80528197251260281,0.),(0.80528197251260281,1.974999999627471),(0.02500000037252903,1.974999999627471),(0.02500000037252903,0.)));
#15753=IFCINDEXEDPOLYCURVE(#15752,(IFCLINEINDEX((1,2,3,4,5,6,7,8,1))),$);
#15754=IFCARBITRARYCLOSEDPROFILEDEF(.AREA.,$,#15753);
#15755=IFCCARTESIANPOINT((0.,0.02500000037252903,0.));
#15756=IFCDIRECTION((0.,-1.,0.));
#15757=IFCDIRECTION((1.,0.,0.));
#15758=IFCAXIS2PLACEMENT3D(#15755,#15756,#15757);
#15759=IFCDIRECTION((0.,0.,-1.));
#15760=IFCEXTRUDEDAREASOLID(#15754,#15758,#15759,0.02500000037252903);
#15761=IFCCARTESIANPOINTLIST2D(((0.,0.),(0.,2.),(0.83028197288513184,2.),(0.83028197288513184,0.),(0.78028197214007378,0.),(0.78028197214007378,1.9499999992549419),(0.05000000074505806,1.9499999992549419),(0.05000000074505806,0.)));
#15762=IFCINDEXEDPOLYCURVE(#15761,(IFCLINEINDEX((1,2,3,4,5,6,7,8,1))),$);
#15763=IFCARBITRARYCLOSEDPROFILEDEF(.AREA.,$,#15762);
#15764=IFCCARTESIANPOINT((0.,0.,0.));
#15765=IFCDIRECTION((0.,-1.,0.));
#15766=IFCDIRECTION((1.,0.,0.));
#15767=IFCAXIS2PLACEMENT3D(#15764,#15765,#15766);
#15768=IFCDIRECTION((0.,0.,-1.));
#15769=IFCEXTRUDEDAREASOLID(#15763,#15767,#15768,0.02500000037252903);
#15770=IFCCARTESIANPOINTLIST2D(((0.,0.),(0.73028197139501572,0.),(0.73028197139501572,0.10000000149011612),(0.,0.10000000149011612)));
#15771=IFCINDEXEDPOLYCURVE(#15770,(IFCLINEINDEX((1,2,3,4,1))),$);
#15772=IFCARBITRARYCLOSEDPROFILEDEF(.AREA.,$,#15771);
#15773=IFCCARTESIANPOINT((0.05000000074505806,0.,0.));
#15774=IFCDIRECTION((0.,0.,1.));
#15775=IFCDIRECTION((1.,0.,0.));
#15776=IFCAXIS2PLACEMENT3D(#15773,#15774,#15775);
#15777=IFCDIRECTION((0.,0.,1.));
#15778=IFCEXTRUDEDAREASOLID(#15772,#15776,#15777,0.02500000037252903);
#15779=IFCCARTESIANPOINTLIST2D(((0.,0.),(0.,2.0250000022351742),(0.88028197735548019,2.0250000022351742),(0.88028197735548019,0.),(0.80528197437524796,0.),(0.80528197437524796,1.9499999992549419),(0.075000002980232239,1.9499999992549419),(0.075000002980232239,0.)));
#15780=IFCINDEXEDPOLYCURVE(#15779,(IFCLINEINDEX((1,2,3,4,5,6,7,8,1))),$);
#15781=IFCARBITRARYCLOSEDPROFILEDEF(.AREA.,$,#15780);
#15782=IFCCARTESIANPOINT((-0.025000002235174179,-0.004999999888241291,0.));
#15783=IFCDIRECTION((0.,-1.,0.));
#15784=IFCDIRECTION((1.,0.,0.));
#15785=IFCAXIS2PLACEMENT3D(#15782,#15783,#15784);
#15786=IFCDIRECTION((0.,0.,-1.));
#15787=IFCEXTRUDEDAREASOLID(#15781,#15785,#15786,0.004999999888241291);
#15788=IFCCARTESIANPOINTLIST2D(((0.,0.),(0.,2.0250000022351742),(0.88028197735548019,2.0250000022351742),(0.88028197735548019,0.),(0.83028197474777699,0.),(0.83028197474777699,1.974999999627471),(0.050000002607703209,1.974999999627471),(0.050000002607703209,0.)));
#15789=IFCINDEXEDPOLYCURVE(#15788,(IFCLINEINDEX((1,2,3,4,5,6,7,8,1))),$);
#15790=IFCARBITRARYCLOSEDPROFILEDEF(.AREA.,$,#15789);
#15791=IFCCARTESIANPOINT((-0.025000002235174179,0.05000000074505806,0.));
#15792=IFCDIRECTION((0.,-1.,0.));
#15793=IFCDIRECTION((1.,0.,0.));
#15794=IFCAXIS2PLACEMENT3D(#15791,#15792,#15793);
#15795=IFCDIRECTION((0.,0.,-1.));
#15796=IFCEXTRUDEDAREASOLID(#15790,#15794,#15795,0.004999999888241291);
#15797=IFCCARTESIANPOINTLIST2D(((0.,0.),(0.78028197214007378,0.),(0.78028197214007378,0.035000000149011612),(0.,0.035000000149011612)));
#15798=IFCINDEXEDPOLYCURVE(#15797,(IFCLINEINDEX((1,2,3,4,1))),$);
#15799=IFCARBITRARYCLOSEDPROFILEDEF(.AREA.,$,#15798);
#15800=IFCCARTESIANPOINT((0.02500000037252903,0.02500000037252903,0.02500000037252903));
#15801=IFCDIRECTION((0.,0.,1.));
#15802=IFCDIRECTION((1.,0.,0.));
#15803=IFCAXIS2PLACEMENT3D(#15800,#15801,#15802);
#15804=IFCDIRECTION((0.,0.,1.));
#15805=IFCEXTRUDEDAREASOLID(#15799,#15803,#15804,1.9499999992549419);
#15806=IFCCARTESIANPOINTLIST2D(((0.,0.),(0.,-0.040000000000000001),(0.12,-0.040000000000000001),(0.12,-0.02),(0.02,-0.02),(0.02,0.)));
#15807=IFCINDEXEDPOLYCURVE(#15806,(IFCLINEINDEX((1,2,3,4,5,6,1))),$);
#15808=IFCARBITRARYCLOSEDPROFILEDEF(.AREA.,$,#15807);
#15809=IFCCARTESIANPOINT((0.075000000372529033,0.02500000037252903,1.015000000372529));
#15810=IFCDIRECTION((0.,0.,1.));
#15811=IFCDIRECTION((1.,0.,0.));
#15812=IFCAXIS2PLACEMENT3D(#15809,#15810,#15811);
#15813=IFCDIRECTION((0.,0.,1.));
#15814=IFCEXTRUDEDAREASOLID(#15808,#15812,#15813,0.02);
#15815=IFCEXTRUDEDAREASOLID(#15816,#15819,#15823,0.02);
#15816=IFCARBITRARYCLOSEDPROFILEDEF(.AREA.,$,#15817);
#15817=IFCINDEXEDPOLYCURVE(#15818,(IFCLINEINDEX((1,2,3,4,5,6,1))),$);
#15818=IFCCARTESIANPOINTLIST2D(((0.,0.),(0.,0.040000000000000008),(0.11999999999999998,0.040000000000000008),(0.11999999999999998,0.020000000000000004),(0.020000000000000004,0.020000000000000004),(0.020000000000000004,0.)));
#15819=IFCAXIS2PLACEMENT3D(#15820,#15821,#15822);
#15820=IFCCARTESIANPOINT((0.075000000372529033,0.060000000521540642,1.015000000372529));
#15821=IFCDIRECTION((0.,0.,1.));
#15822=IFCDIRECTION((1.,0.,0.));
#15823=IFCDIRECTION((0.,0.,1.));
#15824=IFCSHAPEREPRESENTATION(#11,'Body','SweptSolid',(#15760,#15769,#15805,#15814,#15815,#15778,#15787,#15796));
#15825=IFCSHAPEREPRESENTATION(#11,'Body','SweptSolid',(#15760,#15769,#15778,#15787,#15796));
#15826=IFCSHAPEASPECT((#15825),'Lining',$,.T.,#15693);
#15827=IFCSHAPEREPRESENTATION(#11,'Body','SweptSolid',(#15805,#15814,#15815));
#15828=IFCSHAPEASPECT((#15827),'Framing',$,.T.,#15693);
#15829=IFCCARTESIANPOINTLIST2D(((0.,0.),(0.,0.05000000074505806),(0.02500000037252903,0.05000000074505806),(0.02500000037252903,0.02500000037252903),(0.05000000074505806,0.02500000037252903),(0.05000000074505806,0.)));
#15830=IFCINDEXEDPOLYCURVE(#15829,(IFCLINEINDEX((1,2,3,4,5,6,1))),$);
#15831=IFCINDEXEDPOLYCURVE(#15832,(IFCLINEINDEX((1,2,3,4,5,6,1))),$);
#15832=IFCCARTESIANPOINTLIST2D(((0.83028197288513184,0.),(0.83028197288513184,0.05000000074505806),(0.80528197251260281,0.05000000074505806),(0.80528197251260281,0.02500000037252903),(0.78028197214007378,0.02500000037252903),(0.78028197214007378,0.)));
#15833=IFCDIRECTION((1.,0.));
#15834=IFCCARTESIANPOINT((0.77028197236359119,0.05000000074505806));
#15835=IFCAXIS2PLACEMENT2D(#15834,#15833);
#15836=IFCELLIPSE(#15835,0.74528197199106216,0.78028197214007378);
#15837=IFCCARTESIANPOINT((0.77028197236359119,0.83028197288513184));
#15838=IFCCARTESIANPOINT((0.02500000037252903,0.05000000074505806));
#15839=IFCTRIMMEDCURVE(#15836,(#15837),(#15838),.T.,.CARTESIAN.);
#15840=IFCCARTESIANPOINTLIST2D(((0.80528197251260281,0.05000000074505806),(0.77028197236359119,0.05000000074505806),(0.77028197236359119,0.83028197288513184),(0.80528197251260281,0.83028197288513184)));
#15841=IFCINDEXEDPOLYCURVE(#15840,(IFCLINEINDEX((1,2,3,4,1))),$);
#15842=IFCSHAPEREPRESENTATION(#24,'Body','Curve2D',(#15830,#15831,#15839,#15841));
#15843=IFCCARTESIANPOINTLIST2D(((0.,0.),(0.83028197288513184,0.),(0.83028197288513184,2.),(0.,2.)));
#15844=IFCINDEXEDPOLYCURVE(#15843,(IFCLINEINDEX((1,2,3,4,1))),$);
#15845=IFCARBITRARYCLOSEDPROFILEDEF(.AREA.,$,#15844);
#15846=IFCCARTESIANPOINT((0.,-0.60000002384185791,0.));
#15847=IFCDIRECTION((0.,-1.,0.));
#15848=IFCDIRECTION((1.,0.,0.));
#15849=IFCAXIS2PLACEMENT3D(#15846,#15847,#15848);
#15850=IFCDIRECTION((0.,0.,-1.));
#15851=IFCEXTRUDEDAREASOLID(#15845,#15849,#15850,1.2);
#15852=IFCSHAPEREPRESENTATION(#11,'Body','SweptSolid',(#15851));
#15858=IFCCARTESIANPOINT((2.6718231426477175,0.014999951052181382,0.));
#15859=IFCDIRECTION((0.,0.,1.));
#15860=IFCDIRECTION((0.99999999999995448,-3.0199159084529453E-07,0.));
#15861=IFCAXIS2PLACEMENT3D(#15858,#15859,#15860);
#15862=IFCLOCALPLACEMENT(#14309,#15861);
#15863=IFCCARTESIANPOINT((1.3322676295501878E-15,1.1102230246251565E-16,0.));
#15864=IFCDIRECTION((0.,0.,1.));
#15865=IFCDIRECTION((0.99999999999999989,-5.2939559203393771E-23,0.));
#15866=IFCAXIS2PLACEMENT3D(#15863,#15864,#15865);
#15867=IFCLOCALPLACEMENT(#15862,#15866);
#15871=IFCCARTESIANPOINTLIST2D(((0.,0.),(0.,2.),(0.89999997615814209,2.),(0.89999997615814209,0.),(0.87499997578561306,0.),(0.87499997578561306,1.974999999627471),(0.02500000037252903,1.974999999627471),(0.02500000037252903,0.)));
#15872=IFCINDEXEDPOLYCURVE(#15871,(IFCLINEINDEX((1,2,3,4,5,6,7,8,1))),$);
#15873=IFCARBITRARYCLOSEDPROFILEDEF(.AREA.,$,#15872);
#15874=IFCCARTESIANPOINT((0.,0.02500000037252903,0.));
#15875=IFCDIRECTION((0.,-1.,0.));
#15876=IFCDIRECTION((1.,0.,0.));
#15877=IFCAXIS2PLACEMENT3D(#15874,#15875,#15876);
#15878=IFCDIRECTION((0.,0.,-1.));
#15879=IFCEXTRUDEDAREASOLID(#15873,#15877,#15878,0.02500000037252903);
#15880=IFCCARTESIANPOINTLIST2D(((0.,0.),(0.,2.),(0.89999997615814209,2.),(0.89999997615814209,0.),(0.84999997541308403,0.),(0.84999997541308403,1.9499999992549419),(0.05000000074505806,1.9499999992549419),(0.05000000074505806,0.)));
#15881=IFCINDEXEDPOLYCURVE(#15880,(IFCLINEINDEX((1,2,3,4,5,6,7,8,1))),$);
#15882=IFCARBITRARYCLOSEDPROFILEDEF(.AREA.,$,#15881);
#15883=IFCCARTESIANPOINT((0.,0.,0.));
#15884=IFCDIRECTION((0.,-1.,0.));
#15885=IFCDIRECTION((1.,0.,0.));
#15886=IFCAXIS2PLACEMENT3D(#15883,#15884,#15885);
#15887=IFCDIRECTION((0.,0.,-1.));
#15888=IFCEXTRUDEDAREASOLID(#15882,#15886,#15887,0.02500000037252903);
#15889=IFCCARTESIANPOINTLIST2D(((0.,0.),(0.79999997466802597,0.),(0.79999997466802597,0.10000000149011612),(0.,0.10000000149011612)));
#15890=IFCINDEXEDPOLYCURVE(#15889,(IFCLINEINDEX((1,2,3,4,1))),$);
#15891=IFCARBITRARYCLOSEDPROFILEDEF(.AREA.,$,#15890);
#15892=IFCCARTESIANPOINT((0.05000000074505806,0.,0.));
#15893=IFCDIRECTION((0.,0.,1.));
#15894=IFCDIRECTION((1.,0.,0.));
#15895=IFCAXIS2PLACEMENT3D(#15892,#15893,#15894);
#15896=IFCDIRECTION((0.,0.,1.));
#15897=IFCEXTRUDEDAREASOLID(#15891,#15895,#15896,0.02500000037252903);
#15898=IFCCARTESIANPOINTLIST2D(((0.,0.),(0.,2.0250000022351742),(0.94999998062849045,2.0250000022351742),(0.94999998062849045,0.),(0.87499997764825821,0.),(0.87499997764825821,1.9499999992549419),(0.075000002980232239,1.9499999992549419),(0.075000002980232239,0.)));
#15899=IFCINDEXEDPOLYCURVE(#15898,(IFCLINEINDEX((1,2,3,4,5,6,7,8,1))),$);
#15900=IFCARBITRARYCLOSEDPROFILEDEF(.AREA.,$,#15899);
#15901=IFCCARTESIANPOINT((-0.025000002235174179,-0.004999999888241291,0.));
#15902=IFCDIRECTION((0.,-1.,0.));
#15903=IFCDIRECTION((1.,0.,0.));
#15904=IFCAXIS2PLACEMENT3D(#15901,#15902,#15903);
#15905=IFCDIRECTION((0.,0.,-1.));
#15906=IFCEXTRUDEDAREASOLID(#15900,#15904,#15905,0.004999999888241291);
#15907=IFCCARTESIANPOINTLIST2D(((0.,0.),(0.,2.0250000022351742),(0.94999998062849045,2.0250000022351742),(0.94999998062849045,0.),(0.89999997802078724,0.),(0.89999997802078724,1.974999999627471),(0.050000002607703209,1.974999999627471),(0.050000002607703209,0.)));
#15908=IFCINDEXEDPOLYCURVE(#15907,(IFCLINEINDEX((1,2,3,4,5,6,7,8,1))),$);
#15909=IFCARBITRARYCLOSEDPROFILEDEF(.AREA.,$,#15908);
#15910=IFCCARTESIANPOINT((-0.025000002235174179,0.05000000074505806,0.));
#15911=IFCDIRECTION((0.,-1.,0.));
#15912=IFCDIRECTION((1.,0.,0.));
#15913=IFCAXIS2PLACEMENT3D(#15910,#15911,#15912);
#15914=IFCDIRECTION((0.,0.,-1.));
#15915=IFCEXTRUDEDAREASOLID(#15909,#15913,#15914,0.004999999888241291);
#15916=IFCCARTESIANPOINTLIST2D(((0.,0.),(0.84999997541308403,0.),(0.84999997541308403,0.035000000149011612),(0.,0.035000000149011612)));
#15917=IFCINDEXEDPOLYCURVE(#15916,(IFCLINEINDEX((1,2,3,4,1))),$);
#15918=IFCARBITRARYCLOSEDPROFILEDEF(.AREA.,$,#15917);
#15919=IFCCARTESIANPOINT((0.02500000037252903,0.02500000037252903,0.02500000037252903));
#15920=IFCDIRECTION((0.,0.,1.));
#15921=IFCDIRECTION((1.,0.,0.));
#15922=IFCAXIS2PLACEMENT3D(#15919,#15920,#15921);
#15923=IFCDIRECTION((0.,0.,1.));
#15924=IFCEXTRUDEDAREASOLID(#15918,#15922,#15923,1.9499999992549419);
#15925=IFCCARTESIANPOINTLIST2D(((0.,0.),(0.,-0.040000000000000001),(-0.11999999999999988,-0.040000000000000001),(-0.11999999999999988,-0.02),(-0.020000000000000018,-0.02),(-0.020000000000000018,0.)));
#15926=IFCINDEXEDPOLYCURVE(#15925,(IFCLINEINDEX((1,2,3,4,5,6,1))),$);
#15927=IFCARBITRARYCLOSEDPROFILEDEF(.AREA.,$,#15926);
#15928=IFCCARTESIANPOINT((0.82499997578561302,0.02500000037252903,1.015000000372529));
#15929=IFCDIRECTION((0.,0.,1.));
#15930=IFCDIRECTION((1.,0.,0.));
#15931=IFCAXIS2PLACEMENT3D(#15928,#15929,#15930);
#15932=IFCDIRECTION((0.,0.,1.));
#15933=IFCEXTRUDEDAREASOLID(#15927,#15931,#15932,0.02);
#15934=IFCEXTRUDEDAREASOLID(#15935,#15938,#15942,0.02);
#15935=IFCARBITRARYCLOSEDPROFILEDEF(.AREA.,$,#15936);
#15936=IFCINDEXEDPOLYCURVE(#15937,(IFCLINEINDEX((1,2,3,4,5,6,1))),$);
#15937=IFCCARTESIANPOINTLIST2D(((0.,0.),(0.,0.040000000000000008),(-0.11999999999999988,0.040000000000000008),(-0.11999999999999988,0.020000000000000004),(-0.020000000000000018,0.020000000000000004),(-0.020000000000000018,0.)));
#15938=IFCAXIS2PLACEMENT3D(#15939,#15940,#15941);
#15939=IFCCARTESIANPOINT((0.82499997578561302,0.060000000521540642,1.015000000372529));
#15940=IFCDIRECTION((0.,0.,1.));
#15941=IFCDIRECTION((1.,0.,0.));
#15942=IFCDIRECTION((0.,0.,1.));
#15944=IFCSHAPEREPRESENTATION(#11,'Body','SweptSolid',(#16131,#15906,#16034,#16007,#16149,#15897,#16025,#15998,#16122,#16113,#15888,#15915,#16016,#16140,#15879));
#15945=IFCSHAPEASPECT((#15944),'Lining',$,.T.,#15534);
#15946=IFCSHAPEREPRESENTATION(#11,'Body','SweptSolid',(#16053,#16052,#16167,#16043,#16168,#16158,#15933,#15934,#15924));
#15947=IFCSHAPEASPECT((#15946),'Framing',$,.T.,#15534);
#15990=IFCCARTESIANPOINTLIST2D(((0.,0.),(0.,2.),(0.89999997615814209,2.),(0.89999997615814209,0.),(0.87499997578561306,0.),(0.87499997578561306,1.974999999627471),(0.02500000037252903,1.974999999627471),(0.02500000037252903,0.)));
#15991=IFCINDEXEDPOLYCURVE(#15990,(IFCLINEINDEX((1,2,3,4,5,6,7,8,1))),$);
#15992=IFCARBITRARYCLOSEDPROFILEDEF(.AREA.,$,#15991);
#15993=IFCCARTESIANPOINT((0.,0.02500000037252903,0.));
#15994=IFCDIRECTION((0.,-1.,0.));
#15995=IFCDIRECTION((1.,0.,0.));
#15996=IFCAXIS2PLACEMENT3D(#15993,#15994,#15995);
#15997=IFCDIRECTION((0.,0.,-1.));
#15998=IFCEXTRUDEDAREASOLID(#15992,#15996,#15997,0.02500000037252903);
#15999=IFCCARTESIANPOINTLIST2D(((0.,0.),(0.,2.),(0.89999997615814209,2.),(0.89999997615814209,0.),(0.84999997541308403,0.),(0.84999997541308403,1.9499999992549419),(0.05000000074505806,1.9499999992549419),(0.05000000074505806,0.)));
#16000=IFCINDEXEDPOLYCURVE(#15999,(IFCLINEINDEX((1,2,3,4,5,6,7,8,1))),$);
#16001=IFCARBITRARYCLOSEDPROFILEDEF(.AREA.,$,#16000);
#16002=IFCCARTESIANPOINT((0.,0.,0.));
#16003=IFCDIRECTION((0.,-1.,0.));
#16004=IFCDIRECTION((1.,0.,0.));
#16005=IFCAXIS2PLACEMENT3D(#16002,#16003,#16004);
#16006=IFCDIRECTION((0.,0.,-1.));
#16007=IFCEXTRUDEDAREASOLID(#16001,#16005,#16006,0.02500000037252903);
#16008=IFCCARTESIANPOINTLIST2D(((0.,0.),(0.79999997466802597,0.),(0.79999997466802597,0.10000000149011612),(0.,0.10000000149011612)));
#16009=IFCINDEXEDPOLYCURVE(#16008,(IFCLINEINDEX((1,2,3,4,1))),$);
#16010=IFCARBITRARYCLOSEDPROFILEDEF(.AREA.,$,#16009);
#16011=IFCCARTESIANPOINT((0.05000000074505806,0.,0.));
#16012=IFCDIRECTION((0.,0.,1.));
#16013=IFCDIRECTION((1.,0.,0.));
#16014=IFCAXIS2PLACEMENT3D(#16011,#16012,#16013);
#16015=IFCDIRECTION((0.,0.,1.));
#16016=IFCEXTRUDEDAREASOLID(#16010,#16014,#16015,0.02500000037252903);
#16017=IFCCARTESIANPOINTLIST2D(((0.,0.),(0.,2.0250000022351742),(0.94999998062849045,2.0250000022351742),(0.94999998062849045,0.),(0.87499997764825821,0.),(0.87499997764825821,1.9499999992549419),(0.075000002980232239,1.9499999992549419),(0.075000002980232239,0.)));
#16018=IFCINDEXEDPOLYCURVE(#16017,(IFCLINEINDEX((1,2,3,4,5,6,7,8,1))),$);
#16019=IFCARBITRARYCLOSEDPROFILEDEF(.AREA.,$,#16018);
#16020=IFCCARTESIANPOINT((-0.025000002235174179,-0.004999999888241291,0.));
#16021=IFCDIRECTION((0.,-1.,0.));
#16022=IFCDIRECTION((1.,0.,0.));
#16023=IFCAXIS2PLACEMENT3D(#16020,#16021,#16022);
#16024=IFCDIRECTION((0.,0.,-1.));
#16025=IFCEXTRUDEDAREASOLID(#16019,#16023,#16024,0.004999999888241291);
#16026=IFCCARTESIANPOINTLIST2D(((0.,0.),(0.,2.0250000022351742),(0.94999998062849045,2.0250000022351742),(0.94999998062849045,0.),(0.89999997802078724,0.),(0.89999997802078724,1.974999999627471),(0.050000002607703209,1.974999999627471),(0.050000002607703209,0.)));
#16027=IFCINDEXEDPOLYCURVE(#16026,(IFCLINEINDEX((1,2,3,4,5,6,7,8,1))),$);
#16028=IFCARBITRARYCLOSEDPROFILEDEF(.AREA.,$,#16027);
#16029=IFCCARTESIANPOINT((-0.025000002235174179,0.05000000074505806,0.));
#16030=IFCDIRECTION((0.,-1.,0.));
#16031=IFCDIRECTION((1.,0.,0.));
#16032=IFCAXIS2PLACEMENT3D(#16029,#16030,#16031);
#16033=IFCDIRECTION((0.,0.,-1.));
#16034=IFCEXTRUDEDAREASOLID(#16028,#16032,#16033,0.004999999888241291);
#16035=IFCCARTESIANPOINTLIST2D(((0.,0.),(0.84999997541308403,0.),(0.84999997541308403,0.035000000149011612),(0.,0.035000000149011612)));
#16036=IFCINDEXEDPOLYCURVE(#16035,(IFCLINEINDEX((1,2,3,4,1))),$);
#16037=IFCARBITRARYCLOSEDPROFILEDEF(.AREA.,$,#16036);
#16038=IFCCARTESIANPOINT((0.02500000037252903,0.02500000037252903,0.02500000037252903));
#16039=IFCDIRECTION((0.,0.,1.));
#16040=IFCDIRECTION((1.,0.,0.));
#16041=IFCAXIS2PLACEMENT3D(#16038,#16039,#16040);
#16042=IFCDIRECTION((0.,0.,1.));
#16043=IFCEXTRUDEDAREASOLID(#16037,#16041,#16042,1.9499999992549419);
#16044=IFCCARTESIANPOINTLIST2D(((0.,0.),(0.,-0.040000000000000001),(-0.11999999999999988,-0.040000000000000001),(-0.11999999999999988,-0.02),(-0.020000000000000018,-0.02),(-0.020000000000000018,0.)));
#16045=IFCINDEXEDPOLYCURVE(#16044,(IFCLINEINDEX((1,2,3,4,5,6,1))),$);
#16046=IFCARBITRARYCLOSEDPROFILEDEF(.AREA.,$,#16045);
#16047=IFCCARTESIANPOINT((0.82499997578561302,0.02500000037252903,1.015000000372529));
#16048=IFCDIRECTION((0.,0.,1.));
#16049=IFCDIRECTION((1.,0.,0.));
#16050=IFCAXIS2PLACEMENT3D(#16047,#16048,#16049);
#16051=IFCDIRECTION((0.,0.,1.));
#16052=IFCEXTRUDEDAREASOLID(#16046,#16050,#16051,0.02);
#16053=IFCEXTRUDEDAREASOLID(#16054,#16057,#16061,0.02);
#16054=IFCARBITRARYCLOSEDPROFILEDEF(.AREA.,$,#16055);
#16055=IFCINDEXEDPOLYCURVE(#16056,(IFCLINEINDEX((1,2,3,4,5,6,1))),$);
#16056=IFCCARTESIANPOINTLIST2D(((0.,0.),(0.,0.040000000000000008),(-0.11999999999999988,0.040000000000000008),(-0.11999999999999988,0.020000000000000004),(-0.020000000000000018,0.020000000000000004),(-0.020000000000000018,0.)));
#16057=IFCAXIS2PLACEMENT3D(#16058,#16059,#16060);
#16058=IFCCARTESIANPOINT((0.82499997578561302,0.060000000521540642,1.015000000372529));
#16059=IFCDIRECTION((0.,0.,1.));
#16060=IFCDIRECTION((1.,0.,0.));
#16061=IFCDIRECTION((0.,0.,1.));
#16102=IFCCARTESIANPOINTLIST3D(((0.,0.,0.),(0.89999997615814209,0.,0.),(0.89999997615814209,0.,2.),(0.,0.,2.)));
#16103=IFCINDEXEDPOLYCURVE(#16102,(IFCLINEINDEX((1,2,3,4,1))),$);
#16104=IFCSHAPEREPRESENTATION(#18,'Profile','Curve3D',(#16103));
#16105=IFCCARTESIANPOINTLIST2D(((0.,0.),(0.,2.),(0.89999997615814209,2.),(0.89999997615814209,0.),(0.87499997578561306,0.),(0.87499997578561306,1.974999999627471),(0.02500000037252903,1.974999999627471),(0.02500000037252903,0.)));
#16106=IFCINDEXEDPOLYCURVE(#16105,(IFCLINEINDEX((1,2,3,4,5,6,7,8,1))),$);
#16107=IFCARBITRARYCLOSEDPROFILEDEF(.AREA.,$,#16106);
#16108=IFCCARTESIANPOINT((0.,0.02500000037252903,0.));
#16109=IFCDIRECTION((0.,-1.,0.));
#16110=IFCDIRECTION((1.,0.,0.));
#16111=IFCAXIS2PLACEMENT3D(#16108,#16109,#16110);
#16112=IFCDIRECTION((0.,0.,-1.));
#16113=IFCEXTRUDEDAREASOLID(#16107,#16111,#16112,0.02500000037252903);
#16114=IFCCARTESIANPOINTLIST2D(((0.,0.),(0.,2.),(0.89999997615814209,2.),(0.89999997615814209,0.),(0.84999997541308403,0.),(0.84999997541308403,1.9499999992549419),(0.05000000074505806,1.9499999992549419),(0.05000000074505806,0.)));
#16115=IFCINDEXEDPOLYCURVE(#16114,(IFCLINEINDEX((1,2,3,4,5,6,7,8,1))),$);
#16116=IFCARBITRARYCLOSEDPROFILEDEF(.AREA.,$,#16115);
#16117=IFCCARTESIANPOINT((0.,0.,0.));
#16118=IFCDIRECTION((0.,-1.,0.));
#16119=IFCDIRECTION((1.,0.,0.));
#16120=IFCAXIS2PLACEMENT3D(#16117,#16118,#16119);
#16121=IFCDIRECTION((0.,0.,-1.));
#16122=IFCEXTRUDEDAREASOLID(#16116,#16120,#16121,0.02500000037252903);
#16123=IFCCARTESIANPOINTLIST2D(((0.,0.),(0.79999997466802597,0.),(0.79999997466802597,0.10000000149011612),(0.,0.10000000149011612)));
#16124=IFCINDEXEDPOLYCURVE(#16123,(IFCLINEINDEX((1,2,3,4,1))),$);
#16125=IFCARBITRARYCLOSEDPROFILEDEF(.AREA.,$,#16124);
#16126=IFCCARTESIANPOINT((0.05000000074505806,0.,0.));
#16127=IFCDIRECTION((0.,0.,1.));
#16128=IFCDIRECTION((1.,0.,0.));
#16129=IFCAXIS2PLACEMENT3D(#16126,#16127,#16128);
#16130=IFCDIRECTION((0.,0.,1.));
#16131=IFCEXTRUDEDAREASOLID(#16125,#16129,#16130,0.02500000037252903);
#16132=IFCCARTESIANPOINTLIST2D(((0.,0.),(0.,2.0250000022351742),(0.94999998062849045,2.0250000022351742),(0.94999998062849045,0.),(0.87499997764825821,0.),(0.87499997764825821,1.9499999992549419),(0.075000002980232239,1.9499999992549419),(0.075000002980232239,0.)));
#16133=IFCINDEXEDPOLYCURVE(#16132,(IFCLINEINDEX((1,2,3,4,5,6,7,8,1))),$);
#16134=IFCARBITRARYCLOSEDPROFILEDEF(.AREA.,$,#16133);
#16135=IFCCARTESIANPOINT((-0.025000002235174179,-0.004999999888241291,0.));
#16136=IFCDIRECTION((0.,-1.,0.));
#16137=IFCDIRECTION((1.,0.,0.));
#16138=IFCAXIS2PLACEMENT3D(#16135,#16136,#16137);
#16139=IFCDIRECTION((0.,0.,-1.));
#16140=IFCEXTRUDEDAREASOLID(#16134,#16138,#16139,0.004999999888241291);
#16141=IFCCARTESIANPOINTLIST2D(((0.,0.),(0.,2.0250000022351742),(0.94999998062849045,2.0250000022351742),(0.94999998062849045,0.),(0.89999997802078724,0.),(0.89999997802078724,1.974999999627471),(0.050000002607703209,1.974999999627471),(0.050000002607703209,0.)));
#16142=IFCINDEXEDPOLYCURVE(#16141,(IFCLINEINDEX((1,2,3,4,5,6,7,8,1))),$);
#16143=IFCARBITRARYCLOSEDPROFILEDEF(.AREA.,$,#16142);
#16144=IFCCARTESIANPOINT((-0.025000002235174179,0.05000000074505806,0.));
#16145=IFCDIRECTION((0.,-1.,0.));
#16146=IFCDIRECTION((1.,0.,0.));
#16147=IFCAXIS2PLACEMENT3D(#16144,#16145,#16146);
#16148=IFCDIRECTION((0.,0.,-1.));
#16149=IFCEXTRUDEDAREASOLID(#16143,#16147,#16148,0.004999999888241291);
#16150=IFCCARTESIANPOINTLIST2D(((0.,0.),(0.84999997541308403,0.),(0.84999997541308403,0.035000000149011612),(0.,0.035000000149011612)));
#16151=IFCINDEXEDPOLYCURVE(#16150,(IFCLINEINDEX((1,2,3,4,1))),$);
#16152=IFCARBITRARYCLOSEDPROFILEDEF(.AREA.,$,#16151);
#16153=IFCCARTESIANPOINT((0.02500000037252903,0.02500000037252903,0.02500000037252903));
#16154=IFCDIRECTION((0.,0.,1.));
#16155=IFCDIRECTION((1.,0.,0.));
#16156=IFCAXIS2PLACEMENT3D(#16153,#16154,#16155);
#16157=IFCDIRECTION((0.,0.,1.));
#16158=IFCEXTRUDEDAREASOLID(#16152,#16156,#16157,1.9499999992549419);
#16159=IFCCARTESIANPOINTLIST2D(((0.,0.),(0.,-0.040000000000000001),(0.12,-0.040000000000000001),(0.12,-0.02),(0.02,-0.02),(0.02,0.)));
#16160=IFCINDEXEDPOLYCURVE(#16159,(IFCLINEINDEX((1,2,3,4,5,6,1))),$);
#16161=IFCARBITRARYCLOSEDPROFILEDEF(.AREA.,$,#16160);
#16162=IFCCARTESIANPOINT((0.075000000372529033,0.02500000037252903,1.015000000372529));
#16163=IFCDIRECTION((0.,0.,1.));
#16164=IFCDIRECTION((1.,0.,0.));
#16165=IFCAXIS2PLACEMENT3D(#16162,#16163,#16164);
#16166=IFCDIRECTION((0.,0.,1.));
#16167=IFCEXTRUDEDAREASOLID(#16161,#16165,#16166,0.02);
#16168=IFCEXTRUDEDAREASOLID(#16169,#16172,#16176,0.02);
#16169=IFCARBITRARYCLOSEDPROFILEDEF(.AREA.,$,#16170);
#16170=IFCINDEXEDPOLYCURVE(#16171,(IFCLINEINDEX((1,2,3,4,5,6,1))),$);
#16171=IFCCARTESIANPOINTLIST2D(((0.,0.),(0.,0.040000000000000008),(0.11999999999999998,0.040000000000000008),(0.11999999999999998,0.020000000000000004),(0.020000000000000004,0.020000000000000004),(0.020000000000000004,0.)));
#16172=IFCAXIS2PLACEMENT3D(#16173,#16174,#16175);
#16173=IFCCARTESIANPOINT((0.075000000372529033,0.060000000521540642,1.015000000372529));
#16174=IFCDIRECTION((0.,0.,1.));
#16175=IFCDIRECTION((1.,0.,0.));
#16176=IFCDIRECTION((0.,0.,1.));
#16177=IFCSHAPEREPRESENTATION(#11,'Body','SweptSolid',(#16113,#16122,#16158,#16167,#16168,#16131,#16140,#16149));
#16178=IFCCARTESIANPOINTLIST2D(((0.,0.),(0.,0.05000000074505806),(0.02500000037252903,0.05000000074505806),(0.02500000037252903,0.02500000037252903),(0.05000000074505806,0.02500000037252903),(0.05000000074505806,0.)));
#16179=IFCINDEXEDPOLYCURVE(#16178,(IFCLINEINDEX((1,2,3,4,5,6,1))),$);
#16180=IFCINDEXEDPOLYCURVE(#16181,(IFCLINEINDEX((1,2,3,4,5,6,1))),$);
#16181=IFCCARTESIANPOINTLIST2D(((0.89999997615814209,0.),(0.89999997615814209,0.05000000074505806),(0.87499997578561306,0.05000000074505806),(0.87499997578561306,0.02500000037252903),(0.84999997541308403,0.02500000037252903),(0.84999997541308403,0.)));
#16182=IFCDIRECTION((1.,0.));
#16183=IFCCARTESIANPOINT((0.83999997563660145,0.05000000074505806));
#16184=IFCAXIS2PLACEMENT2D(#16183,#16182);
#16185=IFCELLIPSE(#16184,0.81499997526407242,0.84999997541308403);
#16186=IFCCARTESIANPOINT((0.83999997563660145,0.89999997615814209));
#16187=IFCCARTESIANPOINT((0.02500000037252903,0.05000000074505806));
#16188=IFCTRIMMEDCURVE(#16185,(#16186),(#16187),.T.,.CARTESIAN.);
#16189=IFCCARTESIANPOINTLIST2D(((0.87499997578561306,0.05000000074505806),(0.83999997563660145,0.05000000074505806),(0.83999997563660145,0.89999997615814209),(0.87499997578561306,0.89999997615814209)));
#16190=IFCINDEXEDPOLYCURVE(#16189,(IFCLINEINDEX((1,2,3,4,1))),$);
#16191=IFCSHAPEREPRESENTATION(#24,'Body','Curve2D',(#16179,#16180,#16188,#16190));
#16192=IFCCARTESIANPOINTLIST2D(((0.,0.),(0.89999997615814209,0.),(0.89999997615814209,2.),(0.,2.)));
#16193=IFCINDEXEDPOLYCURVE(#16192,(IFCLINEINDEX((1,2,3,4,1))),$);
#16194=IFCARBITRARYCLOSEDPROFILEDEF(.AREA.,$,#16193);
#16195=IFCCARTESIANPOINT((0.,-0.60000002384185791,0.));
#16196=IFCDIRECTION((0.,-1.,0.));
#16197=IFCDIRECTION((1.,0.,0.));
#16198=IFCAXIS2PLACEMENT3D(#16195,#16196,#16197);
#16199=IFCDIRECTION((0.,0.,-1.));
#16200=IFCEXTRUDEDAREASOLID(#16194,#16198,#16199,1.2);
#16201=IFCSHAPEREPRESENTATION(#11,'Body','SweptSolid',(#16200));
#16207=IFCCARTESIANPOINT((2.9351998556256707,0.014999819866123087,0.));
#16208=IFCDIRECTION((0.,0.,1.));
#16209=IFCDIRECTION((0.99999999999997147,-2.384185719961227E-07,0.));
#16210=IFCAXIS2PLACEMENT3D(#16207,#16208,#16209);
#16211=IFCLOCALPLACEMENT(#12599,#16210);
#16212=IFCCARTESIANPOINT((-2.2204460492503131E-16,5.5511151231257827E-17,0.));
#16213=IFCDIRECTION((0.,0.,1.));
#16214=IFCDIRECTION((1.,0.,0.));
#16215=IFCAXIS2PLACEMENT3D(#16212,#16213,#16214);
#16216=IFCLOCALPLACEMENT(#16211,#16215);
#16217=IFCCARTESIANPOINTLIST3D(((0.,0.,0.),(0.89999997615814209,0.,0.),(0.89999997615814209,0.,2.),(0.,0.,2.)));
#16218=IFCINDEXEDPOLYCURVE(#16217,(IFCLINEINDEX((1,2,3,4,1))),$);
#16219=IFCSHAPEREPRESENTATION(#18,'Profile','Curve3D',(#16218));
#16220=IFCCARTESIANPOINTLIST2D(((0.,0.),(0.,2.),(0.89999997615814209,2.),(0.89999997615814209,0.),(0.87499997578561306,0.),(0.87499997578561306,1.974999999627471),(0.02500000037252903,1.974999999627471),(0.02500000037252903,0.)));
#16221=IFCINDEXEDPOLYCURVE(#16220,(IFCLINEINDEX((1,2,3,4,5,6,7,8,1))),$);
#16222=IFCARBITRARYCLOSEDPROFILEDEF(.AREA.,$,#16221);
#16223=IFCCARTESIANPOINT((0.,0.02500000037252903,0.));
#16224=IFCDIRECTION((0.,-1.,0.));
#16225=IFCDIRECTION((1.,0.,0.));
#16226=IFCAXIS2PLACEMENT3D(#16223,#16224,#16225);
#16227=IFCDIRECTION((0.,0.,-1.));
#16228=IFCEXTRUDEDAREASOLID(#16222,#16226,#16227,0.02500000037252903);
#16229=IFCCARTESIANPOINTLIST2D(((0.,0.),(0.,2.),(0.89999997615814209,2.),(0.89999997615814209,0.),(0.84999997541308403,0.),(0.84999997541308403,1.9499999992549419),(0.05000000074505806,1.9499999992549419),(0.05000000074505806,0.)));
#16230=IFCINDEXEDPOLYCURVE(#16229,(IFCLINEINDEX((1,2,3,4,5,6,7,8,1))),$);
#16231=IFCARBITRARYCLOSEDPROFILEDEF(.AREA.,$,#16230);
#16232=IFCCARTESIANPOINT((0.,0.,0.));
#16233=IFCDIRECTION((0.,-1.,0.));
#16234=IFCDIRECTION((1.,0.,0.));
#16235=IFCAXIS2PLACEMENT3D(#16232,#16233,#16234);
#16236=IFCDIRECTION((0.,0.,-1.));
#16237=IFCEXTRUDEDAREASOLID(#16231,#16235,#16236,0.02500000037252903);
#16238=IFCCARTESIANPOINTLIST2D(((0.,0.),(0.79999997466802597,0.),(0.79999997466802597,0.10000000149011612),(0.,0.10000000149011612)));
#16239=IFCINDEXEDPOLYCURVE(#16238,(IFCLINEINDEX((1,2,3,4,1))),$);
#16240=IFCARBITRARYCLOSEDPROFILEDEF(.AREA.,$,#16239);
#16241=IFCCARTESIANPOINT((0.05000000074505806,0.,0.));
#16242=IFCDIRECTION((0.,0.,1.));
#16243=IFCDIRECTION((1.,0.,0.));
#16244=IFCAXIS2PLACEMENT3D(#16241,#16242,#16243);
#16245=IFCDIRECTION((0.,0.,1.));
#16246=IFCEXTRUDEDAREASOLID(#16240,#16244,#16245,0.02500000037252903);
#16247=IFCCARTESIANPOINTLIST2D(((0.,0.),(0.,2.0250000022351742),(0.94999998062849045,2.0250000022351742),(0.94999998062849045,0.),(0.87499997764825821,0.),(0.87499997764825821,1.9499999992549419),(0.075000002980232239,1.9499999992549419),(0.075000002980232239,0.)));
#16248=IFCINDEXEDPOLYCURVE(#16247,(IFCLINEINDEX((1,2,3,4,5,6,7,8,1))),$);
#16249=IFCARBITRARYCLOSEDPROFILEDEF(.AREA.,$,#16248);
#16250=IFCCARTESIANPOINT((-0.025000002235174179,-0.004999999888241291,0.));
#16251=IFCDIRECTION((0.,-1.,0.));
#16252=IFCDIRECTION((1.,0.,0.));
#16253=IFCAXIS2PLACEMENT3D(#16250,#16251,#16252);
#16254=IFCDIRECTION((0.,0.,-1.));
#16255=IFCEXTRUDEDAREASOLID(#16249,#16253,#16254,0.004999999888241291);
#16256=IFCCARTESIANPOINTLIST2D(((0.,0.),(0.,2.0250000022351742),(0.94999998062849045,2.0250000022351742),(0.94999998062849045,0.),(0.89999997802078724,0.),(0.89999997802078724,1.974999999627471),(0.050000002607703209,1.974999999627471),(0.050000002607703209,0.)));
#16257=IFCINDEXEDPOLYCURVE(#16256,(IFCLINEINDEX((1,2,3,4,5,6,7,8,1))),$);
#16258=IFCARBITRARYCLOSEDPROFILEDEF(.AREA.,$,#16257);
#16259=IFCCARTESIANPOINT((-0.025000002235174179,0.05000000074505806,0.));
#16260=IFCDIRECTION((0.,-1.,0.));
#16261=IFCDIRECTION((1.,0.,0.));
#16262=IFCAXIS2PLACEMENT3D(#16259,#16260,#16261);
#16263=IFCDIRECTION((0.,0.,-1.));
#16264=IFCEXTRUDEDAREASOLID(#16258,#16262,#16263,0.004999999888241291);
#16265=IFCCARTESIANPOINTLIST2D(((0.,0.),(0.84999997541308403,0.),(0.84999997541308403,0.035000000149011612),(0.,0.035000000149011612)));
#16266=IFCINDEXEDPOLYCURVE(#16265,(IFCLINEINDEX((1,2,3,4,1))),$);
#16267=IFCARBITRARYCLOSEDPROFILEDEF(.AREA.,$,#16266);
#16268=IFCCARTESIANPOINT((0.02500000037252903,0.02500000037252903,0.02500000037252903));
#16269=IFCDIRECTION((0.,0.,1.));
#16270=IFCDIRECTION((1.,0.,0.));
#16271=IFCAXIS2PLACEMENT3D(#16268,#16269,#16270);
#16272=IFCDIRECTION((0.,0.,1.));
#16273=IFCEXTRUDEDAREASOLID(#16267,#16271,#16272,1.9499999992549419);
#16274=IFCCARTESIANPOINTLIST2D(((0.,0.),(0.,-0.040000000000000001),(-0.11999999999999988,-0.040000000000000001),(-0.11999999999999988,-0.02),(-0.020000000000000018,-0.02),(-0.020000000000000018,0.)));
#16275=IFCINDEXEDPOLYCURVE(#16274,(IFCLINEINDEX((1,2,3,4,5,6,1))),$);
#16276=IFCARBITRARYCLOSEDPROFILEDEF(.AREA.,$,#16275);
#16277=IFCCARTESIANPOINT((0.82499997578561302,0.02500000037252903,1.015000000372529));
#16278=IFCDIRECTION((0.,0.,1.));
#16279=IFCDIRECTION((1.,0.,0.));
#16280=IFCAXIS2PLACEMENT3D(#16277,#16278,#16279);
#16281=IFCDIRECTION((0.,0.,1.));
#16282=IFCEXTRUDEDAREASOLID(#16276,#16280,#16281,0.02);
#16283=IFCEXTRUDEDAREASOLID(#16284,#16287,#16291,0.02);
#16284=IFCARBITRARYCLOSEDPROFILEDEF(.AREA.,$,#16285);
#16285=IFCINDEXEDPOLYCURVE(#16286,(IFCLINEINDEX((1,2,3,4,5,6,1))),$);
#16286=IFCCARTESIANPOINTLIST2D(((0.,0.),(0.,0.040000000000000008),(-0.11999999999999988,0.040000000000000008),(-0.11999999999999988,0.020000000000000004),(-0.020000000000000018,0.020000000000000004),(-0.020000000000000018,0.)));
#16287=IFCAXIS2PLACEMENT3D(#16288,#16289,#16290);
#16288=IFCCARTESIANPOINT((0.82499997578561302,0.060000000521540642,1.015000000372529));
#16289=IFCDIRECTION((0.,0.,1.));
#16290=IFCDIRECTION((1.,0.,0.));
#16291=IFCDIRECTION((0.,0.,1.));
#16292=IFCSHAPEREPRESENTATION(#11,'Body','SweptSolid',(#16228,#16237,#16273,#16282,#16283,#16246,#16255,#16264));
#16293=IFCSHAPEREPRESENTATION(#11,'Body','SweptSolid',(#16228,#16237,#16246,#16255,#16264));
#16294=IFCSHAPEASPECT((#16293),'Lining',$,.T.,#15469);
#16295=IFCSHAPEREPRESENTATION(#11,'Body','SweptSolid',(#16273,#16282,#16283));
#16296=IFCSHAPEASPECT((#16295),'Framing',$,.T.,#15469);
#16297=IFCCARTESIANPOINTLIST2D(((0.,0.),(0.,0.05000000074505806),(0.02500000037252903,0.05000000074505806),(0.02500000037252903,0.02500000037252903),(0.05000000074505806,0.02500000037252903),(0.05000000074505806,0.)));
#16298=IFCINDEXEDPOLYCURVE(#16297,(IFCLINEINDEX((1,2,3,4,5,6,1))),$);
#16299=IFCINDEXEDPOLYCURVE(#16300,(IFCLINEINDEX((1,2,3,4,5,6,1))),$);
#16300=IFCCARTESIANPOINTLIST2D(((0.89999997615814209,0.),(0.89999997615814209,0.05000000074505806),(0.87499997578561306,0.05000000074505806),(0.87499997578561306,0.02500000037252903),(0.84999997541308403,0.02500000037252903),(0.84999997541308403,0.)));
#16301=IFCDIRECTION((1.,0.));
#16302=IFCCARTESIANPOINT((0.060000000521540642,0.05000000074505806));
#16303=IFCAXIS2PLACEMENT2D(#16302,#16301);
#16304=IFCELLIPSE(#16303,0.81499997526407242,0.84999997541308403);
#16305=IFCCARTESIANPOINT((0.87499997578561306,0.05000000074505806));
#16306=IFCCARTESIANPOINT((0.060000000521540642,0.89999997615814209));
#16307=IFCTRIMMEDCURVE(#16304,(#16305),(#16306),.T.,.CARTESIAN.);
#16308=IFCCARTESIANPOINTLIST2D(((0.02500000037252903,0.05000000074505806),(0.060000000521540642,0.05000000074505806),(0.060000000521540642,0.89999997615814209),(0.02500000037252903,0.89999997615814209)));
#16309=IFCINDEXEDPOLYCURVE(#16308,(IFCLINEINDEX((1,2,3,4,1))),$);
#16310=IFCSHAPEREPRESENTATION(#24,'Body','Curve2D',(#16298,#16299,#16307,#16309));
#16311=IFCCARTESIANPOINTLIST2D(((0.,0.),(0.89999997615814209,0.),(0.89999997615814209,2.),(0.,2.)));
#16312=IFCINDEXEDPOLYCURVE(#16311,(IFCLINEINDEX((1,2,3,4,1))),$);
#16313=IFCARBITRARYCLOSEDPROFILEDEF(.AREA.,$,#16312);
#16314=IFCCARTESIANPOINT((0.,-0.60000002384185791,0.));
#16315=IFCDIRECTION((0.,-1.,0.));
#16316=IFCDIRECTION((1.,0.,0.));
#16317=IFCAXIS2PLACEMENT3D(#16314,#16315,#16316);
#16318=IFCDIRECTION((0.,0.,-1.));
#16319=IFCEXTRUDEDAREASOLID(#16313,#16317,#16318,1.2);
#16320=IFCSHAPEREPRESENTATION(#11,'Body','SweptSolid',(#16319));
#16326=IFCCARTESIANPOINT((2.6857725261372227,0.10000033830740351,0.));
#16327=IFCDIRECTION((0.,0.,1.));
#16328=IFCDIRECTION((-0.99999999999999611,-8.7422783678901773E-08,0.));
#16329=IFCAXIS2PLACEMENT3D(#16326,#16327,#16328);
#16330=IFCLOCALPLACEMENT(#12752,#16329);
#16331=IFCCARTESIANPOINT((4.4408920985006262E-16,0.,0.));
#16332=IFCDIRECTION((0.,0.,1.));
#16333=IFCDIRECTION((0.99999999999999978,2.6469779601696886E-23,0.));
#16334=IFCAXIS2PLACEMENT3D(#16331,#16332,#16333);
#16335=IFCLOCALPLACEMENT(#16330,#16334);
#16336=IFCCARTESIANPOINTLIST3D(((0.,0.,0.),(0.65890240669250488,0.,0.),(0.65890240669250488,0.,2.),(0.,0.,2.)));
#16337=IFCINDEXEDPOLYCURVE(#16336,(IFCLINEINDEX((1,2,3,4,1))),$);
#16338=IFCSHAPEREPRESENTATION(#18,'Profile','Curve3D',(#16337));
#16339=IFCCARTESIANPOINTLIST2D(((0.,0.),(0.,2.),(0.65890240669250488,2.),(0.65890240669250488,0.),(0.63390240631997585,0.),(0.63390240631997585,1.974999999627471),(0.02500000037252903,1.974999999627471),(0.02500000037252903,0.)));
#16340=IFCINDEXEDPOLYCURVE(#16339,(IFCLINEINDEX((1,2,3,4,5,6,7,8,1))),$);
#16341=IFCARBITRARYCLOSEDPROFILEDEF(.AREA.,$,#16340);
#16342=IFCCARTESIANPOINT((0.,0.02500000037252903,0.));
#16343=IFCDIRECTION((0.,-1.,0.));
#16344=IFCDIRECTION((1.,0.,0.));
#16345=IFCAXIS2PLACEMENT3D(#16342,#16343,#16344);
#16346=IFCDIRECTION((0.,0.,-1.));
#16347=IFCEXTRUDEDAREASOLID(#16341,#16345,#16346,0.02500000037252903);
#16348=IFCCARTESIANPOINTLIST2D(((0.,0.),(0.,2.),(0.65890240669250488,2.),(0.65890240669250488,0.),(0.60890240594744682,0.),(0.60890240594744682,1.9499999992549419),(0.05000000074505806,1.9499999992549419),(0.05000000074505806,0.)));
#16349=IFCINDEXEDPOLYCURVE(#16348,(IFCLINEINDEX((1,2,3,4,5,6,7,8,1))),$);
#16350=IFCARBITRARYCLOSEDPROFILEDEF(.AREA.,$,#16349);
#16351=IFCCARTESIANPOINT((0.,0.,0.));
#16352=IFCDIRECTION((0.,-1.,0.));
#16353=IFCDIRECTION((1.,0.,0.));
#16354=IFCAXIS2PLACEMENT3D(#16351,#16352,#16353);
#16355=IFCDIRECTION((0.,0.,-1.));
#16356=IFCEXTRUDEDAREASOLID(#16350,#16354,#16355,0.02500000037252903);
#16357=IFCCARTESIANPOINTLIST2D(((0.,0.),(0.55890240520238876,0.),(0.55890240520238876,0.10000000149011612),(0.,0.10000000149011612)));
#16358=IFCINDEXEDPOLYCURVE(#16357,(IFCLINEINDEX((1,2,3,4,1))),$);
#16359=IFCARBITRARYCLOSEDPROFILEDEF(.AREA.,$,#16358);
#16360=IFCCARTESIANPOINT((0.05000000074505806,0.,0.));
#16361=IFCDIRECTION((0.,0.,1.));
#16362=IFCDIRECTION((1.,0.,0.));
#16363=IFCAXIS2PLACEMENT3D(#16360,#16361,#16362);
#16364=IFCDIRECTION((0.,0.,1.));
#16365=IFCEXTRUDEDAREASOLID(#16359,#16363,#16364,0.02500000037252903);
#16366=IFCCARTESIANPOINTLIST2D(((0.,0.),(0.,2.0250000022351742),(0.70890241116285324,2.0250000022351742),(0.70890241116285324,0.),(0.633902408182621,0.),(0.633902408182621,1.9499999992549419),(0.075000002980232239,1.9499999992549419),(0.075000002980232239,0.)));
#16367=IFCINDEXEDPOLYCURVE(#16366,(IFCLINEINDEX((1,2,3,4,5,6,7,8,1))),$);
#16368=IFCARBITRARYCLOSEDPROFILEDEF(.AREA.,$,#16367);
#16369=IFCCARTESIANPOINT((-0.025000002235174179,-0.004999999888241291,0.));
#16370=IFCDIRECTION((0.,-1.,0.));
#16371=IFCDIRECTION((1.,0.,0.));
#16372=IFCAXIS2PLACEMENT3D(#16369,#16370,#16371);
#16373=IFCDIRECTION((0.,0.,-1.));
#16374=IFCEXTRUDEDAREASOLID(#16368,#16372,#16373,0.004999999888241291);
#16375=IFCCARTESIANPOINTLIST2D(((0.,0.),(0.,2.0250000022351742),(0.70890241116285324,2.0250000022351742),(0.70890241116285324,0.),(0.65890240855515003,0.),(0.65890240855515003,1.974999999627471),(0.050000002607703209,1.974999999627471),(0.050000002607703209,0.)));
#16376=IFCINDEXEDPOLYCURVE(#16375,(IFCLINEINDEX((1,2,3,4,5,6,7,8,1))),$);
#16377=IFCARBITRARYCLOSEDPROFILEDEF(.AREA.,$,#16376);
#16378=IFCCARTESIANPOINT((-0.025000002235174179,0.05000000074505806,0.));
#16379=IFCDIRECTION((0.,-1.,0.));
#16380=IFCDIRECTION((1.,0.,0.));
#16381=IFCAXIS2PLACEMENT3D(#16378,#16379,#16380);
#16382=IFCDIRECTION((0.,0.,-1.));
#16383=IFCEXTRUDEDAREASOLID(#16377,#16381,#16382,0.004999999888241291);
#16384=IFCCARTESIANPOINTLIST2D(((0.,0.),(0.60890240594744682,0.),(0.60890240594744682,0.035000000149011612),(0.,0.035000000149011612)));
#16385=IFCINDEXEDPOLYCURVE(#16384,(IFCLINEINDEX((1,2,3,4,1))),$);
#16386=IFCARBITRARYCLOSEDPROFILEDEF(.AREA.,$,#16385);
#16387=IFCCARTESIANPOINT((0.02500000037252903,0.02500000037252903,0.02500000037252903));
#16388=IFCDIRECTION((0.,0.,1.));
#16389=IFCDIRECTION((1.,0.,0.));
#16390=IFCAXIS2PLACEMENT3D(#16387,#16388,#16389);
#16391=IFCDIRECTION((0.,0.,1.));
#16392=IFCEXTRUDEDAREASOLID(#16386,#16390,#16391,1.9499999992549419);
#16393=IFCCARTESIANPOINTLIST2D(((0.,0.),(0.,-0.040000000000000001),(-0.11999999999999994,-0.040000000000000001),(-0.11999999999999994,-0.02),(-0.020000000000000018,-0.02),(-0.020000000000000018,0.)));
#16394=IFCINDEXEDPOLYCURVE(#16393,(IFCLINEINDEX((1,2,3,4,5,6,1))),$);
#16395=IFCARBITRARYCLOSEDPROFILEDEF(.AREA.,$,#16394);
#16396=IFCCARTESIANPOINT((0.58390240631997581,0.02500000037252903,1.015000000372529));
#16397=IFCDIRECTION((0.,0.,1.));
#16398=IFCDIRECTION((1.,0.,0.));
#16399=IFCAXIS2PLACEMENT3D(#16396,#16397,#16398);
#16400=IFCDIRECTION((0.,0.,1.));
#16401=IFCEXTRUDEDAREASOLID(#16395,#16399,#16400,0.02);
#16402=IFCEXTRUDEDAREASOLID(#16403,#16406,#16410,0.02);
#16403=IFCARBITRARYCLOSEDPROFILEDEF(.AREA.,$,#16404);
#16404=IFCINDEXEDPOLYCURVE(#16405,(IFCLINEINDEX((1,2,3,4,5,6,1))),$);
#16405=IFCCARTESIANPOINTLIST2D(((0.,0.),(0.,0.040000000000000008),(-0.11999999999999994,0.040000000000000008),(-0.11999999999999994,0.020000000000000004),(-0.020000000000000018,0.020000000000000004),(-0.020000000000000018,0.)));
#16406=IFCAXIS2PLACEMENT3D(#16407,#16408,#16409);
#16407=IFCCARTESIANPOINT((0.58390240631997581,0.060000000521540642,1.015000000372529));
#16408=IFCDIRECTION((0.,0.,1.));
#16409=IFCDIRECTION((1.,0.,0.));
#16410=IFCDIRECTION((0.,0.,1.));
#16411=IFCSHAPEREPRESENTATION(#11,'Body','SweptSolid',(#16347,#16356,#16392,#16401,#16402,#16365,#16374,#16383));
#16412=IFCSHAPEREPRESENTATION(#11,'Body','SweptSolid',(#16347,#16356,#16365,#16374,#16383));
#16413=IFCSHAPEASPECT((#16412),'Lining',$,.T.,#15599);
#16414=IFCSHAPEREPRESENTATION(#11,'Body','SweptSolid',(#16392,#16401,#16402));
#16415=IFCSHAPEASPECT((#16414),'Framing',$,.T.,#15599);
#16416=IFCCARTESIANPOINTLIST2D(((0.,0.),(0.,0.05000000074505806),(0.02500000037252903,0.05000000074505806),(0.02500000037252903,0.02500000037252903),(0.05000000074505806,0.02500000037252903),(0.05000000074505806,0.)));
#16417=IFCINDEXEDPOLYCURVE(#16416,(IFCLINEINDEX((1,2,3,4,5,6,1))),$);
#16418=IFCINDEXEDPOLYCURVE(#16419,(IFCLINEINDEX((1,2,3,4,5,6,1))),$);
#16419=IFCCARTESIANPOINTLIST2D(((0.65890240669250488,0.),(0.65890240669250488,0.05000000074505806),(0.63390240631997585,0.05000000074505806),(0.63390240631997585,0.02500000037252903),(0.60890240594744682,0.02500000037252903),(0.60890240594744682,0.)));
#16420=IFCDIRECTION((1.,0.));
#16421=IFCCARTESIANPOINT((0.060000000521540642,0.05000000074505806));
#16422=IFCAXIS2PLACEMENT2D(#16421,#16420);
#16423=IFCELLIPSE(#16422,0.57390240579843521,0.60890240594744682);
#16424=IFCCARTESIANPOINT((0.63390240631997585,0.05000000074505806));
#16425=IFCCARTESIANPOINT((0.060000000521540642,0.65890240669250488));
#16426=IFCTRIMMEDCURVE(#16423,(#16424),(#16425),.T.,.CARTESIAN.);
#16427=IFCCARTESIANPOINTLIST2D(((0.02500000037252903,0.05000000074505806),(0.060000000521540642,0.05000000074505806),(0.060000000521540642,0.65890240669250488),(0.02500000037252903,0.65890240669250488)));
#16428=IFCINDEXEDPOLYCURVE(#16427,(IFCLINEINDEX((1,2,3,4,1))),$);
#16429=IFCSHAPEREPRESENTATION(#24,'Body','Curve2D',(#16417,#16418,#16426,#16428));
#16430=IFCCARTESIANPOINTLIST2D(((0.,0.),(0.65890240669250488,0.),(0.65890240669250488,2.),(0.,2.)));
#16431=IFCINDEXEDPOLYCURVE(#16430,(IFCLINEINDEX((1,2,3,4,1))),$);
#16432=IFCARBITRARYCLOSEDPROFILEDEF(.AREA.,$,#16431);
#16433=IFCCARTESIANPOINT((0.,-0.60000002384185791,0.));
#16434=IFCDIRECTION((0.,-1.,0.));
#16435=IFCDIRECTION((1.,0.,0.));
#16436=IFCAXIS2PLACEMENT3D(#16433,#16434,#16435);
#16437=IFCDIRECTION((0.,0.,-1.));
#16438=IFCEXTRUDEDAREASOLID(#16432,#16436,#16437,1.2);
#16439=IFCSHAPEREPRESENTATION(#11,'Body','SweptSolid',(#16438));
#16445=IFCCARTESIANPOINT((3.5205767215985011,0.14999991506965227,0.));
#16446=IFCDIRECTION((0.,0.,1.));
#16447=IFCDIRECTION((-0.99999999999992406,3.894143816296034E-07,0.));
#16448=IFCAXIS2PLACEMENT3D(#16445,#16446,#16447);
#16449=IFCLOCALPLACEMENT(#12346,#16448);
#16450=IFCCARTESIANPOINT((0.,8.8817841970012523E-16,0.));
#16451=IFCDIRECTION((0.,0.,1.));
#16452=IFCDIRECTION((1.,5.2939559203393771E-23,0.));
#16453=IFCAXIS2PLACEMENT3D(#16450,#16451,#16452);
#16454=IFCLOCALPLACEMENT(#16449,#16453);
#16455=IFCWINDOWTYPE('3BSzBr2hfCaudeM8Dl4g1w',$,'MBED-1-2F',$,$,(#16456),(#16458,#16466,#16514),$,$,.WINDOW.,.SINGLE_PANEL.,$,$);
#16456=IFCPROPERTYSET('2YQnG2U1fCzfhfbF8J6ENQ',$,'BBIM_Window',$,(#16457));
#16457=IFCPROPERTYSINGLEVALUE('Data',$,IFCTEXT('{"window_type": "SINGLE_PANEL", "overall_height": 0.8999999761581421, "overall_width": 0.800000011920929, "lining_properties": {"lining_depth": 0.05000000074505806, "lining_thickness": 0.05000000074505806, "lining_offset": 0.05000000074505806, "lining_to_panel_offset_x": 0.02500000037252903, "lining_to_panel_offset_y": 0.02500000037252903}, "panel_properties": {"frame_depth": [0.03500000014901161, 0.03500000014901161, 0.03500000014901161], "frame_thickness": [0.03500000014901161, 0.03500000014901161, 0.03500000014901161]}}'),$);
#16458=IFCREPRESENTATIONMAP(#16459,#16463);
#16459=IFCAXIS2PLACEMENT3D(#16460,#16461,#16462);
#16460=IFCCARTESIANPOINT((0.,0.,0.));
#16461=IFCDIRECTION((0.,0.,1.));
#16462=IFCDIRECTION((1.,0.,0.));
#16463=IFCSHAPEREPRESENTATION(#18,'Profile','Curve3D',(#16464));
#16464=IFCINDEXEDPOLYCURVE(#16465,(IFCLINEINDEX((1,2,3,4,1))),$);
#16465=IFCCARTESIANPOINTLIST3D(((0.,0.,0.),(0.80000001192092896,0.,0.),(0.80000001192092896,0.,0.89999997615814209),(0.,0.,0.89999997615814209)));
#16466=IFCREPRESENTATIONMAP(#16467,#16471);
#16467=IFCAXIS2PLACEMENT3D(#16468,#16469,#16470);
#16468=IFCCARTESIANPOINT((0.,0.,0.));
#16469=IFCDIRECTION((0.,0.,1.));
#16470=IFCDIRECTION((1.,0.,0.));
#16471=IFCSHAPEREPRESENTATION(#11,'Body','SweptSolid',(#16472,#16483,#16494,#16505));
#16472=IFCEXTRUDEDAREASOLID(#16473,#16478,#16482,0.0099999997764825821);
#16473=IFCARBITRARYPROFILEDEFWITHVOIDS(.AREA.,$,#16474,(#16476));
#16474=IFCINDEXEDPOLYCURVE(#16475,(IFCLINEINDEX((1,2,3,4,1))),$);
#16475=IFCCARTESIANPOINTLIST2D(((0.,0.),(0.80000001192092896,0.),(0.80000001192092896,0.89999997615814209),(0.,0.89999997615814209)));
#16476=IFCINDEXEDPOLYCURVE(#16477,(IFCLINEINDEX((1,2,3,4,1))),$);
#16477=IFCCARTESIANPOINTLIST2D(((0.02500000037252903,0.02500000037252903),(0.77500001154839993,0.02500000037252903),(0.77500001154839993,0.87499997578561306),(0.02500000037252903,0.87499997578561306)));
#16478=IFCAXIS2PLACEMENT3D(#16479,#16480,#16481);
#16479=IFCCARTESIANPOINT((0.,0.090000001713633537,0.));
#16480=IFCDIRECTION((0.,-1.,0.));
#16481=IFCDIRECTION((1.,0.,0.));
#16482=IFCDIRECTION((0.,0.,-1.));
#16483=IFCEXTRUDEDAREASOLID(#16484,#16489,#16493,0.040000000968575478);
#16484=IFCARBITRARYPROFILEDEFWITHVOIDS(.AREA.,$,#16485,(#16487));
#16485=IFCINDEXEDPOLYCURVE(#16486,(IFCLINEINDEX((1,2,3,4,1))),$);
#16486=IFCCARTESIANPOINTLIST2D(((0.,0.),(0.80000001192092896,0.),(0.80000001192092896,0.89999997615814209),(0.,0.89999997615814209)));
#16487=IFCINDEXEDPOLYCURVE(#16488,(IFCLINEINDEX((1,2,3,4,1))),$);
#16488=IFCCARTESIANPOINTLIST2D(((0.05000000074505806,0.05000000074505806),(0.7500000111758709,0.05000000074505806),(0.7500000111758709,0.84999997541308403),(0.05000000074505806,0.84999997541308403)));
#16489=IFCAXIS2PLACEMENT3D(#16490,#16491,#16492);
#16490=IFCCARTESIANPOINT((0.,0.05000000074505806,0.));
#16491=IFCDIRECTION((0.,-1.,0.));
#16492=IFCDIRECTION((1.,0.,0.));
#16493=IFCDIRECTION((0.,0.,-1.));
#16494=IFCEXTRUDEDAREASOLID(#16495,#16500,#16504,0.035000000149011612);
#16495=IFCARBITRARYPROFILEDEFWITHVOIDS(.AREA.,$,#16496,(#16498));
#16496=IFCINDEXEDPOLYCURVE(#16497,(IFCLINEINDEX((1,2,3,4,1))),$);
#16497=IFCCARTESIANPOINTLIST2D(((0.,0.),(0.7500000111758709,0.),(0.7500000111758709,0.84999997541308403),(0.,0.84999997541308403)));
#16498=IFCINDEXEDPOLYCURVE(#16499,(IFCLINEINDEX((1,2,3,4,1))),$);
#16499=IFCCARTESIANPOINTLIST2D(((0.035000000149011612,0.035000000149011612),(0.71500001102685928,0.035000000149011612),(0.71500001102685928,0.81499997526407242),(0.035000000149011612,0.81499997526407242)));
#16500=IFCAXIS2PLACEMENT3D(#16501,#16502,#16503);
#16501=IFCCARTESIANPOINT((0.02500000037252903,0.090000001713633537,0.02500000037252903));
#16502=IFCDIRECTION((0.,-1.,0.));
#16503=IFCDIRECTION((1.,0.,0.));
#16504=IFCDIRECTION((0.,0.,-1.));
#16505=IFCEXTRUDEDAREASOLID(#16506,#16509,#16513,0.01);
#16506=IFCARBITRARYCLOSEDPROFILEDEF(.AREA.,$,#16507);
#16507=IFCINDEXEDPOLYCURVE(#16508,(IFCLINEINDEX((1,2,3,4,1))),$);
#16508=IFCCARTESIANPOINTLIST2D(((0.035000000149011612,0.035000000149011612),(0.71500001102685928,0.035000000149011612),(0.71500001102685928,0.81499997526407242),(0.035000000149011612,0.81499997526407242)));
#16509=IFCAXIS2PLACEMENT3D(#16510,#16511,#16512);
#16510=IFCCARTESIANPOINT((0.02500000037252903,0.10250000178813934,0.02500000037252903));
#16511=IFCDIRECTION((0.,-1.,0.));
#16512=IFCDIRECTION((1.,0.,0.));
#16513=IFCDIRECTION((0.,0.,-1.));
#16514=IFCREPRESENTATIONMAP(#16515,#16519);
#16515=IFCAXIS2PLACEMENT3D(#16516,#16517,#16518);
#16516=IFCCARTESIANPOINT((0.,0.,0.));
#16517=IFCDIRECTION((0.,0.,1.));
#16518=IFCDIRECTION((1.,0.,0.));
#16519=IFCSHAPEREPRESENTATION(#24,'Body','Curve2D',(#16520,#16522,#16524,#16526,#16528,#16530,#16532,#16534));
#16520=IFCINDEXEDPOLYCURVE(#16521,$,$);
#16521=IFCCARTESIANPOINTLIST2D(((0.05000000074505806,0.05000000074505806),(0.7500000111758709,0.05000000074505806)));
#16522=IFCINDEXEDPOLYCURVE(#16523,(IFCLINEINDEX((1,2,3,4,5,6,1))),$);
#16523=IFCCARTESIANPOINTLIST2D(((0.,0.10000000149011612),(0.02500000037252903,0.10000000149011612),(0.02500000037252903,0.090000001713633537),(0.05000000074505806,0.090000001713633537),(0.05000000074505806,0.05000000074505806),(0.,0.05000000074505806)));
#16524=IFCINDEXEDPOLYCURVE(#16525,(IFCLINEINDEX((1,2,3,4,5,6,1))),$);
#16525=IFCCARTESIANPOINTLIST2D(((0.80000001192092896,0.10000000149011612),(0.77500001154839993,0.10000000149011612),(0.77500001154839993,0.090000001713633537),(0.7500000111758709,0.090000001713633537),(0.7500000111758709,0.05000000074505806),(0.80000001192092896,0.05000000074505806)));
#16526=IFCINDEXEDPOLYCURVE(#16527,(IFCLINEINDEX((1,2,3,4,1))),$);
#16527=IFCCARTESIANPOINTLIST2D(((0.02500000037252903,0.090000001713633537),(0.060000000521540642,0.090000001713633537),(0.060000000521540642,0.12500000186264515),(0.02500000037252903,0.12500000186264515)));
#16528=IFCINDEXEDPOLYCURVE(#16529,(IFCLINEINDEX((1,2,3,4,1))),$);
#16529=IFCCARTESIANPOINTLIST2D(((0.77500001154839993,0.090000001713633537),(0.74000001139938831,0.090000001713633537),(0.74000001139938831,0.12500000186264515),(0.77500001154839993,0.12500000186264515)));
#16530=IFCINDEXEDPOLYCURVE(#16531,$,$);
#16531=IFCCARTESIANPOINTLIST2D(((0.060000000521540642,0.090000001713633537),(0.74000001139938831,0.090000001713633537)));
#16532=IFCINDEXEDPOLYCURVE(#16533,$,$);
#16533=IFCCARTESIANPOINTLIST2D(((0.060000000521540642,0.12500000186264515),(0.74000001139938831,0.12500000186264515)));
#16534=IFCINDEXEDPOLYCURVE(#16535,$,$);
#16535=IFCCARTESIANPOINTLIST2D(((0.060000000521540642,0.10750000178813934),(0.74000001139938831,0.10750000178813934)));
#16536=IFCWINDOWTYPE('2ZE06jnuPA4PJf9UmcTfIh',$,'MVED-2-2F',$,$,(#16537),(#16539,#16547,#16595),$,$,.WINDOW.,.SINGLE_PANEL.,$,$);
#16537=IFCPROPERTYSET('1H0JuKz9XB9R64dqJC1A$R',$,'BBIM_Window',$,(#16538));
#16538=IFCPROPERTYSINGLEVALUE('Data',$,IFCTEXT('{"window_type": "SINGLE_PANEL", "overall_height": 0.8999999761581421, "overall_width": 0.800000011920929, "lining_properties": {"lining_depth": 0.05000000074505806, "lining_thickness": 0.05000000074505806, "lining_offset": 0.05000000074505806, "lining_to_panel_offset_x": 0.02500000037252903, "lining_to_panel_offset_y": 0.02500000037252903}, "panel_properties": {"frame_depth": [0.03500000014901161, 0.03500000014901161, 0.03500000014901161], "frame_thickness": [0.03500000014901161, 0.03500000014901161, 0.03500000014901161]}}'),$);
#16539=IFCREPRESENTATIONMAP(#16540,#16544);
#16540=IFCAXIS2PLACEMENT3D(#16541,#16542,#16543);
#16541=IFCCARTESIANPOINT((0.,0.,0.));
#16542=IFCDIRECTION((0.,0.,1.));
#16543=IFCDIRECTION((1.,0.,0.));
#16544=IFCSHAPEREPRESENTATION(#18,'Profile','Curve3D',(#16545));
#16545=IFCINDEXEDPOLYCURVE(#16546,(IFCLINEINDEX((1,2,3,4,1))),$);
#16546=IFCCARTESIANPOINTLIST3D(((0.,0.,0.),(0.80000001192092896,0.,0.),(0.80000001192092896,0.,0.89999997615814209),(0.,0.,0.89999997615814209)));
#16547=IFCREPRESENTATIONMAP(#16548,#16552);
#16548=IFCAXIS2PLACEMENT3D(#16549,#16550,#16551);
#16549=IFCCARTESIANPOINT((0.,0.,0.));
#16550=IFCDIRECTION((0.,0.,1.));
#16551=IFCDIRECTION((1.,0.,0.));
#16552=IFCSHAPEREPRESENTATION(#11,'Body','SweptSolid',(#16553,#16564,#16575,#16586));
#16553=IFCEXTRUDEDAREASOLID(#16554,#16559,#16563,0.0099999997764825821);
#16554=IFCARBITRARYPROFILEDEFWITHVOIDS(.AREA.,$,#16555,(#16557));
#16555=IFCINDEXEDPOLYCURVE(#16556,(IFCLINEINDEX((1,2,3,4,1))),$);
#16556=IFCCARTESIANPOINTLIST2D(((0.,0.),(0.80000001192092896,0.),(0.80000001192092896,0.89999997615814209),(0.,0.89999997615814209)));
#16557=IFCINDEXEDPOLYCURVE(#16558,(IFCLINEINDEX((1,2,3,4,1))),$);
#16558=IFCCARTESIANPOINTLIST2D(((0.02500000037252903,0.02500000037252903),(0.77500001154839993,0.02500000037252903),(0.77500001154839993,0.87499997578561306),(0.02500000037252903,0.87499997578561306)));
#16559=IFCAXIS2PLACEMENT3D(#16560,#16561,#16562);
#16560=IFCCARTESIANPOINT((0.,0.090000001713633537,0.));
#16561=IFCDIRECTION((0.,-1.,0.));
#16562=IFCDIRECTION((1.,0.,0.));
#16563=IFCDIRECTION((0.,0.,-1.));
#16564=IFCEXTRUDEDAREASOLID(#16565,#16570,#16574,0.040000000968575478);
#16565=IFCARBITRARYPROFILEDEFWITHVOIDS(.AREA.,$,#16566,(#16568));
#16566=IFCINDEXEDPOLYCURVE(#16567,(IFCLINEINDEX((1,2,3,4,1))),$);
#16567=IFCCARTESIANPOINTLIST2D(((0.,0.),(0.80000001192092896,0.),(0.80000001192092896,0.89999997615814209),(0.,0.89999997615814209)));
#16568=IFCINDEXEDPOLYCURVE(#16569,(IFCLINEINDEX((1,2,3,4,1))),$);
#16569=IFCCARTESIANPOINTLIST2D(((0.05000000074505806,0.05000000074505806),(0.7500000111758709,0.05000000074505806),(0.7500000111758709,0.84999997541308403),(0.05000000074505806,0.84999997541308403)));
#16570=IFCAXIS2PLACEMENT3D(#16571,#16572,#16573);
#16571=IFCCARTESIANPOINT((0.,0.05000000074505806,0.));
#16572=IFCDIRECTION((0.,-1.,0.));
#16573=IFCDIRECTION((1.,0.,0.));
#16574=IFCDIRECTION((0.,0.,-1.));
#16575=IFCEXTRUDEDAREASOLID(#16576,#16581,#16585,0.035000000149011612);
#16576=IFCARBITRARYPROFILEDEFWITHVOIDS(.AREA.,$,#16577,(#16579));
#16577=IFCINDEXEDPOLYCURVE(#16578,(IFCLINEINDEX((1,2,3,4,1))),$);
#16578=IFCCARTESIANPOINTLIST2D(((0.,0.),(0.7500000111758709,0.),(0.7500000111758709,0.84999997541308403),(0.,0.84999997541308403)));
#16579=IFCINDEXEDPOLYCURVE(#16580,(IFCLINEINDEX((1,2,3,4,1))),$);
#16580=IFCCARTESIANPOINTLIST2D(((0.035000000149011612,0.035000000149011612),(0.71500001102685928,0.035000000149011612),(0.71500001102685928,0.81499997526407242),(0.035000000149011612,0.81499997526407242)));
#16581=IFCAXIS2PLACEMENT3D(#16582,#16583,#16584);
#16582=IFCCARTESIANPOINT((0.02500000037252903,0.090000001713633537,0.02500000037252903));
#16583=IFCDIRECTION((0.,-1.,0.));
#16584=IFCDIRECTION((1.,0.,0.));
#16585=IFCDIRECTION((0.,0.,-1.));
#16586=IFCEXTRUDEDAREASOLID(#16587,#16590,#16594,0.01);
#16587=IFCARBITRARYCLOSEDPROFILEDEF(.AREA.,$,#16588);
#16588=IFCINDEXEDPOLYCURVE(#16589,(IFCLINEINDEX((1,2,3,4,1))),$);
#16589=IFCCARTESIANPOINTLIST2D(((0.035000000149011612,0.035000000149011612),(0.71500001102685928,0.035000000149011612),(0.71500001102685928,0.81499997526407242),(0.035000000149011612,0.81499997526407242)));
#16590=IFCAXIS2PLACEMENT3D(#16591,#16592,#16593);
#16591=IFCCARTESIANPOINT((0.02500000037252903,0.10250000178813934,0.02500000037252903));
#16592=IFCDIRECTION((0.,-1.,0.));
#16593=IFCDIRECTION((1.,0.,0.));
#16594=IFCDIRECTION((0.,0.,-1.));
#16595=IFCREPRESENTATIONMAP(#16596,#16600);
#16596=IFCAXIS2PLACEMENT3D(#16597,#16598,#16599);
#16597=IFCCARTESIANPOINT((0.,0.,0.));
#16598=IFCDIRECTION((0.,0.,1.));
#16599=IFCDIRECTION((1.,0.,0.));
#16600=IFCSHAPEREPRESENTATION(#24,'Body','Curve2D',(#16601,#16603,#16605,#16607,#16609,#16611,#16613,#16615));
#16601=IFCINDEXEDPOLYCURVE(#16602,$,$);
#16602=IFCCARTESIANPOINTLIST2D(((0.05000000074505806,0.05000000074505806),(0.7500000111758709,0.05000000074505806)));
#16603=IFCINDEXEDPOLYCURVE(#16604,(IFCLINEINDEX((1,2,3,4,5,6,1))),$);
#16604=IFCCARTESIANPOINTLIST2D(((0.,0.10000000149011612),(0.02500000037252903,0.10000000149011612),(0.02500000037252903,0.090000001713633537),(0.05000000074505806,0.090000001713633537),(0.05000000074505806,0.05000000074505806),(0.,0.05000000074505806)));
#16605=IFCINDEXEDPOLYCURVE(#16606,(IFCLINEINDEX((1,2,3,4,5,6,1))),$);
#16606=IFCCARTESIANPOINTLIST2D(((0.80000001192092896,0.10000000149011612),(0.77500001154839993,0.10000000149011612),(0.77500001154839993,0.090000001713633537),(0.7500000111758709,0.090000001713633537),(0.7500000111758709,0.05000000074505806),(0.80000001192092896,0.05000000074505806)));
#16607=IFCINDEXEDPOLYCURVE(#16608,(IFCLINEINDEX((1,2,3,4,1))),$);
#16608=IFCCARTESIANPOINTLIST2D(((0.02500000037252903,0.090000001713633537),(0.060000000521540642,0.090000001713633537),(0.060000000521540642,0.12500000186264515),(0.02500000037252903,0.12500000186264515)));
#16609=IFCINDEXEDPOLYCURVE(#16610,(IFCLINEINDEX((1,2,3,4,1))),$);
#16610=IFCCARTESIANPOINTLIST2D(((0.77500001154839993,0.090000001713633537),(0.74000001139938831,0.090000001713633537),(0.74000001139938831,0.12500000186264515),(0.77500001154839993,0.12500000186264515)));
#16611=IFCINDEXEDPOLYCURVE(#16612,$,$);
#16612=IFCCARTESIANPOINTLIST2D(((0.060000000521540642,0.090000001713633537),(0.74000001139938831,0.090000001713633537)));
#16613=IFCINDEXEDPOLYCURVE(#16614,$,$);
#16614=IFCCARTESIANPOINTLIST2D(((0.060000000521540642,0.12500000186264515),(0.74000001139938831,0.12500000186264515)));
#16615=IFCINDEXEDPOLYCURVE(#16616,$,$);
#16616=IFCCARTESIANPOINTLIST2D(((0.060000000521540642,0.10750000178813934),(0.74000001139938831,0.10750000178813934)));
#16617=IFCWINDOWTYPE('1USRaLaTrBCvRjn4mkFnK$',$,'BED1-1-2F',$,$,(#16618),(#16620,#16628,#16714),$,$,.WINDOW.,.SINGLE_PANEL.,$,$);
#16618=IFCPROPERTYSET('0MBjpqMXXERvh5Q_XgEb6l',$,'BBIM_Window',$,(#16619));
#16619=IFCPROPERTYSINGLEVALUE('Data',$,IFCTEXT('{"window_type": "DOUBLE_PANEL_VERTICAL", "overall_height": 0.8999999761581421, "overall_width": 1.2000000476837158, "lining_properties": {"lining_depth": 0.05000000074505806, "lining_thickness": 0.05000000074505806, "lining_offset": 0.05000000074505806, "lining_to_panel_offset_x": 0.02500000037252903, "lining_to_panel_offset_y": 0.02500000037252903, "mullion_thickness": 0.05000000074505806, "first_mullion_offset": 0.6000000238418579}, "panel_properties": {"frame_depth": [0.03500000014901161, 0.03500000014901161, 0.03500000014901161], "frame_thickness": [0.03500000014901161, 0.03500000014901161, 0.03500000014901161]}}'),$);
#16620=IFCREPRESENTATIONMAP(#16621,#17295);
#16621=IFCAXIS2PLACEMENT3D(#16622,#16623,#16624);
#16622=IFCCARTESIANPOINT((0.,0.,0.));
#16623=IFCDIRECTION((0.,0.,1.));
#16624=IFCDIRECTION((1.,0.,0.));
#16628=IFCREPRESENTATIONMAP(#16629,#17376);
#16629=IFCAXIS2PLACEMENT3D(#16630,#16631,#16632);
#16630=IFCCARTESIANPOINT((0.,0.,0.));
#16631=IFCDIRECTION((0.,0.,1.));
#16632=IFCDIRECTION((1.,0.,0.));
#16714=IFCREPRESENTATIONMAP(#16715,#17415);
#16715=IFCAXIS2PLACEMENT3D(#16716,#16717,#16718);
#16716=IFCCARTESIANPOINT((0.,0.,0.));
#16717=IFCDIRECTION((0.,0.,1.));
#16718=IFCDIRECTION((1.,0.,0.));
#16752=IFCWINDOWTYPE('1XeBjNfmLFOQgJ7vnw6G4S',$,'BED1-2-2F',$,$,(#16753),(#16755,#16763,#16811),$,$,.WINDOW.,.SINGLE_PANEL.,$,$);
#16753=IFCPROPERTYSET('21oSaUy2nFvRgGKy2eIC_j',$,'BBIM_Window',$,(#16754));
#16754=IFCPROPERTYSINGLEVALUE('Data',$,IFCTEXT('{"window_type": "SINGLE_PANEL", "overall_height": 0.8999999761581421, "overall_width": 0.800000011920929, "lining_properties": {"lining_depth": 0.05000000074505806, "lining_thickness": 0.05000000074505806, "lining_offset": 0.05000000074505806, "lining_to_panel_offset_x": 0.02500000037252903, "lining_to_panel_offset_y": 0.02500000037252903}, "panel_properties": {"frame_depth": [0.03500000014901161, 0.03500000014901161, 0.03500000014901161], "frame_thickness": [0.03500000014901161, 0.03500000014901161, 0.03500000014901161]}}'),$);
#16755=IFCREPRESENTATIONMAP(#16756,#16760);
#16756=IFCAXIS2PLACEMENT3D(#16757,#16758,#16759);
#16757=IFCCARTESIANPOINT((0.,0.,0.));
#16758=IFCDIRECTION((0.,0.,1.));
#16759=IFCDIRECTION((1.,0.,0.));
#16760=IFCSHAPEREPRESENTATION(#18,'Profile','Curve3D',(#16761));
#16761=IFCINDEXEDPOLYCURVE(#16762,(IFCLINEINDEX((1,2,3,4,1))),$);
#16762=IFCCARTESIANPOINTLIST3D(((0.,0.,0.),(0.80000001192092896,0.,0.),(0.80000001192092896,0.,0.89999997615814209),(0.,0.,0.89999997615814209)));
#16763=IFCREPRESENTATIONMAP(#16764,#16768);
#16764=IFCAXIS2PLACEMENT3D(#16765,#16766,#16767);
#16765=IFCCARTESIANPOINT((0.,0.,0.));
#16766=IFCDIRECTION((0.,0.,1.));
#16767=IFCDIRECTION((1.,0.,0.));
#16768=IFCSHAPEREPRESENTATION(#11,'Body','SweptSolid',(#16769,#16780,#16791,#16802));
#16769=IFCEXTRUDEDAREASOLID(#16770,#16775,#16779,0.0099999997764825821);
#16770=IFCARBITRARYPROFILEDEFWITHVOIDS(.AREA.,$,#16771,(#16773));
#16771=IFCINDEXEDPOLYCURVE(#16772,(IFCLINEINDEX((1,2,3,4,1))),$);
#16772=IFCCARTESIANPOINTLIST2D(((0.,0.),(0.80000001192092896,0.),(0.80000001192092896,0.89999997615814209),(0.,0.89999997615814209)));
#16773=IFCINDEXEDPOLYCURVE(#16774,(IFCLINEINDEX((1,2,3,4,1))),$);
#16774=IFCCARTESIANPOINTLIST2D(((0.02500000037252903,0.02500000037252903),(0.77500001154839993,0.02500000037252903),(0.77500001154839993,0.87499997578561306),(0.02500000037252903,0.87499997578561306)));
#16775=IFCAXIS2PLACEMENT3D(#16776,#16777,#16778);
#16776=IFCCARTESIANPOINT((0.,0.090000001713633537,0.));
#16777=IFCDIRECTION((0.,-1.,0.));
#16778=IFCDIRECTION((1.,0.,0.));
#16779=IFCDIRECTION((0.,0.,-1.));
#16780=IFCEXTRUDEDAREASOLID(#16781,#16786,#16790,0.040000000968575478);
#16781=IFCARBITRARYPROFILEDEFWITHVOIDS(.AREA.,$,#16782,(#16784));
#16782=IFCINDEXEDPOLYCURVE(#16783,(IFCLINEINDEX((1,2,3,4,1))),$);
#16783=IFCCARTESIANPOINTLIST2D(((0.,0.),(0.80000001192092896,0.),(0.80000001192092896,0.89999997615814209),(0.,0.89999997615814209)));
#16784=IFCINDEXEDPOLYCURVE(#16785,(IFCLINEINDEX((1,2,3,4,1))),$);
#16785=IFCCARTESIANPOINTLIST2D(((0.05000000074505806,0.05000000074505806),(0.7500000111758709,0.05000000074505806),(0.7500000111758709,0.84999997541308403),(0.05000000074505806,0.84999997541308403)));
#16786=IFCAXIS2PLACEMENT3D(#16787,#16788,#16789);
#16787=IFCCARTESIANPOINT((0.,0.05000000074505806,0.));
#16788=IFCDIRECTION((0.,-1.,0.));
#16789=IFCDIRECTION((1.,0.,0.));
#16790=IFCDIRECTION((0.,0.,-1.));
#16791=IFCEXTRUDEDAREASOLID(#16792,#16797,#16801,0.035000000149011612);
#16792=IFCARBITRARYPROFILEDEFWITHVOIDS(.AREA.,$,#16793,(#16795));
#16793=IFCINDEXEDPOLYCURVE(#16794,(IFCLINEINDEX((1,2,3,4,1))),$);
#16794=IFCCARTESIANPOINTLIST2D(((0.,0.),(0.7500000111758709,0.),(0.7500000111758709,0.84999997541308403),(0.,0.84999997541308403)));
#16795=IFCINDEXEDPOLYCURVE(#16796,(IFCLINEINDEX((1,2,3,4,1))),$);
#16796=IFCCARTESIANPOINTLIST2D(((0.035000000149011612,0.035000000149011612),(0.71500001102685928,0.035000000149011612),(0.71500001102685928,0.81499997526407242),(0.035000000149011612,0.81499997526407242)));
#16797=IFCAXIS2PLACEMENT3D(#16798,#16799,#16800);
#16798=IFCCARTESIANPOINT((0.02500000037252903,0.090000001713633537,0.02500000037252903));
#16799=IFCDIRECTION((0.,-1.,0.));
#16800=IFCDIRECTION((1.,0.,0.));
#16801=IFCDIRECTION((0.,0.,-1.));
#16802=IFCEXTRUDEDAREASOLID(#16803,#16806,#16810,0.01);
#16803=IFCARBITRARYCLOSEDPROFILEDEF(.AREA.,$,#16804);
#16804=IFCINDEXEDPOLYCURVE(#16805,(IFCLINEINDEX((1,2,3,4,1))),$);
#16805=IFCCARTESIANPOINTLIST2D(((0.035000000149011612,0.035000000149011612),(0.71500001102685928,0.035000000149011612),(0.71500001102685928,0.81499997526407242),(0.035000000149011612,0.81499997526407242)));
#16806=IFCAXIS2PLACEMENT3D(#16807,#16808,#16809);
#16807=IFCCARTESIANPOINT((0.02500000037252903,0.10250000178813934,0.02500000037252903));
#16808=IFCDIRECTION((0.,-1.,0.));
#16809=IFCDIRECTION((1.,0.,0.));
#16810=IFCDIRECTION((0.,0.,-1.));
#16811=IFCREPRESENTATIONMAP(#16812,#16816);
#16812=IFCAXIS2PLACEMENT3D(#16813,#16814,#16815);
#16813=IFCCARTESIANPOINT((0.,0.,0.));
#16814=IFCDIRECTION((0.,0.,1.));
#16815=IFCDIRECTION((1.,0.,0.));
#16816=IFCSHAPEREPRESENTATION(#24,'Body','Curve2D',(#16817,#16819,#16821,#16823,#16825,#16827,#16829,#16831));
#16817=IFCINDEXEDPOLYCURVE(#16818,$,$);
#16818=IFCCARTESIANPOINTLIST2D(((0.05000000074505806,0.05000000074505806),(0.7500000111758709,0.05000000074505806)));
#16819=IFCINDEXEDPOLYCURVE(#16820,(IFCLINEINDEX((1,2,3,4,5,6,1))),$);
#16820=IFCCARTESIANPOINTLIST2D(((0.,0.10000000149011612),(0.02500000037252903,0.10000000149011612),(0.02500000037252903,0.090000001713633537),(0.05000000074505806,0.090000001713633537),(0.05000000074505806,0.05000000074505806),(0.,0.05000000074505806)));
#16821=IFCINDEXEDPOLYCURVE(#16822,(IFCLINEINDEX((1,2,3,4,5,6,1))),$);
#16822=IFCCARTESIANPOINTLIST2D(((0.80000001192092896,0.10000000149011612),(0.77500001154839993,0.10000000149011612),(0.77500001154839993,0.090000001713633537),(0.7500000111758709,0.090000001713633537),(0.7500000111758709,0.05000000074505806),(0.80000001192092896,0.05000000074505806)));
#16823=IFCINDEXEDPOLYCURVE(#16824,(IFCLINEINDEX((1,2,3,4,1))),$);
#16824=IFCCARTESIANPOINTLIST2D(((0.02500000037252903,0.090000001713633537),(0.060000000521540642,0.090000001713633537),(0.060000000521540642,0.12500000186264515),(0.02500000037252903,0.12500000186264515)));
#16825=IFCINDEXEDPOLYCURVE(#16826,(IFCLINEINDEX((1,2,3,4,1))),$);
#16826=IFCCARTESIANPOINTLIST2D(((0.77500001154839993,0.090000001713633537),(0.74000001139938831,0.090000001713633537),(0.74000001139938831,0.12500000186264515),(0.77500001154839993,0.12500000186264515)));
#16827=IFCINDEXEDPOLYCURVE(#16828,$,$);
#16828=IFCCARTESIANPOINTLIST2D(((0.060000000521540642,0.090000001713633537),(0.74000001139938831,0.090000001713633537)));
#16829=IFCINDEXEDPOLYCURVE(#16830,$,$);
#16830=IFCCARTESIANPOINTLIST2D(((0.060000000521540642,0.12500000186264515),(0.74000001139938831,0.12500000186264515)));
#16831=IFCINDEXEDPOLYCURVE(#16832,$,$);
#16832=IFCCARTESIANPOINTLIST2D(((0.060000000521540642,0.10750000178813934),(0.74000001139938831,0.10750000178813934)));
#16833=IFCWINDOWTYPE('2rh6Ii4DH9Uv2s1BHE5Mxk',$,'BED2-1-2F',$,$,(#16834),(#16836,#16844,#16930),$,$,.WINDOW.,.SINGLE_PANEL.,$,$);
#16834=IFCPROPERTYSET('2HAr012TLBcBkoiEbPxoYA',$,'BBIM_Window',$,(#16835));
#16835=IFCPROPERTYSINGLEVALUE('Data',$,IFCTEXT('{"window_type": "DOUBLE_PANEL_VERTICAL", "overall_height": 0.8999999761581421, "overall_width": 1.2000000476837158, "lining_properties": {"lining_depth": 0.05000000074505806, "lining_thickness": 0.05000000074505806, "lining_offset": 0.05000000074505806, "lining_to_panel_offset_x": 0.02500000037252903, "lining_to_panel_offset_y": 0.02500000037252903, "mullion_thickness": 0.05000000074505806, "first_mullion_offset": 0.6000000238418579}, "panel_properties": {"frame_depth": [0.03500000014901161, 0.03500000014901161, 0.03500000014901161], "frame_thickness": [0.03500000014901161, 0.03500000014901161, 0.03500000014901161]}}'),$);
#16836=IFCREPRESENTATIONMAP(#16837,#16841);
#16837=IFCAXIS2PLACEMENT3D(#16838,#16839,#16840);
#16838=IFCCARTESIANPOINT((0.,0.,0.));
#16839=IFCDIRECTION((0.,0.,1.));
#16840=IFCDIRECTION((1.,0.,0.));
#16841=IFCSHAPEREPRESENTATION(#18,'Profile','Curve3D',(#16842));
#16842=IFCINDEXEDPOLYCURVE(#16843,(IFCLINEINDEX((1,2,3,4,1))),$);
#16843=IFCCARTESIANPOINTLIST3D(((0.,0.,0.),(1.2000000476837158,0.,0.),(1.2000000476837158,0.,0.89999997615814209),(0.,0.,0.89999997615814209)));
#16844=IFCREPRESENTATIONMAP(#16845,#16849);
#16845=IFCAXIS2PLACEMENT3D(#16846,#16847,#16848);
#16846=IFCCARTESIANPOINT((0.,0.,0.));
#16847=IFCDIRECTION((0.,0.,1.));
#16848=IFCDIRECTION((1.,0.,0.));
#16849=IFCSHAPEREPRESENTATION(#11,'Body','SweptSolid',(#16850,#16859,#16870,#16881,#16890,#16899,#16910,#16921));
#16850=IFCEXTRUDEDAREASOLID(#16851,#16854,#16858,0.0099999997764825821);
#16851=IFCARBITRARYCLOSEDPROFILEDEF(.AREA.,$,#16852);
#16852=IFCINDEXEDPOLYCURVE(#16853,(IFCLINEINDEX((1,2,3,4,5,6,7,8,1))),$);
#16853=IFCCARTESIANPOINTLIST2D(((0.60000002384185791,0.),(0.,0.),(0.,0.89999997615814209),(0.60000002384185791,0.89999997615814209),(0.60000002384185791,0.87499997578561306),(0.02500000037252903,0.87499997578561306),(0.02500000037252903,0.02500000037252903),(0.60000002384185791,0.02500000037252903)));
#16854=IFCAXIS2PLACEMENT3D(#16855,#16856,#16857);
#16855=IFCCARTESIANPOINT((0.,0.090000001713633537,0.));
#16856=IFCDIRECTION((0.,-1.,0.));
#16857=IFCDIRECTION((1.,0.,0.));
#16858=IFCDIRECTION((0.,0.,-1.));
#16859=IFCEXTRUDEDAREASOLID(#16860,#16865,#16869,0.040000000968575478);
#16860=IFCARBITRARYPROFILEDEFWITHVOIDS(.AREA.,$,#16861,(#16863));
#16861=IFCINDEXEDPOLYCURVE(#16862,(IFCLINEINDEX((1,2,3,4,1))),$);
#16862=IFCCARTESIANPOINTLIST2D(((0.,0.),(0.60000002384185791,0.),(0.60000002384185791,0.89999997615814209),(0.,0.89999997615814209)));
#16863=IFCINDEXEDPOLYCURVE(#16864,(IFCLINEINDEX((1,2,3,4,1))),$);
#16864=IFCCARTESIANPOINTLIST2D(((0.05000000074505806,0.05000000074505806),(0.57500002346932888,0.05000000074505806),(0.57500002346932888,0.84999997541308403),(0.05000000074505806,0.84999997541308403)));
#16865=IFCAXIS2PLACEMENT3D(#16866,#16867,#16868);
#16866=IFCCARTESIANPOINT((0.,0.05000000074505806,0.));
#16867=IFCDIRECTION((0.,-1.,0.));
#16868=IFCDIRECTION((1.,0.,0.));
#16869=IFCDIRECTION((0.,0.,-1.));
#16870=IFCEXTRUDEDAREASOLID(#16871,#16876,#16880,0.035000000149011612);
#16871=IFCARBITRARYPROFILEDEFWITHVOIDS(.AREA.,$,#16872,(#16874));
#16872=IFCINDEXEDPOLYCURVE(#16873,(IFCLINEINDEX((1,2,3,4,1))),$);
#16873=IFCCARTESIANPOINTLIST2D(((0.,0.),(0.57500002346932888,0.),(0.57500002346932888,0.84999997541308403),(0.,0.84999997541308403)));
#16874=IFCINDEXEDPOLYCURVE(#16875,(IFCLINEINDEX((1,2,3,4,1))),$);
#16875=IFCCARTESIANPOINTLIST2D(((0.035000000149011612,0.035000000149011612),(0.54000002332031727,0.035000000149011612),(0.54000002332031727,0.81499997526407242),(0.035000000149011612,0.81499997526407242)));
#16876=IFCAXIS2PLACEMENT3D(#16877,#16878,#16879);
#16877=IFCCARTESIANPOINT((0.02500000037252903,0.090000001713633537,0.02500000037252903));
#16878=IFCDIRECTION((0.,-1.,0.));
#16879=IFCDIRECTION((1.,0.,0.));
#16880=IFCDIRECTION((0.,0.,-1.));
#16881=IFCEXTRUDEDAREASOLID(#16882,#16885,#16889,0.01);
#16882=IFCARBITRARYCLOSEDPROFILEDEF(.AREA.,$,#16883);
#16883=IFCINDEXEDPOLYCURVE(#16884,(IFCLINEINDEX((1,2,3,4,1))),$);
#16884=IFCCARTESIANPOINTLIST2D(((0.035000000149011612,0.035000000149011612),(0.54000002332031727,0.035000000149011612),(0.54000002332031727,0.81499997526407242),(0.035000000149011612,0.81499997526407242)));
#16885=IFCAXIS2PLACEMENT3D(#16886,#16887,#16888);
#16886=IFCCARTESIANPOINT((0.02500000037252903,0.10250000178813934,0.02500000037252903));
#16887=IFCDIRECTION((0.,-1.,0.));
#16888=IFCDIRECTION((1.,0.,0.));
#16889=IFCDIRECTION((0.,0.,-1.));
#16890=IFCEXTRUDEDAREASOLID(#16891,#16894,#16898,0.0099999997764825821);
#16891=IFCARBITRARYCLOSEDPROFILEDEF(.AREA.,$,#16892);
#16892=IFCINDEXEDPOLYCURVE(#16893,(IFCLINEINDEX((1,2,3,4,5,6,7,8,1))),$);
#16893=IFCCARTESIANPOINTLIST2D(((0.,0.89999997615814209),(0.60000002384185791,0.89999997615814209),(0.60000002384185791,0.),(0.,0.),(0.,0.02500000037252903),(0.57500002346932888,0.02500000037252903),(0.57500002346932888,0.87499997578561306),(0.,0.87499997578561306)));
#16894=IFCAXIS2PLACEMENT3D(#16895,#16896,#16897);
#16895=IFCCARTESIANPOINT((0.60000002384185791,0.090000001713633537,0.));
#16896=IFCDIRECTION((0.,-1.,0.));
#16897=IFCDIRECTION((1.,0.,0.));
#16898=IFCDIRECTION((0.,0.,-1.));
#16899=IFCEXTRUDEDAREASOLID(#16900,#16905,#16909,0.040000000968575478);
#16900=IFCARBITRARYPROFILEDEFWITHVOIDS(.AREA.,$,#16901,(#16903));
#16901=IFCINDEXEDPOLYCURVE(#16902,(IFCLINEINDEX((1,2,3,4,1))),$);
#16902=IFCCARTESIANPOINTLIST2D(((0.,0.),(0.60000002384185791,0.),(0.60000002384185791,0.89999997615814209),(0.,0.89999997615814209)));
#16903=IFCINDEXEDPOLYCURVE(#16904,(IFCLINEINDEX((1,2,3,4,1))),$);
#16904=IFCCARTESIANPOINTLIST2D(((0.02500000037252903,0.05000000074505806),(0.55000002309679985,0.05000000074505806),(0.55000002309679985,0.84999997541308403),(0.02500000037252903,0.84999997541308403)));
#16905=IFCAXIS2PLACEMENT3D(#16906,#16907,#16908);
#16906=IFCCARTESIANPOINT((0.60000002384185791,0.05000000074505806,0.));
#16907=IFCDIRECTION((0.,-1.,0.));
#16908=IFCDIRECTION((1.,0.,0.));
#16909=IFCDIRECTION((0.,0.,-1.));
#16910=IFCEXTRUDEDAREASOLID(#16911,#16916,#16920,0.035000000149011612);
#16911=IFCARBITRARYPROFILEDEFWITHVOIDS(.AREA.,$,#16912,(#16914));
#16912=IFCINDEXEDPOLYCURVE(#16913,(IFCLINEINDEX((1,2,3,4,1))),$);
#16913=IFCCARTESIANPOINTLIST2D(((0.,0.),(0.57500002346932888,0.),(0.57500002346932888,0.84999997541308403),(0.,0.84999997541308403)));
#16914=IFCINDEXEDPOLYCURVE(#16915,(IFCLINEINDEX((1,2,3,4,1))),$);
#16915=IFCCARTESIANPOINTLIST2D(((0.035000000149011612,0.035000000149011612),(0.54000002332031727,0.035000000149011612),(0.54000002332031727,0.81499997526407242),(0.035000000149011612,0.81499997526407242)));
#16916=IFCAXIS2PLACEMENT3D(#16917,#16918,#16919);
#16917=IFCCARTESIANPOINT((0.60000002384185791,0.090000001713633537,0.02500000037252903));
#16918=IFCDIRECTION((0.,-1.,0.));
#16919=IFCDIRECTION((1.,0.,0.));
#16920=IFCDIRECTION((0.,0.,-1.));
#16921=IFCEXTRUDEDAREASOLID(#16922,#16925,#16929,0.01);
#16922=IFCARBITRARYCLOSEDPROFILEDEF(.AREA.,$,#16923);
#16923=IFCINDEXEDPOLYCURVE(#16924,(IFCLINEINDEX((1,2,3,4,1))),$);
#16924=IFCCARTESIANPOINTLIST2D(((0.035000000149011612,0.035000000149011612),(0.54000002332031727,0.035000000149011612),(0.54000002332031727,0.81499997526407242),(0.035000000149011612,0.81499997526407242)));
#16925=IFCAXIS2PLACEMENT3D(#16926,#16927,#16928);
#16926=IFCCARTESIANPOINT((0.60000002384185791,0.10250000178813934,0.02500000037252903));
#16927=IFCDIRECTION((0.,-1.,0.));
#16928=IFCDIRECTION((1.,0.,0.));
#16929=IFCDIRECTION((0.,0.,-1.));
#16930=IFCREPRESENTATIONMAP(#16931,#16935);
#16931=IFCAXIS2PLACEMENT3D(#16932,#16933,#16934);
#16932=IFCCARTESIANPOINT((0.,0.,0.));
#16933=IFCDIRECTION((0.,0.,1.));
#16934=IFCDIRECTION((1.,0.,0.));
#16935=IFCSHAPEREPRESENTATION(#24,'Body','Curve2D',(#16936,#16938,#16940,#16942,#16944,#16946,#16948,#16950,#16952,#16954,#16956,#16958,#16960,#16962,#16964,#16966));
#16936=IFCINDEXEDPOLYCURVE(#16937,$,$);
#16937=IFCCARTESIANPOINTLIST2D(((0.05000000074505806,0.05000000074505806),(0.57500002346932888,0.05000000074505806)));
#16938=IFCINDEXEDPOLYCURVE(#16939,(IFCLINEINDEX((1,2,3,4,5,6,1))),$);
#16939=IFCCARTESIANPOINTLIST2D(((0.,0.10000000149011612),(0.02500000037252903,0.10000000149011612),(0.02500000037252903,0.090000001713633537),(0.05000000074505806,0.090000001713633537),(0.05000000074505806,0.05000000074505806),(0.,0.05000000074505806)));
#16940=IFCINDEXEDPOLYCURVE(#16941,$,$);
#16941=IFCCARTESIANPOINTLIST2D(((0.60000002384185791,0.10000000149011612),(0.60000002384185791,0.10000000149011612),(0.60000002384185791,0.090000001713633537),(0.57500002346932888,0.090000001713633537),(0.57500002346932888,0.05000000074505806),(0.60000002384185791,0.05000000074505806)));
#16942=IFCINDEXEDPOLYCURVE(#16943,(IFCLINEINDEX((1,2,3,4,1))),$);
#16943=IFCCARTESIANPOINTLIST2D(((0.02500000037252903,0.090000001713633537),(0.060000000521540642,0.090000001713633537),(0.060000000521540642,0.12500000186264515),(0.02500000037252903,0.12500000186264515)));
#16944=IFCINDEXEDPOLYCURVE(#16945,(IFCLINEINDEX((1,2,3,4,1))),$);
#16945=IFCCARTESIANPOINTLIST2D(((0.60000002384185791,0.090000001713633537),(0.5650000236928463,0.090000001713633537),(0.5650000236928463,0.12500000186264515),(0.60000002384185791,0.12500000186264515)));
#16946=IFCINDEXEDPOLYCURVE(#16947,$,$);
#16947=IFCCARTESIANPOINTLIST2D(((0.060000000521540642,0.090000001713633537),(0.5650000236928463,0.090000001713633537)));
#16948=IFCINDEXEDPOLYCURVE(#16949,$,$);
#16949=IFCCARTESIANPOINTLIST2D(((0.060000000521540642,0.12500000186264515),(0.5650000236928463,0.12500000186264515)));
#16950=IFCINDEXEDPOLYCURVE(#16951,$,$);
#16951=IFCCARTESIANPOINTLIST2D(((0.060000000521540642,0.10750000178813934),(0.5650000236928463,0.10750000178813934)));
#16952=IFCINDEXEDPOLYCURVE(#16953,$,$);
#16953=IFCCARTESIANPOINTLIST2D(((0.62500002421438694,0.05000000074505806),(1.1500000469386578,0.05000000074505806)));
#16954=IFCINDEXEDPOLYCURVE(#16955,$,$);
#16955=IFCCARTESIANPOINTLIST2D(((0.60000002384185791,0.10000000149011612),(0.60000002384185791,0.10000000149011612),(0.60000002384185791,0.090000001713633537),(0.62500002421438694,0.090000001713633537),(0.62500002421438694,0.05000000074505806),(0.60000002384185791,0.05000000074505806)));
#16956=IFCINDEXEDPOLYCURVE(#16957,(IFCLINEINDEX((1,2,3,4,5,6,1))),$);
#16957=IFCCARTESIANPOINTLIST2D(((1.2000000476837158,0.10000000149011612),(1.1750000473111868,0.10000000149011612),(1.1750000473111868,0.090000001713633537),(1.1500000469386578,0.090000001713633537),(1.1500000469386578,0.05000000074505806),(1.2000000476837158,0.05000000074505806)));
#16958=IFCINDEXEDPOLYCURVE(#16959,(IFCLINEINDEX((1,2,3,4,1))),$);
#16959=IFCCARTESIANPOINTLIST2D(((0.60000002384185791,0.090000001713633537),(0.63500002399086952,0.090000001713633537),(0.63500002399086952,0.12500000186264515),(0.60000002384185791,0.12500000186264515)));
#16960=IFCINDEXEDPOLYCURVE(#16961,(IFCLINEINDEX((1,2,3,4,1))),$);
#16961=IFCCARTESIANPOINTLIST2D(((1.1750000473111868,0.090000001713633537),(1.1400000471621752,0.090000001713633537),(1.1400000471621752,0.12500000186264515),(1.1750000473111868,0.12500000186264515)));
#16962=IFCINDEXEDPOLYCURVE(#16963,$,$);
#16963=IFCCARTESIANPOINTLIST2D(((0.63500002399086952,0.090000001713633537),(1.1400000471621752,0.090000001713633537)));
#16964=IFCINDEXEDPOLYCURVE(#16965,$,$);
#16965=IFCCARTESIANPOINTLIST2D(((0.63500002399086952,0.12500000186264515),(1.1400000471621752,0.12500000186264515)));
#16966=IFCINDEXEDPOLYCURVE(#16967,$,$);
#16967=IFCCARTESIANPOINTLIST2D(((0.63500002399086952,0.10750000178813934),(1.1400000471621752,0.10750000178813934)));
#16968=IFCWINDOW('2RwC7FU_X6WR24VTysy2Cc',$,'Window',$,$,#17032,#16977,$,0.89999997615814209,0.80000001192092896,$,$,$);
#16969=IFCRELDEFINESBYTYPE('3GHKjQVpj7svcDlALhivtx',$,$,$,(#16968),#16455);
#16970=IFCCARTESIANPOINT((0.,0.,0.));
#16971=IFCDIRECTION((1.,0.,0.));
#16972=IFCDIRECTION((0.,1.,0.));
#16973=IFCDIRECTION((0.,0.,1.));
#16974=IFCCARTESIANTRANSFORMATIONOPERATOR3D(#16971,#16972,#16970,1.,#16973);
#16975=IFCMAPPEDITEM(#16458,#16974);
#16976=IFCSHAPEREPRESENTATION(#18,'Profile','MappedRepresentation',(#16975));
#16977=IFCPRODUCTDEFINITIONSHAPE($,$,(#16976,#16984,#16991));
#16978=IFCCARTESIANPOINT((0.,0.,0.));
#16979=IFCDIRECTION((1.,0.,0.));
#16980=IFCDIRECTION((0.,1.,0.));
#16981=IFCDIRECTION((0.,0.,1.));
#16982=IFCCARTESIANTRANSFORMATIONOPERATOR3D(#16979,#16980,#16978,1.,#16981);
#16983=IFCMAPPEDITEM(#16466,#16982);
#16984=IFCSHAPEREPRESENTATION(#11,'Body','MappedRepresentation',(#16983));
#16985=IFCCARTESIANPOINT((0.,0.,0.));
#16986=IFCDIRECTION((1.,0.,0.));
#16987=IFCDIRECTION((0.,1.,0.));
#16988=IFCDIRECTION((0.,0.,1.));
#16989=IFCCARTESIANTRANSFORMATIONOPERATOR3D(#16986,#16987,#16985,1.,#16988);
#16990=IFCMAPPEDITEM(#16514,#16989);
#16991=IFCSHAPEREPRESENTATION(#24,'Body','MappedRepresentation',(#16990));
#16992=IFCOPENINGELEMENT('0uNxfBs01AuvXeClNLijn$',$,'Opening',$,$,#17026,#17020,$,.OPENING.);
#16998=IFCCARTESIANPOINTLIST2D(((0.,0.),(0.80000001192092896,0.),(0.80000001192092896,0.89999997615814209),(0.,0.89999997615814209)));
#16999=IFCINDEXEDPOLYCURVE(#16998,(IFCLINEINDEX((1,2,3,4,1))),$);
#17000=IFCARBITRARYCLOSEDPROFILEDEF(.AREA.,$,#16999);
#17001=IFCCARTESIANPOINT((0.,-0.60000002384185791,0.));
#17002=IFCDIRECTION((0.,-1.,0.));
#17003=IFCDIRECTION((1.,0.,0.));
#17004=IFCAXIS2PLACEMENT3D(#17001,#17002,#17003);
#17005=IFCDIRECTION((0.,0.,-1.));
#17006=IFCEXTRUDEDAREASOLID(#17000,#17004,#17005,1.2);
#17007=IFCSHAPEREPRESENTATION(#11,'Body','SweptSolid',(#17006));
#17008=IFCCARTESIANPOINT((0.,0.,0.));
#17009=IFCDIRECTION((1.,0.,0.));
#17010=IFCDIRECTION((0.,0.,1.));
#17011=IFCAXIS2PLACEMENT3D(#17008,#17010,#17009);
#17012=IFCREPRESENTATIONMAP(#17011,#17007);
#17013=IFCCARTESIANPOINT((0.,0.,0.));
#17014=IFCDIRECTION((1.,0.,0.));
#17015=IFCDIRECTION((0.,1.,0.));
#17016=IFCDIRECTION((0.,0.,1.));
#17017=IFCCARTESIANTRANSFORMATIONOPERATOR3D(#17014,#17015,#17013,1.,#17016);
#17018=IFCMAPPEDITEM(#17012,#17017);
#17019=IFCSHAPEREPRESENTATION(#11,'Body','MappedRepresentation',(#17018));
#17020=IFCPRODUCTDEFINITIONSHAPE($,$,(#17019));
#17021=IFCRELVOIDSELEMENT('0TTqzBzSX16u$pXr9s1ojB',$,$,$,#11394,#16992);
#17022=IFCCARTESIANPOINT((6.8510620061330938,0.15000009797586111,1.));
#17023=IFCDIRECTION((0.,0.,1.));
#17024=IFCDIRECTION((-0.99999999999999956,3.1781351358776966E-08,0.));
#17025=IFCAXIS2PLACEMENT3D(#17022,#17023,#17024);
#17026=IFCLOCALPLACEMENT(#12094,#17025);
#17027=IFCRELFILLSELEMENT('3$EZ3RBeX4PA9iZUFUhPgv',$,$,$,#16992,#16968);
#17028=IFCCARTESIANPOINT((-2.2204460492503131E-16,-8.8817841970012523E-16,0.));
#17029=IFCDIRECTION((0.,0.,1.));
#17030=IFCDIRECTION((0.99999999999999978,2.1684043449710089E-19,0.));
#17031=IFCAXIS2PLACEMENT3D(#17028,#17029,#17030);
#17032=IFCLOCALPLACEMENT(#17026,#17031);
#17033=IFCWINDOW('1fDlXp$LP3iQw3WGaiJ$kd',$,'Window',$,$,#17097,#17042,$,0.89999997615814209,0.80000001192092896,$,$,$);
#17034=IFCRELDEFINESBYTYPE('0tjztgLW90uvph8PtdPiRL',$,$,$,(#17033),#16536);
#17035=IFCCARTESIANPOINT((0.,0.,0.));
#17036=IFCDIRECTION((1.,0.,0.));
#17037=IFCDIRECTION((0.,1.,0.));
#17038=IFCDIRECTION((0.,0.,1.));
#17039=IFCCARTESIANTRANSFORMATIONOPERATOR3D(#17036,#17037,#17035,1.,#17038);
#17040=IFCMAPPEDITEM(#16539,#17039);
#17041=IFCSHAPEREPRESENTATION(#18,'Profile','MappedRepresentation',(#17040));
#17042=IFCPRODUCTDEFINITIONSHAPE($,$,(#17041,#17049,#17056));
#17043=IFCCARTESIANPOINT((0.,0.,0.));
#17044=IFCDIRECTION((1.,0.,0.));
#17045=IFCDIRECTION((0.,1.,0.));
#17046=IFCDIRECTION((0.,0.,1.));
#17047=IFCCARTESIANTRANSFORMATIONOPERATOR3D(#17044,#17045,#17043,1.,#17046);
#17048=IFCMAPPEDITEM(#16547,#17047);
#17049=IFCSHAPEREPRESENTATION(#11,'Body','MappedRepresentation',(#17048));
#17050=IFCCARTESIANPOINT((0.,0.,0.));
#17051=IFCDIRECTION((1.,0.,0.));
#17052=IFCDIRECTION((0.,1.,0.));
#17053=IFCDIRECTION((0.,0.,1.));
#17054=IFCCARTESIANTRANSFORMATIONOPERATOR3D(#17051,#17052,#17050,1.,#17053);
#17055=IFCMAPPEDITEM(#16595,#17054);
#17056=IFCSHAPEREPRESENTATION(#24,'Body','MappedRepresentation',(#17055));
#17057=IFCOPENINGELEMENT('0jAwoO_wPErgp$1o37SNro',$,'Opening',$,$,#17091,#17085,$,.OPENING.);
#17063=IFCCARTESIANPOINTLIST2D(((0.,0.),(0.80000001192092896,0.),(0.80000001192092896,0.89999997615814209),(0.,0.89999997615814209)));
#17064=IFCINDEXEDPOLYCURVE(#17063,(IFCLINEINDEX((1,2,3,4,1))),$);
#17065=IFCARBITRARYCLOSEDPROFILEDEF(.AREA.,$,#17064);
#17066=IFCCARTESIANPOINT((0.,-0.60000002384185791,0.));
#17067=IFCDIRECTION((0.,-1.,0.));
#17068=IFCDIRECTION((1.,0.,0.));
#17069=IFCAXIS2PLACEMENT3D(#17066,#17067,#17068);
#17070=IFCDIRECTION((0.,0.,-1.));
#17071=IFCEXTRUDEDAREASOLID(#17065,#17069,#17070,1.2);
#17072=IFCSHAPEREPRESENTATION(#11,'Body','SweptSolid',(#17071));
#17073=IFCCARTESIANPOINT((0.,0.,0.));
#17074=IFCDIRECTION((1.,0.,0.));
#17075=IFCDIRECTION((0.,0.,1.));
#17076=IFCAXIS2PLACEMENT3D(#17073,#17075,#17074);
#17077=IFCREPRESENTATIONMAP(#17076,#17072);
#17078=IFCCARTESIANPOINT((0.,0.,0.));
#17079=IFCDIRECTION((1.,0.,0.));
#17080=IFCDIRECTION((0.,1.,0.));
#17081=IFCDIRECTION((0.,0.,1.));
#17082=IFCCARTESIANTRANSFORMATIONOPERATOR3D(#17079,#17080,#17078,1.,#17081);
#17083=IFCMAPPEDITEM(#17077,#17082);
#17084=IFCSHAPEREPRESENTATION(#11,'Body','MappedRepresentation',(#17083));
#17085=IFCPRODUCTDEFINITIONSHAPE($,$,(#17084));
#17086=IFCRELVOIDSELEMENT('1u_fpR3CHBdQLIRSXnShaU',$,$,$,#11394,#17057);
#17087=IFCCARTESIANPOINT((4.4314653656879752,0.1499999406237067,1.));
#17088=IFCDIRECTION((0.,0.,1.));
#17089=IFCDIRECTION((-0.99999999999999956,3.1781351358776966E-08,0.));
#17090=IFCAXIS2PLACEMENT3D(#17087,#17088,#17089);
#17091=IFCLOCALPLACEMENT(#12094,#17090);
#17092=IFCRELFILLSELEMENT('0G8Fx8rSr2wudd1EzLFwJn',$,$,$,#17057,#17033);
#17093=IFCCARTESIANPOINT((0.,-4.4408920985006262E-16,0.));
#17094=IFCDIRECTION((0.,0.,1.));
#17095=IFCDIRECTION((0.99999999999999978,2.1684043449710089E-19,0.));
#17096=IFCAXIS2PLACEMENT3D(#17093,#17094,#17095);
#17097=IFCLOCALPLACEMENT(#17091,#17096);
#17098=IFCWINDOW('1aCINhrIj2Wh620kny3D6M',$,'Window',$,$,#17162,#17107,$,0.89999997615814209,0.80000001192092896,$,$,$);
#17099=IFCRELDEFINESBYTYPE('2BXkpieEXDV8IFwC4eubF7',$,$,$,(#17098),#16752);
#17100=IFCCARTESIANPOINT((0.,0.,0.));
#17101=IFCDIRECTION((1.,0.,0.));
#17102=IFCDIRECTION((0.,1.,0.));
#17103=IFCDIRECTION((0.,0.,1.));
#17104=IFCCARTESIANTRANSFORMATIONOPERATOR3D(#17101,#17102,#17100,1.,#17103);
#17105=IFCMAPPEDITEM(#16755,#17104);
#17106=IFCSHAPEREPRESENTATION(#18,'Profile','MappedRepresentation',(#17105));
#17107=IFCPRODUCTDEFINITIONSHAPE($,$,(#17106,#17114,#17121));
#17108=IFCCARTESIANPOINT((0.,0.,0.));
#17109=IFCDIRECTION((1.,0.,0.));
#17110=IFCDIRECTION((0.,1.,0.));
#17111=IFCDIRECTION((0.,0.,1.));
#17112=IFCCARTESIANTRANSFORMATIONOPERATOR3D(#17109,#17110,#17108,1.,#17111);
#17113=IFCMAPPEDITEM(#16763,#17112);
#17114=IFCSHAPEREPRESENTATION(#11,'Body','MappedRepresentation',(#17113));
#17115=IFCCARTESIANPOINT((0.,0.,0.));
#17116=IFCDIRECTION((1.,0.,0.));
#17117=IFCDIRECTION((0.,1.,0.));
#17118=IFCDIRECTION((0.,0.,1.));
#17119=IFCCARTESIANTRANSFORMATIONOPERATOR3D(#17116,#17117,#17115,1.,#17118);
#17120=IFCMAPPEDITEM(#16811,#17119);
#17121=IFCSHAPEREPRESENTATION(#24,'Body','MappedRepresentation',(#17120));
#17122=IFCOPENINGELEMENT('1$ddXDIyPFtAs3WwjBM93n',$,'Opening',$,$,#17156,#17150,$,.OPENING.);
#17128=IFCCARTESIANPOINTLIST2D(((0.,0.),(0.80000001192092896,0.),(0.80000001192092896,0.89999997615814209),(0.,0.89999997615814209)));
#17129=IFCINDEXEDPOLYCURVE(#17128,(IFCLINEINDEX((1,2,3,4,1))),$);
#17130=IFCARBITRARYCLOSEDPROFILEDEF(.AREA.,$,#17129);
#17131=IFCCARTESIANPOINT((0.,-0.60000002384185791,0.));
#17132=IFCDIRECTION((0.,-1.,0.));
#17133=IFCDIRECTION((1.,0.,0.));
#17134=IFCAXIS2PLACEMENT3D(#17131,#17132,#17133);
#17135=IFCDIRECTION((0.,0.,-1.));
#17136=IFCEXTRUDEDAREASOLID(#17130,#17134,#17135,1.2);
#17137=IFCSHAPEREPRESENTATION(#11,'Body','SweptSolid',(#17136));
#17138=IFCCARTESIANPOINT((0.,0.,0.));
#17139=IFCDIRECTION((1.,0.,0.));
#17140=IFCDIRECTION((0.,0.,1.));
#17141=IFCAXIS2PLACEMENT3D(#17138,#17140,#17139);
#17142=IFCREPRESENTATIONMAP(#17141,#17137);
#17143=IFCCARTESIANPOINT((0.,0.,0.));
#17144=IFCDIRECTION((1.,0.,0.));
#17145=IFCDIRECTION((0.,1.,0.));
#17146=IFCDIRECTION((0.,0.,1.));
#17147=IFCCARTESIANTRANSFORMATIONOPERATOR3D(#17144,#17145,#17143,1.,#17146);
#17148=IFCMAPPEDITEM(#17142,#17147);
#17149=IFCSHAPEREPRESENTATION(#11,'Body','MappedRepresentation',(#17148));
#17150=IFCPRODUCTDEFINITIONSHAPE($,$,(#17149));
#17151=IFCRELVOIDSELEMENT('1yCs6GAjL3BBwdjGzwR2d0',$,$,$,#11394,#17122);
#17152=IFCCARTESIANPOINT((2.3045104108581684,0.14999995358430063,1.));
#17153=IFCDIRECTION((0.,0.,1.));
#17154=IFCDIRECTION((-0.99999999999999956,3.1781351358776966E-08,0.));
#17155=IFCAXIS2PLACEMENT3D(#17152,#17153,#17154);
#17156=IFCLOCALPLACEMENT(#12094,#17155);
#17157=IFCRELFILLSELEMENT('09ZNsKzX96gg9wEtW0nDOK',$,$,$,#17122,#17098);
#17158=IFCCARTESIANPOINT((0.,-4.4408920985006262E-16,0.));
#17159=IFCDIRECTION((0.,0.,1.));
#17160=IFCDIRECTION((0.99999999999999978,2.1684043449710089E-19,0.));
#17161=IFCAXIS2PLACEMENT3D(#17158,#17159,#17160);
#17162=IFCLOCALPLACEMENT(#17156,#17161);
#17163=IFCWINDOW('2FABLtSDH3pfF3tTz0SXyd',$,'Window',$,$,#17440,#17172,$,0.89999997615814209,1.2000000476837158,$,.DOUBLE_PANEL_VERTICAL.,$);
#17164=IFCRELDEFINESBYTYPE('3pW_Rtq_DBRwhHVou4NFQ1',$,$,$,(#17163),#16617);
#17165=IFCCARTESIANPOINT((0.,0.,0.));
#17166=IFCDIRECTION((1.,0.,0.));
#17167=IFCDIRECTION((0.,1.,0.));
#17168=IFCDIRECTION((0.,0.,1.));
#17169=IFCCARTESIANTRANSFORMATIONOPERATOR3D(#17166,#17167,#17165,1.,#17168);
#17170=IFCMAPPEDITEM(#16620,#17169);
#17171=IFCSHAPEREPRESENTATION(#18,'Profile','MappedRepresentation',(#17170));
#17172=IFCPRODUCTDEFINITIONSHAPE($,$,(#17171,#17179,#17186));
#17173=IFCCARTESIANPOINT((0.,0.,0.));
#17174=IFCDIRECTION((1.,0.,0.));
#17175=IFCDIRECTION((0.,1.,0.));
#17176=IFCDIRECTION((0.,0.,1.));
#17177=IFCCARTESIANTRANSFORMATIONOPERATOR3D(#17174,#17175,#17173,1.,#17176);
#17178=IFCMAPPEDITEM(#16628,#17177);
#17179=IFCSHAPEREPRESENTATION(#11,'Body','MappedRepresentation',(#17178));
#17180=IFCCARTESIANPOINT((0.,0.,0.));
#17181=IFCDIRECTION((1.,0.,0.));
#17182=IFCDIRECTION((0.,1.,0.));
#17183=IFCDIRECTION((0.,0.,1.));
#17184=IFCCARTESIANTRANSFORMATIONOPERATOR3D(#17181,#17182,#17180,1.,#17183);
#17185=IFCMAPPEDITEM(#16714,#17184);
#17186=IFCSHAPEREPRESENTATION(#24,'Body','MappedRepresentation',(#17185));
#17187=IFCOPENINGELEMENT('0jVuTa_kXAqxkLLDBpM_8g',$,'Opening',$,$,#17435,#17215,$,.OPENING.);
#17203=IFCCARTESIANPOINT((0.,0.,0.));
#17204=IFCDIRECTION((1.,0.,0.));
#17205=IFCDIRECTION((0.,0.,1.));
#17206=IFCAXIS2PLACEMENT3D(#17203,#17205,#17204);
#17207=IFCREPRESENTATIONMAP(#17206,#17425);
#17208=IFCCARTESIANPOINT((0.,0.,0.));
#17209=IFCDIRECTION((1.,0.,0.));
#17210=IFCDIRECTION((0.,1.,0.));
#17211=IFCDIRECTION((0.,0.,1.));
#17212=IFCCARTESIANTRANSFORMATIONOPERATOR3D(#17209,#17210,#17208,1.,#17211);
#17213=IFCMAPPEDITEM(#17207,#17212);
#17214=IFCSHAPEREPRESENTATION(#11,'Body','MappedRepresentation',(#17213));
#17215=IFCPRODUCTDEFINITIONSHAPE($,$,(#17214));
#17216=IFCRELVOIDSELEMENT('2B1XUFhbv3$QvKKcgPymhg',$,$,$,#11620,#17187);
#17222=IFCRELFILLSELEMENT('3nA3FbI0z0mx610lLhC1WS',$,$,$,#17187,#17163);
#17228=IFCWINDOW('0$bxD7inL67AQnW_Riqk5A',$,'Window',$,$,#17292,#17237,$,0.89999997615814209,1.2000000476837158,$,$,$);
#17229=IFCRELDEFINESBYTYPE('2q3nVU_49BFwUg55FzBz9v',$,$,$,(#17228),#16833);
#17230=IFCCARTESIANPOINT((0.,0.,0.));
#17231=IFCDIRECTION((1.,0.,0.));
#17232=IFCDIRECTION((0.,1.,0.));
#17233=IFCDIRECTION((0.,0.,1.));
#17234=IFCCARTESIANTRANSFORMATIONOPERATOR3D(#17231,#17232,#17230,1.,#17233);
#17235=IFCMAPPEDITEM(#16836,#17234);
#17236=IFCSHAPEREPRESENTATION(#18,'Profile','MappedRepresentation',(#17235));
#17237=IFCPRODUCTDEFINITIONSHAPE($,$,(#17236,#17244,#17251));
#17238=IFCCARTESIANPOINT((0.,0.,0.));
#17239=IFCDIRECTION((1.,0.,0.));
#17240=IFCDIRECTION((0.,1.,0.));
#17241=IFCDIRECTION((0.,0.,1.));
#17242=IFCCARTESIANTRANSFORMATIONOPERATOR3D(#17239,#17240,#17238,1.,#17241);
#17243=IFCMAPPEDITEM(#16844,#17242);
#17244=IFCSHAPEREPRESENTATION(#11,'Body','MappedRepresentation',(#17243));
#17245=IFCCARTESIANPOINT((0.,0.,0.));
#17246=IFCDIRECTION((1.,0.,0.));
#17247=IFCDIRECTION((0.,1.,0.));
#17248=IFCDIRECTION((0.,0.,1.));
#17249=IFCCARTESIANTRANSFORMATIONOPERATOR3D(#17246,#17247,#17245,1.,#17248);
#17250=IFCMAPPEDITEM(#16930,#17249);
#17251=IFCSHAPEREPRESENTATION(#24,'Body','MappedRepresentation',(#17250));
#17252=IFCOPENINGELEMENT('1KDOMOfOr1AwUy9HanU7uC',$,'Opening',$,$,#17286,#17280,$,.OPENING.);
#17258=IFCCARTESIANPOINTLIST2D(((0.,0.),(1.2000000476837158,0.),(1.2000000476837158,0.89999997615814209),(0.,0.89999997615814209)));
#17259=IFCINDEXEDPOLYCURVE(#17258,(IFCLINEINDEX((1,2,3,4,1))),$);
#17260=IFCARBITRARYCLOSEDPROFILEDEF(.AREA.,$,#17259);
#17261=IFCCARTESIANPOINT((0.,-0.60000002384185791,0.));
#17262=IFCDIRECTION((0.,-1.,0.));
#17263=IFCDIRECTION((1.,0.,0.));
#17264=IFCAXIS2PLACEMENT3D(#17261,#17262,#17263);
#17265=IFCDIRECTION((0.,0.,-1.));
#17266=IFCEXTRUDEDAREASOLID(#17260,#17264,#17265,1.2);
#17267=IFCSHAPEREPRESENTATION(#11,'Body','SweptSolid',(#17266));
#17268=IFCCARTESIANPOINT((0.,0.,0.));
#17269=IFCDIRECTION((1.,0.,0.));
#17270=IFCDIRECTION((0.,0.,1.));
#17271=IFCAXIS2PLACEMENT3D(#17268,#17270,#17269);
#17272=IFCREPRESENTATIONMAP(#17271,#17267);
#17273=IFCCARTESIANPOINT((0.,0.,0.));
#17274=IFCDIRECTION((1.,0.,0.));
#17275=IFCDIRECTION((0.,1.,0.));
#17276=IFCDIRECTION((0.,0.,1.));
#17277=IFCCARTESIANTRANSFORMATIONOPERATOR3D(#17274,#17275,#17273,1.,#17276);
#17278=IFCMAPPEDITEM(#17272,#17277);
#17279=IFCSHAPEREPRESENTATION(#11,'Body','MappedRepresentation',(#17278));
#17280=IFCPRODUCTDEFINITIONSHAPE($,$,(#17279));
#17281=IFCRELVOIDSELEMENT('0qTQonpeX1z81hj9vr3Be0',$,$,$,#11520,#17252);
#17282=IFCCARTESIANPOINT((1.4867376844298772,0.15000009536743164,1.));
#17283=IFCDIRECTION((0.,0.,1.));
#17284=IFCDIRECTION((-0.99999999999998868,1.5099580252808492E-07,0.));
#17285=IFCAXIS2PLACEMENT3D(#17282,#17283,#17284);
#17286=IFCLOCALPLACEMENT(#11921,#17285);
#17287=IFCRELFILLSELEMENT('3pI7QJlbL0kO9V4GJjJ1l4',$,$,$,#17252,#17228);
#17288=IFCCARTESIANPOINT((-4.4408920985006262E-16,0.,0.));
#17289=IFCDIRECTION((0.,0.,1.));
#17290=IFCDIRECTION((1.,0.,0.));
#17291=IFCAXIS2PLACEMENT3D(#17288,#17289,#17290);
#17292=IFCLOCALPLACEMENT(#17286,#17291);
#17293=IFCCARTESIANPOINTLIST3D(((0.,0.,0.),(1.2000000476837158,0.,0.),(1.2000000476837158,0.,0.89999997615814209),(0.,0.,0.89999997615814209)));
#17294=IFCINDEXEDPOLYCURVE(#17293,(IFCLINEINDEX((1,2,3,4,1))),$);
#17295=IFCSHAPEREPRESENTATION(#18,'Profile','Curve3D',(#17294));
#17296=IFCCARTESIANPOINTLIST2D(((0.60000002384185791,0.),(0.,0.),(0.,0.89999997615814209),(0.60000002384185791,0.89999997615814209),(0.60000002384185791,0.87499997578561306),(0.02500000037252903,0.87499997578561306),(0.02500000037252903,0.02500000037252903),(0.60000002384185791,0.02500000037252903)));
#17297=IFCINDEXEDPOLYCURVE(#17296,(IFCLINEINDEX((1,2,3,4,5,6,7,8,1))),$);
#17298=IFCARBITRARYCLOSEDPROFILEDEF(.AREA.,$,#17297);
#17299=IFCCARTESIANPOINT((0.,0.090000001713633537,0.));
#17300=IFCDIRECTION((0.,-1.,0.));
#17301=IFCDIRECTION((1.,0.,0.));
#17302=IFCAXIS2PLACEMENT3D(#17299,#17300,#17301);
#17303=IFCDIRECTION((0.,0.,-1.));
#17304=IFCEXTRUDEDAREASOLID(#17298,#17302,#17303,0.0099999997764825821);
#17305=IFCCARTESIANPOINTLIST2D(((0.,0.),(0.60000002384185791,0.),(0.60000002384185791,0.89999997615814209),(0.,0.89999997615814209)));
#17306=IFCINDEXEDPOLYCURVE(#17305,(IFCLINEINDEX((1,2,3,4,1))),$);
#17307=IFCCARTESIANPOINTLIST2D(((0.05000000074505806,0.05000000074505806),(0.57500002346932888,0.05000000074505806),(0.57500002346932888,0.84999997541308403),(0.05000000074505806,0.84999997541308403)));
#17308=IFCINDEXEDPOLYCURVE(#17307,(IFCLINEINDEX((1,2,3,4,1))),$);
#17309=IFCARBITRARYPROFILEDEFWITHVOIDS(.AREA.,$,#17306,(#17308));
#17310=IFCCARTESIANPOINT((0.,0.05000000074505806,0.));
#17311=IFCDIRECTION((0.,-1.,0.));
#17312=IFCDIRECTION((1.,0.,0.));
#17313=IFCAXIS2PLACEMENT3D(#17310,#17311,#17312);
#17314=IFCDIRECTION((0.,0.,-1.));
#17315=IFCEXTRUDEDAREASOLID(#17309,#17313,#17314,0.040000000968575478);
#17316=IFCCARTESIANPOINTLIST2D(((0.,0.),(0.57500002346932888,0.),(0.57500002346932888,0.84999997541308403),(0.,0.84999997541308403)));
#17317=IFCINDEXEDPOLYCURVE(#17316,(IFCLINEINDEX((1,2,3,4,1))),$);
#17318=IFCCARTESIANPOINTLIST2D(((0.035000000149011612,0.035000000149011612),(0.54000002332031727,0.035000000149011612),(0.54000002332031727,0.81499997526407242),(0.035000000149011612,0.81499997526407242)));
#17319=IFCINDEXEDPOLYCURVE(#17318,(IFCLINEINDEX((1,2,3,4,1))),$);
#17320=IFCARBITRARYPROFILEDEFWITHVOIDS(.AREA.,$,#17317,(#17319));
#17321=IFCCARTESIANPOINT((0.02500000037252903,0.090000001713633537,0.02500000037252903));
#17322=IFCDIRECTION((0.,-1.,0.));
#17323=IFCDIRECTION((1.,0.,0.));
#17324=IFCAXIS2PLACEMENT3D(#17321,#17322,#17323);
#17325=IFCDIRECTION((0.,0.,-1.));
#17326=IFCEXTRUDEDAREASOLID(#17320,#17324,#17325,0.035000000149011612);
#17327=IFCINDEXEDPOLYCURVE(#17328,(IFCLINEINDEX((1,2,3,4,1))),$);
#17328=IFCCARTESIANPOINTLIST2D(((0.035000000149011612,0.035000000149011612),(0.54000002332031727,0.035000000149011612),(0.54000002332031727,0.81499997526407242),(0.035000000149011612,0.81499997526407242)));
#17329=IFCARBITRARYCLOSEDPROFILEDEF(.AREA.,$,#17327);
#17330=IFCCARTESIANPOINT((0.02500000037252903,0.10250000178813934,0.02500000037252903));
#17331=IFCDIRECTION((0.,-1.,0.));
#17332=IFCDIRECTION((1.,0.,0.));
#17333=IFCAXIS2PLACEMENT3D(#17330,#17331,#17332);
#17334=IFCDIRECTION((0.,0.,-1.));
#17335=IFCEXTRUDEDAREASOLID(#17329,#17333,#17334,0.01);
#17336=IFCCARTESIANPOINTLIST2D(((0.,0.89999997615814209),(0.60000002384185791,0.89999997615814209),(0.60000002384185791,0.),(0.,0.),(0.,0.02500000037252903),(0.57500002346932888,0.02500000037252903),(0.57500002346932888,0.87499997578561306),(0.,0.87499997578561306)));
#17337=IFCINDEXEDPOLYCURVE(#17336,(IFCLINEINDEX((1,2,3,4,5,6,7,8,1))),$);
#17338=IFCARBITRARYCLOSEDPROFILEDEF(.AREA.,$,#17337);
#17339=IFCCARTESIANPOINT((0.60000002384185791,0.090000001713633537,0.));
#17340=IFCDIRECTION((0.,-1.,0.));
#17341=IFCDIRECTION((1.,0.,0.));
#17342=IFCAXIS2PLACEMENT3D(#17339,#17340,#17341);
#17343=IFCDIRECTION((0.,0.,-1.));
#17344=IFCEXTRUDEDAREASOLID(#17338,#17342,#17343,0.0099999997764825821);
#17345=IFCCARTESIANPOINTLIST2D(((0.,0.),(0.60000002384185791,0.),(0.60000002384185791,0.89999997615814209),(0.,0.89999997615814209)));
#17346=IFCINDEXEDPOLYCURVE(#17345,(IFCLINEINDEX((1,2,3,4,1))),$);
#17347=IFCCARTESIANPOINTLIST2D(((0.02500000037252903,0.05000000074505806),(0.55000002309679985,0.05000000074505806),(0.55000002309679985,0.84999997541308403),(0.02500000037252903,0.84999997541308403)));
#17348=IFCINDEXEDPOLYCURVE(#17347,(IFCLINEINDEX((1,2,3,4,1))),$);
#17349=IFCARBITRARYPROFILEDEFWITHVOIDS(.AREA.,$,#17346,(#17348));
#17350=IFCCARTESIANPOINT((0.60000002384185791,0.05000000074505806,0.));
#17351=IFCDIRECTION((0.,-1.,0.));
#17352=IFCDIRECTION((1.,0.,0.));
#17353=IFCAXIS2PLACEMENT3D(#17350,#17351,#17352);
#17354=IFCDIRECTION((0.,0.,-1.));
#17355=IFCEXTRUDEDAREASOLID(#17349,#17353,#17354,0.040000000968575478);
#17356=IFCCARTESIANPOINTLIST2D(((0.,0.),(0.57500002346932888,0.),(0.57500002346932888,0.84999997541308403),(0.,0.84999997541308403)));
#17357=IFCINDEXEDPOLYCURVE(#17356,(IFCLINEINDEX((1,2,3,4,1))),$);
#17358=IFCCARTESIANPOINTLIST2D(((0.035000000149011612,0.035000000149011612),(0.54000002332031727,0.035000000149011612),(0.54000002332031727,0.81499997526407242),(0.035000000149011612,0.81499997526407242)));
#17359=IFCINDEXEDPOLYCURVE(#17358,(IFCLINEINDEX((1,2,3,4,1))),$);
#17360=IFCARBITRARYPROFILEDEFWITHVOIDS(.AREA.,$,#17357,(#17359));
#17361=IFCCARTESIANPOINT((0.60000002384185791,0.090000001713633537,0.02500000037252903));
#17362=IFCDIRECTION((0.,-1.,0.));
#17363=IFCDIRECTION((1.,0.,0.));
#17364=IFCAXIS2PLACEMENT3D(#17361,#17362,#17363);
#17365=IFCDIRECTION((0.,0.,-1.));
#17366=IFCEXTRUDEDAREASOLID(#17360,#17364,#17365,0.035000000149011612);
#17367=IFCINDEXEDPOLYCURVE(#17368,(IFCLINEINDEX((1,2,3,4,1))),$);
#17368=IFCCARTESIANPOINTLIST2D(((0.035000000149011612,0.035000000149011612),(0.54000002332031727,0.035000000149011612),(0.54000002332031727,0.81499997526407242),(0.035000000149011612,0.81499997526407242)));
#17369=IFCARBITRARYCLOSEDPROFILEDEF(.AREA.,$,#17367);
#17370=IFCCARTESIANPOINT((0.60000002384185791,0.10250000178813934,0.02500000037252903));
#17371=IFCDIRECTION((0.,-1.,0.));
#17372=IFCDIRECTION((1.,0.,0.));
#17373=IFCAXIS2PLACEMENT3D(#17370,#17371,#17372);
#17374=IFCDIRECTION((0.,0.,-1.));
#17375=IFCEXTRUDEDAREASOLID(#17369,#17373,#17374,0.01);
#17376=IFCSHAPEREPRESENTATION(#11,'Body','SweptSolid',(#17304,#17315,#17326,#17335,#17344,#17355,#17366,#17375));
#17377=IFCSHAPEREPRESENTATION(#11,'Body','SweptSolid',(#17304,#17315,#17344,#17355));
#17378=IFCSHAPEASPECT((#17377),'Lining',$,.T.,#17172);
#17379=IFCSHAPEREPRESENTATION(#11,'Body','SweptSolid',(#17326,#17366));
#17380=IFCSHAPEASPECT((#17379),'Framing',$,.T.,#17172);
#17381=IFCSHAPEREPRESENTATION(#11,'Body','SweptSolid',(#17335,#17375));
#17382=IFCSHAPEASPECT((#17381),'Glazing',$,.T.,#17172);
#17383=IFCCARTESIANPOINTLIST2D(((0.05000000074505806,0.05000000074505806),(0.57500002346932888,0.05000000074505806)));
#17384=IFCINDEXEDPOLYCURVE(#17383,$,$);
#17385=IFCCARTESIANPOINTLIST2D(((0.,0.10000000149011612),(0.02500000037252903,0.10000000149011612),(0.02500000037252903,0.090000001713633537),(0.05000000074505806,0.090000001713633537),(0.05000000074505806,0.05000000074505806),(0.,0.05000000074505806)));
#17386=IFCINDEXEDPOLYCURVE(#17385,(IFCLINEINDEX((1,2,3,4,5,6,1))),$);
#17387=IFCCARTESIANPOINTLIST2D(((0.60000002384185791,0.10000000149011612),(0.60000002384185791,0.10000000149011612),(0.60000002384185791,0.090000001713633537),(0.57500002346932888,0.090000001713633537),(0.57500002346932888,0.05000000074505806),(0.60000002384185791,0.05000000074505806)));
#17388=IFCINDEXEDPOLYCURVE(#17387,$,$);
#17389=IFCCARTESIANPOINTLIST2D(((0.02500000037252903,0.090000001713633537),(0.060000000521540642,0.090000001713633537),(0.060000000521540642,0.12500000186264515),(0.02500000037252903,0.12500000186264515)));
#17390=IFCINDEXEDPOLYCURVE(#17389,(IFCLINEINDEX((1,2,3,4,1))),$);
#17391=IFCINDEXEDPOLYCURVE(#17392,(IFCLINEINDEX((1,2,3,4,1))),$);
#17392=IFCCARTESIANPOINTLIST2D(((0.60000002384185791,0.090000001713633537),(0.5650000236928463,0.090000001713633537),(0.5650000236928463,0.12500000186264515),(0.60000002384185791,0.12500000186264515)));
#17393=IFCCARTESIANPOINTLIST2D(((0.060000000521540642,0.090000001713633537),(0.5650000236928463,0.090000001713633537)));
#17394=IFCINDEXEDPOLYCURVE(#17393,$,$);
#17395=IFCINDEXEDPOLYCURVE(#17396,$,$);
#17396=IFCCARTESIANPOINTLIST2D(((0.060000000521540642,0.12500000186264515),(0.5650000236928463,0.12500000186264515)));
#17397=IFCINDEXEDPOLYCURVE(#17398,$,$);
#17398=IFCCARTESIANPOINTLIST2D(((0.060000000521540642,0.10750000178813934),(0.5650000236928463,0.10750000178813934)));
#17399=IFCCARTESIANPOINTLIST2D(((0.62500002421438694,0.05000000074505806),(1.1500000469386578,0.05000000074505806)));
#17400=IFCINDEXEDPOLYCURVE(#17399,$,$);
#17401=IFCCARTESIANPOINTLIST2D(((0.60000002384185791,0.10000000149011612),(0.60000002384185791,0.10000000149011612),(0.60000002384185791,0.090000001713633537),(0.62500002421438694,0.090000001713633537),(0.62500002421438694,0.05000000074505806),(0.60000002384185791,0.05000000074505806)));
#17402=IFCINDEXEDPOLYCURVE(#17401,$,$);
#17403=IFCCARTESIANPOINTLIST2D(((1.2000000476837158,0.10000000149011612),(1.1750000473111868,0.10000000149011612),(1.1750000473111868,0.090000001713633537),(1.1500000469386578,0.090000001713633537),(1.1500000469386578,0.05000000074505806),(1.2000000476837158,0.05000000074505806)));
#17404=IFCINDEXEDPOLYCURVE(#17403,(IFCLINEINDEX((1,2,3,4,5,6,1))),$);
#17405=IFCCARTESIANPOINTLIST2D(((0.60000002384185791,0.090000001713633537),(0.63500002399086952,0.090000001713633537),(0.63500002399086952,0.12500000186264515),(0.60000002384185791,0.12500000186264515)));
#17406=IFCINDEXEDPOLYCURVE(#17405,(IFCLINEINDEX((1,2,3,4,1))),$);
#17407=IFCINDEXEDPOLYCURVE(#17408,(IFCLINEINDEX((1,2,3,4,1))),$);
#17408=IFCCARTESIANPOINTLIST2D(((1.1750000473111868,0.090000001713633537),(1.1400000471621752,0.090000001713633537),(1.1400000471621752,0.12500000186264515),(1.1750000473111868,0.12500000186264515)));
#17409=IFCCARTESIANPOINTLIST2D(((0.63500002399086952,0.090000001713633537),(1.1400000471621752,0.090000001713633537)));
#17410=IFCINDEXEDPOLYCURVE(#17409,$,$);
#17411=IFCINDEXEDPOLYCURVE(#17412,$,$);
#17412=IFCCARTESIANPOINTLIST2D(((0.63500002399086952,0.12500000186264515),(1.1400000471621752,0.12500000186264515)));
#17413=IFCINDEXEDPOLYCURVE(#17414,$,$);
#17414=IFCCARTESIANPOINTLIST2D(((0.63500002399086952,0.10750000178813934),(1.1400000471621752,0.10750000178813934)));
#17415=IFCSHAPEREPRESENTATION(#24,'Body','Curve2D',(#17384,#17386,#17388,#17390,#17391,#17394,#17395,#17397,#17400,#17402,#17404,#17406,#17407,#17410,#17411,#17413));
#17416=IFCCARTESIANPOINTLIST2D(((0.,0.),(1.2000000476837158,0.),(1.2000000476837158,0.89999997615814209),(0.,0.89999997615814209)));
#17417=IFCINDEXEDPOLYCURVE(#17416,(IFCLINEINDEX((1,2,3,4,1))),$);
#17418=IFCARBITRARYCLOSEDPROFILEDEF(.AREA.,$,#17417);
#17419=IFCCARTESIANPOINT((0.,-0.60000002384185791,0.));
#17420=IFCDIRECTION((0.,-1.,0.));
#17421=IFCDIRECTION((1.,0.,0.));
#17422=IFCAXIS2PLACEMENT3D(#17419,#17420,#17421);
#17423=IFCDIRECTION((0.,0.,-1.));
#17424=IFCEXTRUDEDAREASOLID(#17418,#17422,#17423,1.2);
#17425=IFCSHAPEREPRESENTATION(#11,'Body','SweptSolid',(#17424));
#17431=IFCCARTESIANPOINT((1.6072097489137231,0.15000022071017849,1.));
#17432=IFCDIRECTION((0.,0.,1.));
#17433=IFCDIRECTION((-0.99999999999999611,8.7311369967747049E-08,0.));
#17434=IFCAXIS2PLACEMENT3D(#17431,#17432,#17433);
#17435=IFCLOCALPLACEMENT(#12049,#17434);
#17436=IFCCARTESIANPOINT((-6.6613381477509392E-16,-8.8817841970012523E-16,0.));
#17437=IFCDIRECTION((0.,0.,1.));
#17438=IFCDIRECTION((1.,2.1684043449710089E-19,0.));
#17439=IFCAXIS2PLACEMENT3D(#17436,#17437,#17438);
#17440=IFCLOCALPLACEMENT(#17435,#17439);
#17458=IFCCARTESIANPOINT((0.,0.,6.));
#17459=IFCDIRECTION((0.,0.,1.));
#17460=IFCDIRECTION((1.,0.,0.));
#17461=IFCAXIS2PLACEMENT3D(#17458,#17459,#17460);
#17462=IFCLOCALPLACEMENT(#56,#17461);
#17463=IFCSLAB('1eG0KRVcL6teczFGoFdvGc',$,'Slab',$,$,#17471,#17478,$,$);
#17465=IFCMATERIALLAYERSETUSAGE(#3431,.AXIS3.,.POSITIVE.,-0.10000000149011612,$);
#17466=IFCRELASSOCIATESMATERIAL('23mDLHLWr08ALSH0q7csYV',$,$,$,(#17463),#17465);
#17467=IFCCARTESIANPOINT((-3.2921898365020752,5.5503935813903809,0.));
#17468=IFCDIRECTION((0.,0.,1.));
#17469=IFCDIRECTION((1.,0.,0.));
#17470=IFCAXIS2PLACEMENT3D(#17467,#17468,#17469);
#17471=IFCLOCALPLACEMENT(#17462,#17470);
#17472=IFCCARTESIANPOINTLIST2D(((0.,0.),(3.5012156963348389,-0.0058178901672363281),(3.4999997615814209,0.96999931335449219),(7.5100021362304688,0.97000026702880859),(7.5100002288818359,-8.6600008010864258),(5.1200013160705566,-8.6600008010864258),(5.1188960075378418,-7.7447128295898438),(3.5500011444091797,-7.7500009536743164),(3.5500011444091797,-7.1720309257507324),(-0.0099990367889404297,-7.1700015068054199),(0.,0.)));
#17473=IFCINDEXEDPOLYCURVE(#17472,$,$);
#17474=IFCDIRECTION((0.,0.,1.));
#17475=IFCARBITRARYCLOSEDPROFILEDEF(.AREA.,$,#17473);
#17476=IFCEXTRUDEDAREASOLID(#17475,#17485,#17474,0.10000000000000001);
#17477=IFCSHAPEREPRESENTATION(#11,'Body','SweptSolid',(#17476));
#17478=IFCPRODUCTDEFINITIONSHAPE($,$,(#17477));
#17479=IFCPROPERTYSET('3glNVCIkH5Hh9BNGGtzz7T',$,'EPset_Parametric',$,(#17481));
#17480=IFCRELDEFINESBYPROPERTIES('3rpZ2VVj1FSBprRbw_mhZH',$,$,$,(#17463),#17479);
#17481=IFCPROPERTYSINGLEVALUE('Engine',$,IFCLABEL('Bonsai.DumbLayer3'),$);
#17482=IFCCARTESIANPOINT((-0.,-0.,-0.10000000149011612));
#17483=IFCDIRECTION((0.,0.,1.));
#17484=IFCDIRECTION((1.,0.,0.));
#17485=IFCAXIS2PLACEMENT3D(#17482,#17483,#17484);
#17486=IFCROOF('0WtLGbD0HFhACfdSOXM83Y',$,'Roof',$,$,#17512,#17495,$,$);
#17487=IFCRELDEFINESBYTYPE('0XXL5eXDP6uehey6m0SdbA',$,$,$,(#17486,#17607),#7929);
#17488=IFCCARTESIANPOINT((0.,0.,0.));
#17489=IFCDIRECTION((1.,0.,0.));
#17490=IFCDIRECTION((0.,1.,0.));
#17491=IFCDIRECTION((0.,0.,1.));
#17492=IFCCARTESIANTRANSFORMATIONOPERATOR3D(#17489,#17490,#17488,1.,#17491);
#17493=IFCMAPPEDITEM(#7959,#17492);
#17494=IFCSHAPEREPRESENTATION(#11,'Body','MappedRepresentation',(#17493));
#17495=IFCPRODUCTDEFINITIONSHAPE($,$,(#17494,#17502));
#17496=IFCCARTESIANPOINT((0.,0.,0.));
#17497=IFCDIRECTION((1.,0.,0.));
#17498=IFCDIRECTION((0.,1.,0.));
#17499=IFCDIRECTION((0.,0.,1.));
#17500=IFCCARTESIANTRANSFORMATIONOPERATOR3D(#17497,#17498,#17496,1.,#17499);
#17501=IFCMAPPEDITEM(#7987,#17500);
#17502=IFCSHAPEREPRESENTATION(#13,'Box','MappedRepresentation',(#17501));
#17508=IFCCARTESIANPOINT((0.44933366775512695,1.7281694412231445,0.10154247283935547));
#17509=IFCDIRECTION((0.,0.,1.));
#17510=IFCDIRECTION((1.,0.,0.));
#17511=IFCAXIS2PLACEMENT3D(#17508,#17509,#17510);
#17512=IFCLOCALPLACEMENT(#17462,#17511);
#17530=IFCBUILDINGSTOREY('0aiO5MAfPC_9_0geTnvTIn',$,'ROOF',$,$,#17584,$,$,$,$);
#17547=IFCSLAB('3R0NSnkIT36B4o3vAND4k7',$,'Slab',$,$,$,$,$,$);
#17548=IFCRELCONTAINEDINSPATIALSTRUCTURE('16m55ongr0ZPSwHFWB6faa',$,$,$,(#17607,#17547,#17585),#17530);
#17549=IFCMATERIALLAYERSETUSAGE(#3431,.AXIS3.,.POSITIVE.,0.,$);
#17550=IFCRELASSOCIATESMATERIAL('0cOFwuQZHBeAtcC_oDv1a4',$,$,$,(#17547),#17549);
#17575=IFCCARTESIANPOINT((-3.2921898365020752,5.5503935813903809,-6.));
#17576=IFCDIRECTION((0.,0.,1.));
#17577=IFCDIRECTION((1.,0.,0.));
#17578=IFCAXIS2PLACEMENT3D(#17575,#17576,#17577);
#17579=IFCLOCALPLACEMENT(#17584,#17578);
#17580=IFCCARTESIANPOINT((0.,0.,6.));
#17581=IFCDIRECTION((0.,0.,1.));
#17582=IFCDIRECTION((1.,0.,0.));
#17583=IFCAXIS2PLACEMENT3D(#17580,#17581,#17582);
#17584=IFCLOCALPLACEMENT(#56,#17583);
#17585=IFCSLAB('3$fNy77qf78PMCr$4ahsrO',$,'Slab',$,$,#17592,#17599,$,$);
#17586=IFCMATERIALLAYERSETUSAGE(#3431,.AXIS3.,.POSITIVE.,-0.10000000149011612,$);
#17587=IFCRELASSOCIATESMATERIAL('0gd4EsGrj40B4kS$Fa31zW',$,$,$,(#17585),#17586);
#17588=IFCCARTESIANPOINT((-3.2921900749206543,5.5503935813903809,0.));
#17589=IFCDIRECTION((0.,0.,1.));
#17590=IFCDIRECTION((1.,0.,0.));
#17591=IFCAXIS2PLACEMENT3D(#17588,#17589,#17590);
#17592=IFCLOCALPLACEMENT(#17584,#17591);
#17593=IFCCARTESIANPOINTLIST2D(((0.,0.),(-0.0099987983703613281,-7.1700015068054199),(3.5500009059906006,-7.1720309257507324),(3.5500013828277588,-7.7500009536743164),(5.1188960075378418,-7.7447128295898438),(5.1200013160705566,-8.6600008010864258),(7.5100007057189941,-8.6600008010864258),(7.5100016593933105,0.96999979019165039),(3.5,0.96999931335449219),(3.501215934753418,-0.0058178901672363281),(0.,0.)));
#17594=IFCINDEXEDPOLYCURVE(#17593,$,$);
#17595=IFCDIRECTION((0.,0.,1.));
#17596=IFCARBITRARYCLOSEDPROFILEDEF(.AREA.,$,#17594);
#17597=IFCEXTRUDEDAREASOLID(#17596,#17606,#17595,0.10000000000000001);
#17598=IFCSHAPEREPRESENTATION(#11,'Body','SweptSolid',(#17597));
#17599=IFCPRODUCTDEFINITIONSHAPE($,$,(#17598));
#17600=IFCPROPERTYSET('3r6lFumbP1Vwvnj7x7XXt$',$,'EPset_Parametric',$,(#17602));
#17601=IFCRELDEFINESBYPROPERTIES('0q4NmlsiLEKAS3wuK_p4px',$,$,$,(#17585),#17600);
#17602=IFCPROPERTYSINGLEVALUE('Engine',$,IFCLABEL('Bonsai.DumbLayer3'),$);
#17603=IFCCARTESIANPOINT((-0.,-0.,-0.10000000149011612));
#17604=IFCDIRECTION((0.,0.,1.));
#17605=IFCDIRECTION((1.,0.,0.));
#17606=IFCAXIS2PLACEMENT3D(#17603,#17604,#17605);
#17607=IFCROOF('39OCAVgUX0FxkHa8TVYoso',$,'Roof',$,$,#17632,#17615,$,$);
#17608=IFCCARTESIANPOINT((0.,0.,0.));
#17609=IFCDIRECTION((1.,0.,0.));
#17610=IFCDIRECTION((0.,1.,0.));
#17611=IFCDIRECTION((0.,0.,1.));
#17612=IFCCARTESIANTRANSFORMATIONOPERATOR3D(#17609,#17610,#17608,1.,#17611);
#17613=IFCMAPPEDITEM(#7959,#17612);
#17614=IFCSHAPEREPRESENTATION(#11,'Body','MappedRepresentation',(#17613));
#17615=IFCPRODUCTDEFINITIONSHAPE($,$,(#17614,#17622));
#17616=IFCCARTESIANPOINT((0.,0.,0.));
#17617=IFCDIRECTION((1.,0.,0.));
#17618=IFCDIRECTION((0.,1.,0.));
#17619=IFCDIRECTION((0.,0.,1.));
#17620=IFCCARTESIANTRANSFORMATIONOPERATOR3D(#17617,#17618,#17616,1.,#17619);
#17621=IFCMAPPEDITEM(#7987,#17620);
#17622=IFCSHAPEREPRESENTATION(#13,'Box','MappedRepresentation',(#17621));
#17628=IFCCARTESIANPOINT((0.6751255989074707,1.7103183269500732,0.10154247283935547));
#17629=IFCDIRECTION((0.,0.,1.));
#17630=IFCDIRECTION((1.,0.,0.));
#17631=IFCAXIS2PLACEMENT3D(#17628,#17629,#17630);
#17632=IFCLOCALPLACEMENT(#17584,#17631);
ENDSEC;
END-ISO-10303-21;
